Código do colaborador,Data de Admissão,Data de desligamento,Ano-mês de referência,Equipe
HBRP,2025-06-09,,2025-07,Equipe 17
HBRP,2025-06-09,,2025-08,Equipe 17
HBRP,2025-06-09,,2025-09,Equipe 17
HBRP,2025-06-09,,2025-10,Equipe 17
HBRP,2025-06-09,,2025-11,Equipe 17
HBRP,2025-06-09,,2025-12,Equipe 17
OIG8,2025-06-13,,2025-07,Equipe 11
OIG8,2025-06-13,,2025-08,Equipe 11
OIG8,2025-06-13,,2025-09,Equipe 11
OIG8,2025-06-13,,2025-10,Equipe 11
OIG8,2025-06-13,,2025-11,Equipe 14
OIG8,2025-06-13,,2025-12,Equipe 14
FNO6,2025-11-28,,2025-12,Equipe 11
B9M8,2025-02-13,,2025-03,Equipe 10
B9M8,2025-02-13,,2025-04,Equipe 10
B9M8,2025-02-13,,2025-05,Equipe 10
B9M8,2025-02-13,,2025-06,Equipe 10
B9M8,2025-02-13,,2025-07,Equipe 10
B9M8,2025-02-13,,2025-08,Equipe 10
B9M8,2025-02-13,,2025-09,Equipe 10
B9M8,2025-02-13,,2025-10,Equipe 10
B9M8,2025-02-13,,2025-11,Equipe 10
B9M8,2025-02-13,,2025-12,Equipe 10
0O2R,2025-08-02,,2025-09,Equipe 7
0O2R,2025-08-02,,2025-10,Equipe 7
0O2R,2025-08-02,,2025-11,Equipe 7
0O2R,2025-08-02,,2025-12,Equipe 7
AK1V,2025-02-16,,2025-03,Equipe 14
AK1V,2025-02-16,,2025-04,Equipe 14
AK1V,2025-02-16,,2025-05,Equipe 14
AK1V,2025-02-16,,2025-06,Equipe 12
AK1V,2025-02-16,,2025-07,Equipe 12
AK1V,2025-02-16,,2025-08,Equipe 12
AK1V,2025-02-16,,2025-09,Equipe 12
AK1V,2025-02-16,,2025-10,Equipe 12
AK1V,2025-02-16,,2025-11,Equipe 12
AK1V,2025-02-16,,2025-12,Equipe 12
RJNV,2025-10-28,,2025-11,Equipe 19
RJNV,2025-10-28,,2025-12,Equipe 19
GFYG,2025-01-08,,2025-02,Equipe 6
GFYG,2025-01-08,,2025-03,Equipe 6
GFYG,2025-01-08,,2025-04,Equipe 6
GFYG,2025-01-08,,2025-05,Equipe 6
GFYG,2025-01-08,,2025-06,Equipe 6
GFYG,2025-01-08,,2025-07,Equipe 6
GFYG,2025-01-08,,2025-08,Equipe 6
GFYG,2025-01-08,,2025-09,Equipe 6
GFYG,2025-01-08,,2025-10,Equipe 6
GFYG,2025-01-08,,2025-11,Equipe 6
GFYG,2025-01-08,,2025-12,Equipe 6
38HY,2025-09-19,,2025-10,Equipe 17
38HY,2025-09-19,,2025-11,Equipe 17
38HY,2025-09-19,,2025-12,Equipe 17
F9SX,2025-06-01,,2025-06,Equipe 14
F9SX,2025-06-01,,2025-07,Equipe 14
F9SX,2025-06-01,,2025-08,Equipe 14
F9SX,2025-06-01,,2025-09,Equipe 14
F9SX,2025-06-01,,2025-10,Equipe 14
F9SX,2025-06-01,,2025-11,Equipe 14
F9SX,2025-06-01,,2025-12,Equipe 14
MECO,2025-03-25,,2025-04,Equipe 8
MECO,2025-03-25,,2025-05,Equipe 8
MECO,2025-03-25,,2025-06,Equipe 8
MECO,2025-03-25,,2025-07,Equipe 8
MECO,2025-03-25,,2025-08,Equipe 8
MECO,2025-03-25,,2025-09,Equipe 8
MECO,2025-03-25,,2025-10,Equipe 8
MECO,2025-03-25,,2025-11,Equipe 8
MECO,2025-03-25,,2025-12,Equipe 7
SFOG,2025-02-10,2025-05-19,2025-03,Equipe 20
SFOG,2025-02-10,2025-05-19,2025-04,Equipe 20
SFOG,2025-02-10,2025-05-19,2025-05,Equipe 20
YR3X,2025-11-18,,2025-12,Equipe 20
REK8,2025-07-08,,2025-08,Equipe 12
REK8,2025-07-08,,2025-09,Equipe 12
REK8,2025-07-08,,2025-10,Equipe 12
REK8,2025-07-08,,2025-11,Equipe 12
REK8,2025-07-08,,2025-12,Equipe 12
PK3Y,2025-10-25,,2025-11,Equipe 19
PK3Y,2025-10-25,,2025-12,Equipe 19
R9OU,2025-07-25,,2025-08,Equipe 9
R9OU,2025-07-25,,2025-09,Equipe 9
R9OU,2025-07-25,,2025-10,Equipe 9
R9OU,2025-07-25,,2025-11,Equipe 9
R9OU,2025-07-25,,2025-12,Equipe 9
DOCU,2025-08-16,,2025-09,Equipe 17
DOCU,2025-08-16,,2025-10,Equipe 2
DOCU,2025-08-16,,2025-11,Equipe 2
DOCU,2025-08-16,,2025-12,Equipe 2
ZREN,2025-07-14,2025-11-22,2025-08,Equipe 7
ZREN,2025-07-14,2025-11-22,2025-09,Equipe 7
ZREN,2025-07-14,2025-11-22,2025-10,Equipe 7
ZREN,2025-07-14,2025-11-22,2025-11,Equipe 7
UN5Z,2025-02-25,,2025-03,Equipe 20
UN5Z,2025-02-25,,2025-04,Equipe 15
UN5Z,2025-02-25,,2025-05,Equipe 15
UN5Z,2025-02-25,,2025-06,Equipe 15
UN5Z,2025-02-25,,2025-07,Equipe 15
UN5Z,2025-02-25,,2025-08,Equipe 15
UN5Z,2025-02-25,,2025-09,Equipe 15
UN5Z,2025-02-25,,2025-10,Equipe 15
UN5Z,2025-02-25,,2025-11,Equipe 15
UN5Z,2025-02-25,,2025-12,Equipe 15
1ZXO,2025-02-01,,2025-02,Equipe 12
1ZXO,2025-02-01,,2025-03,Equipe 12
1ZXO,2025-02-01,,2025-04,Equipe 12
1ZXO,2025-02-01,,2025-05,Equipe 12
1ZXO,2025-02-01,,2025-06,Equipe 12
1ZXO,2025-02-01,,2025-07,Equipe 12
1ZXO,2025-02-01,,2025-08,Equipe 12
1ZXO,2025-02-01,,2025-09,Equipe 12
1ZXO,2025-02-01,,2025-10,Equipe 12
1ZXO,2025-02-01,,2025-11,Equipe 12
1ZXO,2025-02-01,,2025-12,Equipe 12
I65F,2025-06-25,,2025-07,Equipe 4
I65F,2025-06-25,,2025-08,Equipe 4
I65F,2025-06-25,,2025-09,Equipe 4
I65F,2025-06-25,,2025-10,Equipe 4
I65F,2025-06-25,,2025-11,Equipe 4
I65F,2025-06-25,,2025-12,Equipe 4
DHJK,2025-02-06,,2025-03,Equipe 13
DHJK,2025-02-06,,2025-04,Equipe 13
DHJK,2025-02-06,,2025-05,Equipe 13
DHJK,2025-02-06,,2025-06,Equipe 3
DHJK,2025-02-06,,2025-07,Equipe 3
DHJK,2025-02-06,,2025-08,Equipe 3
DHJK,2025-02-06,,2025-09,Equipe 3
DHJK,2025-02-06,,2025-10,Equipe 3
DHJK,2025-02-06,,2025-11,Equipe 3
DHJK,2025-02-06,,2025-12,Equipe 3
1EYY,2025-09-17,,2025-10,Equipe 7
1EYY,2025-09-17,,2025-11,Equipe 7
1EYY,2025-09-17,,2025-12,Equipe 7
37Q9,2025-02-12,,2025-03,Equipe 1
37Q9,2025-02-12,,2025-04,Equipe 1
37Q9,2025-02-12,,2025-05,Equipe 1
37Q9,2025-02-12,,2025-06,Equipe 1
37Q9,2025-02-12,,2025-07,Equipe 1
37Q9,2025-02-12,,2025-08,Equipe 1
37Q9,2025-02-12,,2025-09,Equipe 1
37Q9,2025-02-12,,2025-10,Equipe 1
37Q9,2025-02-12,,2025-11,Equipe 1
37Q9,2025-02-12,,2025-12,Equipe 1
AH8R,2025-10-26,,2025-11,Equipe 9
AH8R,2025-10-26,,2025-12,Equipe 9
VHS1,2025-01-10,,2025-02,Equipe 12
VHS1,2025-01-10,,2025-03,Equipe 12
VHS1,2025-01-10,,2025-04,Equipe 12
VHS1,2025-01-10,,2025-05,Equipe 12
VHS1,2025-01-10,,2025-06,Equipe 12
VHS1,2025-01-10,,2025-07,Equipe 12
VHS1,2025-01-10,,2025-08,Equipe 12
VHS1,2025-01-10,,2025-09,Equipe 12
VHS1,2025-01-10,,2025-10,Equipe 12
VHS1,2025-01-10,,2025-11,Equipe 12
VHS1,2025-01-10,,2025-12,Equipe 12
6L6G,2025-10-17,2025-11-06,2025-11,Equipe 16
T6MJ,2025-05-10,,2025-06,Equipe 13
T6MJ,2025-05-10,,2025-07,Equipe 13
T6MJ,2025-05-10,,2025-08,Equipe 13
T6MJ,2025-05-10,,2025-09,Equipe 13
T6MJ,2025-05-10,,2025-10,Equipe 13
T6MJ,2025-05-10,,2025-11,Equipe 13
T6MJ,2025-05-10,,2025-12,Equipe 13
XK87,2025-02-06,,2025-03,Equipe 13
XK87,2025-02-06,,2025-04,Equipe 13
XK87,2025-02-06,,2025-05,Equipe 13
XK87,2025-02-06,,2025-06,Equipe 13
XK87,2025-02-06,,2025-07,Equipe 13
XK87,2025-02-06,,2025-08,Equipe 13
XK87,2025-02-06,,2025-09,Equipe 13
XK87,2025-02-06,,2025-10,Equipe 13
XK87,2025-02-06,,2025-11,Equipe 13
XK87,2025-02-06,,2025-12,Equipe 13
AU5B,2025-05-16,,2025-06,Equipe 3
AU5B,2025-05-16,,2025-07,Equipe 3
AU5B,2025-05-16,,2025-08,Equipe 3
AU5B,2025-05-16,,2025-09,Equipe 3
AU5B,2025-05-16,,2025-10,Equipe 3
AU5B,2025-05-16,,2025-11,Equipe 3
AU5B,2025-05-16,,2025-12,Equipe 3
HXTP,2025-05-08,,2025-06,Equipe 2
HXTP,2025-05-08,,2025-07,Equipe 2
HXTP,2025-05-08,,2025-08,Equipe 2
HXTP,2025-05-08,,2025-09,Equipe 2
HXTP,2025-05-08,,2025-10,Equipe 2
HXTP,2025-05-08,,2025-11,Equipe 2
HXTP,2025-05-08,,2025-12,Equipe 2
5E8I,2025-01-13,,2025-02,Equipe 18
5E8I,2025-01-13,,2025-03,Equipe 18
5E8I,2025-01-13,,2025-04,Equipe 18
5E8I,2025-01-13,,2025-05,Equipe 18
5E8I,2025-01-13,,2025-06,Equipe 18
5E8I,2025-01-13,,2025-07,Equipe 18
5E8I,2025-01-13,,2025-08,Equipe 18
5E8I,2025-01-13,,2025-09,Equipe 18
5E8I,2025-01-13,,2025-10,Equipe 18
5E8I,2025-01-13,,2025-11,Equipe 18
5E8I,2025-01-13,,2025-12,Equipe 18
I49K,2025-07-26,,2025-08,Equipe 9
I49K,2025-07-26,,2025-09,Equipe 9
I49K,2025-07-26,,2025-10,Equipe 9
I49K,2025-07-26,,2025-11,Equipe 9
I49K,2025-07-26,,2025-12,Equipe 9
Q71N,2025-06-14,,2025-07,Equipe 4
Q71N,2025-06-14,,2025-08,Equipe 4
Q71N,2025-06-14,,2025-09,Equipe 4
Q71N,2025-06-14,,2025-10,Equipe 4
Q71N,2025-06-14,,2025-11,Equipe 4
Q71N,2025-06-14,,2025-12,Equipe 2
8MTZ,2025-03-10,,2025-04,Equipe 9
8MTZ,2025-03-10,,2025-05,Equipe 9
8MTZ,2025-03-10,,2025-06,Equipe 9
8MTZ,2025-03-10,,2025-07,Equipe 9
8MTZ,2025-03-10,,2025-08,Equipe 9
8MTZ,2025-03-10,,2025-09,Equipe 9
8MTZ,2025-03-10,,2025-10,Equipe 9
8MTZ,2025-03-10,,2025-11,Equipe 9
8MTZ,2025-03-10,,2025-12,Equipe 9
X272,2025-08-11,2025-11-11,2025-09,Equipe 15
X272,2025-08-11,2025-11-11,2025-10,Equipe 15
X272,2025-08-11,2025-11-11,2025-11,Equipe 15
VB9O,2025-04-11,,2025-05,Equipe 8
VB9O,2025-04-11,,2025-06,Equipe 8
VB9O,2025-04-11,,2025-07,Equipe 8
VB9O,2025-04-11,,2025-08,Equipe 8
VB9O,2025-04-11,,2025-09,Equipe 8
VB9O,2025-04-11,,2025-10,Equipe 8
VB9O,2025-04-11,,2025-11,Equipe 8
VB9O,2025-04-11,,2025-12,Equipe 8
OAED,2025-06-04,,2025-07,Equipe 20
OAED,2025-06-04,,2025-08,Equipe 20
OAED,2025-06-04,,2025-09,Equipe 20
OAED,2025-06-04,,2025-10,Equipe 20
OAED,2025-06-04,,2025-11,Equipe 13
OAED,2025-06-04,,2025-12,Equipe 13
OECV,2025-10-18,2025-12-01,2025-11,Equipe 15
OECV,2025-10-18,2025-12-01,2025-12,Equipe 5
4P40,2025-11-16,2025-12-08,2025-12,Equipe 3
MGG1,2025-11-05,,2025-12,Equipe 17
W103,2025-02-15,,2025-03,Equipe 3
W103,2025-02-15,,2025-04,Equipe 3
W103,2025-02-15,,2025-05,Equipe 3
W103,2025-02-15,,2025-06,Equipe 3
W103,2025-02-15,,2025-07,Equipe 3
W103,2025-02-15,,2025-08,Equipe 3
W103,2025-02-15,,2025-09,Equipe 3
W103,2025-02-15,,2025-10,Equipe 3
W103,2025-02-15,,2025-11,Equipe 3
W103,2025-02-15,,2025-12,Equipe 3
DGDZ,2025-10-13,,2025-11,Equipe 5
DGDZ,2025-10-13,,2025-12,Equipe 5
VGPM,2025-09-02,,2025-10,Equipe 3
VGPM,2025-09-02,,2025-11,Equipe 3
VGPM,2025-09-02,,2025-12,Equipe 3
1LR3,2025-02-25,,2025-03,Equipe 11
1LR3,2025-02-25,,2025-04,Equipe 11
1LR3,2025-02-25,,2025-05,Equipe 11
1LR3,2025-02-25,,2025-06,Equipe 11
1LR3,2025-02-25,,2025-07,Equipe 11
1LR3,2025-02-25,,2025-08,Equipe 11
1LR3,2025-02-25,,2025-09,Equipe 11
1LR3,2025-02-25,,2025-10,Equipe 11
1LR3,2025-02-25,,2025-11,Equipe 11
1LR3,2025-02-25,,2025-12,Equipe 11
PE29,2025-03-21,,2025-04,Equipe 2
PE29,2025-03-21,,2025-05,Equipe 2
PE29,2025-03-21,,2025-06,Equipe 2
PE29,2025-03-21,,2025-07,Equipe 2
PE29,2025-03-21,,2025-08,Equipe 2
PE29,2025-03-21,,2025-09,Equipe 2
PE29,2025-03-21,,2025-10,Equipe 2
PE29,2025-03-21,,2025-11,Equipe 2
PE29,2025-03-21,,2025-12,Equipe 2
GD8A,2025-11-22,,2025-12,Equipe 12
FPK0,2025-07-04,2025-09-08,2025-08,Equipe 19
FPK0,2025-07-04,2025-09-08,2025-09,Equipe 19
DKYA,2025-04-15,,2025-05,Equipe 8
DKYA,2025-04-15,,2025-06,Equipe 11
DKYA,2025-04-15,,2025-07,Equipe 11
DKYA,2025-04-15,,2025-08,Equipe 11
DKYA,2025-04-15,,2025-09,Equipe 11
DKYA,2025-04-15,,2025-10,Equipe 11
DKYA,2025-04-15,,2025-11,Equipe 11
DKYA,2025-04-15,,2025-12,Equipe 11
YQ3S,2025-11-19,,2025-12,Equipe 4
195J,2025-06-01,,2025-06,Equipe 13
195J,2025-06-01,,2025-07,Equipe 13
195J,2025-06-01,,2025-08,Equipe 13
195J,2025-06-01,,2025-09,Equipe 13
195J,2025-06-01,,2025-10,Equipe 13
195J,2025-06-01,,2025-11,Equipe 13
195J,2025-06-01,,2025-12,Equipe 13
MSND,2025-07-03,2025-12-05,2025-08,Equipe 18
MSND,2025-07-03,2025-12-05,2025-09,Equipe 18
MSND,2025-07-03,2025-12-05,2025-10,Equipe 18
MSND,2025-07-03,2025-12-05,2025-11,Equipe 18
MSND,2025-07-03,2025-12-05,2025-12,Equipe 18
8DUD,2025-05-11,,2025-06,Equipe 2
8DUD,2025-05-11,,2025-07,Equipe 2
8DUD,2025-05-11,,2025-08,Equipe 2
8DUD,2025-05-11,,2025-09,Equipe 2
8DUD,2025-05-11,,2025-10,Equipe 2
8DUD,2025-05-11,,2025-11,Equipe 2
8DUD,2025-05-11,,2025-12,Equipe 4
D467,2025-09-16,,2025-10,Equipe 15
D467,2025-09-16,,2025-11,Equipe 15
D467,2025-09-16,,2025-12,Equipe 15
KD6F,2025-08-24,,2025-09,Equipe 12
KD6F,2025-08-24,,2025-10,Equipe 12
KD6F,2025-08-24,,2025-11,Equipe 12
KD6F,2025-08-24,,2025-12,Equipe 12
LEEP,2025-02-10,2025-03-01,2025-03,Equipe 19
ZHPC,2025-11-04,,2025-12,Equipe 19
QNUP,2025-03-11,,2025-04,Equipe 7
QNUP,2025-03-11,,2025-05,Equipe 7
QNUP,2025-03-11,,2025-06,Equipe 7
QNUP,2025-03-11,,2025-07,Equipe 7
QNUP,2025-03-11,,2025-08,Equipe 7
QNUP,2025-03-11,,2025-09,Equipe 7
QNUP,2025-03-11,,2025-10,Equipe 7
QNUP,2025-03-11,,2025-11,Equipe 7
QNUP,2025-03-11,,2025-12,Equipe 7
QZIT,2025-04-26,,2025-05,Equipe 4
QZIT,2025-04-26,,2025-06,Equipe 4
QZIT,2025-04-26,,2025-07,Equipe 17
QZIT,2025-04-26,,2025-08,Equipe 17
QZIT,2025-04-26,,2025-09,Equipe 17
QZIT,2025-04-26,,2025-10,Equipe 17
QZIT,2025-04-26,,2025-11,Equipe 17
QZIT,2025-04-26,,2025-12,Equipe 17
3UEA,2025-03-21,,2025-04,Equipe 14
3UEA,2025-03-21,,2025-05,Equipe 14
3UEA,2025-03-21,,2025-06,Equipe 14
3UEA,2025-03-21,,2025-07,Equipe 14
3UEA,2025-03-21,,2025-08,Equipe 14
3UEA,2025-03-21,,2025-09,Equipe 14
3UEA,2025-03-21,,2025-10,Equipe 14
3UEA,2025-03-21,,2025-11,Equipe 14
3UEA,2025-03-21,,2025-12,Equipe 14
3GE8,2025-01-24,,2025-02,Equipe 20
3GE8,2025-01-24,,2025-03,Equipe 20
3GE8,2025-01-24,,2025-04,Equipe 20
3GE8,2025-01-24,,2025-05,Equipe 20
3GE8,2025-01-24,,2025-06,Equipe 20
3GE8,2025-01-24,,2025-07,Equipe 20
3GE8,2025-01-24,,2025-08,Equipe 20
3GE8,2025-01-24,,2025-09,Equipe 20
3GE8,2025-01-24,,2025-10,Equipe 20
3GE8,2025-01-24,,2025-11,Equipe 20
3GE8,2025-01-24,,2025-12,Equipe 20
N6QI,2025-08-19,,2025-09,Equipe 15
N6QI,2025-08-19,,2025-10,Equipe 15
N6QI,2025-08-19,,2025-11,Equipe 20
N6QI,2025-08-19,,2025-12,Equipe 20
SK28,2025-10-04,,2025-11,Equipe 11
SK28,2025-10-04,,2025-12,Equipe 11
T7A9,2025-03-12,,2025-04,Equipe 7
T7A9,2025-03-12,,2025-05,Equipe 7
T7A9,2025-03-12,,2025-06,Equipe 7
T7A9,2025-03-12,,2025-07,Equipe 7
T7A9,2025-03-12,,2025-08,Equipe 7
T7A9,2025-03-12,,2025-09,Equipe 7
T7A9,2025-03-12,,2025-10,Equipe 7
T7A9,2025-03-12,,2025-11,Equipe 7
T7A9,2025-03-12,,2025-12,Equipe 7
TGIQ,2025-02-09,,2025-03,Equipe 4
TGIQ,2025-02-09,,2025-04,Equipe 4
TGIQ,2025-02-09,,2025-05,Equipe 4
TGIQ,2025-02-09,,2025-06,Equipe 4
TGIQ,2025-02-09,,2025-07,Equipe 4
TGIQ,2025-02-09,,2025-08,Equipe 4
TGIQ,2025-02-09,,2025-09,Equipe 4
TGIQ,2025-02-09,,2025-10,Equipe 4
TGIQ,2025-02-09,,2025-11,Equipe 6
TGIQ,2025-02-09,,2025-12,Equipe 6
HG9J,2025-09-21,,2025-10,Equipe 5
HG9J,2025-09-21,,2025-11,Equipe 2
HG9J,2025-09-21,,2025-12,Equipe 2
RSNV,2025-10-13,,2025-11,Equipe 20
RSNV,2025-10-13,,2025-12,Equipe 20
NQ65,2025-06-28,,2025-07,Equipe 2
NQ65,2025-06-28,,2025-08,Equipe 2
NQ65,2025-06-28,,2025-09,Equipe 2
NQ65,2025-06-28,,2025-10,Equipe 2
NQ65,2025-06-28,,2025-11,Equipe 2
NQ65,2025-06-28,,2025-12,Equipe 2
QDF1,2025-11-23,,2025-12,Equipe 14
RCAV,2025-10-03,,2025-11,Equipe 9
RCAV,2025-10-03,,2025-12,Equipe 9
IQK2,2025-02-08,,2025-03,Equipe 19
IQK2,2025-02-08,,2025-04,Equipe 19
IQK2,2025-02-08,,2025-05,Equipe 19
IQK2,2025-02-08,,2025-06,Equipe 19
IQK2,2025-02-08,,2025-07,Equipe 19
IQK2,2025-02-08,,2025-08,Equipe 19
IQK2,2025-02-08,,2025-09,Equipe 19
IQK2,2025-02-08,,2025-10,Equipe 19
IQK2,2025-02-08,,2025-11,Equipe 19
IQK2,2025-02-08,,2025-12,Equipe 19
919A,2025-06-23,2025-09-14,2025-07,Equipe 14
919A,2025-06-23,2025-09-14,2025-08,Equipe 14
919A,2025-06-23,2025-09-14,2025-09,Equipe 14
HEJ8,2025-03-19,,2025-04,Equipe 9
HEJ8,2025-03-19,,2025-05,Equipe 9
HEJ8,2025-03-19,,2025-06,Equipe 9
HEJ8,2025-03-19,,2025-07,Equipe 9
HEJ8,2025-03-19,,2025-08,Equipe 9
HEJ8,2025-03-19,,2025-09,Equipe 9
HEJ8,2025-03-19,,2025-10,Equipe 9
HEJ8,2025-03-19,,2025-11,Equipe 9
HEJ8,2025-03-19,,2025-12,Equipe 9
CX9J,2025-08-21,,2025-09,Equipe 14
CX9J,2025-08-21,,2025-10,Equipe 14
CX9J,2025-08-21,,2025-11,Equipe 14
CX9J,2025-08-21,,2025-12,Equipe 14
1ICT,2025-09-06,,2025-10,Equipe 14
1ICT,2025-09-06,,2025-11,Equipe 14
1ICT,2025-09-06,,2025-12,Equipe 14
XCWN,2025-03-11,,2025-04,Equipe 13
XCWN,2025-03-11,,2025-05,Equipe 13
XCWN,2025-03-11,,2025-06,Equipe 13
XCWN,2025-03-11,,2025-07,Equipe 11
XCWN,2025-03-11,,2025-08,Equipe 11
XCWN,2025-03-11,,2025-09,Equipe 11
XCWN,2025-03-11,,2025-10,Equipe 11
XCWN,2025-03-11,,2025-11,Equipe 11
XCWN,2025-03-11,,2025-12,Equipe 11
PGW9,2025-01-28,,2025-02,Equipe 9
PGW9,2025-01-28,,2025-03,Equipe 9
PGW9,2025-01-28,,2025-04,Equipe 9
PGW9,2025-01-28,,2025-05,Equipe 9
PGW9,2025-01-28,,2025-06,Equipe 9
PGW9,2025-01-28,,2025-07,Equipe 9
PGW9,2025-01-28,,2025-08,Equipe 9
PGW9,2025-01-28,,2025-09,Equipe 9
PGW9,2025-01-28,,2025-10,Equipe 9
PGW9,2025-01-28,,2025-11,Equipe 9
PGW9,2025-01-28,,2025-12,Equipe 9
0JPK,2025-08-05,2025-11-18,2025-09,Equipe 1
0JPK,2025-08-05,2025-11-18,2025-10,Equipe 1
0JPK,2025-08-05,2025-11-18,2025-11,Equipe 1
L0BL,2025-11-16,,2025-12,Equipe 6
V0PR,2025-07-23,,2025-08,Equipe 5
V0PR,2025-07-23,,2025-09,Equipe 5
V0PR,2025-07-23,,2025-10,Equipe 5
V0PR,2025-07-23,,2025-11,Equipe 5
V0PR,2025-07-23,,2025-12,Equipe 5
KGYC,2025-03-03,,2025-04,Equipe 5
KGYC,2025-03-03,,2025-05,Equipe 5
KGYC,2025-03-03,,2025-06,Equipe 5
KGYC,2025-03-03,,2025-07,Equipe 5
KGYC,2025-03-03,,2025-08,Equipe 5
KGYC,2025-03-03,,2025-09,Equipe 5
KGYC,2025-03-03,,2025-10,Equipe 5
KGYC,2025-03-03,,2025-11,Equipe 5
KGYC,2025-03-03,,2025-12,Equipe 5
4OM3,2025-05-02,,2025-06,Equipe 16
4OM3,2025-05-02,,2025-07,Equipe 16
4OM3,2025-05-02,,2025-08,Equipe 16
4OM3,2025-05-02,,2025-09,Equipe 16
4OM3,2025-05-02,,2025-10,Equipe 16
4OM3,2025-05-02,,2025-11,Equipe 16
4OM3,2025-05-02,,2025-12,Equipe 16
WTOO,2025-05-06,,2025-06,Equipe 7
WTOO,2025-05-06,,2025-07,Equipe 7
WTOO,2025-05-06,,2025-08,Equipe 10
WTOO,2025-05-06,,2025-09,Equipe 10
WTOO,2025-05-06,,2025-10,Equipe 10
WTOO,2025-05-06,,2025-11,Equipe 10
WTOO,2025-05-06,,2025-12,Equipe 10
RERW,2025-09-04,,2025-10,Equipe 7
RERW,2025-09-04,,2025-11,Equipe 7
RERW,2025-09-04,,2025-12,Equipe 7
6Z8V,2025-09-27,,2025-10,Equipe 17
6Z8V,2025-09-27,,2025-11,Equipe 17
6Z8V,2025-09-27,,2025-12,Equipe 17
BHQL,2025-01-25,,2025-02,Equipe 7
BHQL,2025-01-25,,2025-03,Equipe 7
BHQL,2025-01-25,,2025-04,Equipe 7
BHQL,2025-01-25,,2025-05,Equipe 7
BHQL,2025-01-25,,2025-06,Equipe 7
BHQL,2025-01-25,,2025-07,Equipe 7
BHQL,2025-01-25,,2025-08,Equipe 7
BHQL,2025-01-25,,2025-09,Equipe 7
BHQL,2025-01-25,,2025-10,Equipe 7
BHQL,2025-01-25,,2025-11,Equipe 7
BHQL,2025-01-25,,2025-12,Equipe 7
QCG1,2025-04-14,2025-07-10,2025-05,Equipe 7
QCG1,2025-04-14,2025-07-10,2025-06,Equipe 7
QCG1,2025-04-14,2025-07-10,2025-07,Equipe 7
WU16,2025-08-09,,2025-09,Equipe 10
WU16,2025-08-09,,2025-10,Equipe 10
WU16,2025-08-09,,2025-11,Equipe 10
WU16,2025-08-09,,2025-12,Equipe 10
HYMQ,2025-08-28,,2025-09,Equipe 11
HYMQ,2025-08-28,,2025-10,Equipe 11
HYMQ,2025-08-28,,2025-11,Equipe 11
HYMQ,2025-08-28,,2025-12,Equipe 11
C1A7,2025-04-26,,2025-05,Equipe 16
C1A7,2025-04-26,,2025-06,Equipe 8
C1A7,2025-04-26,,2025-07,Equipe 8
C1A7,2025-04-26,,2025-08,Equipe 8
C1A7,2025-04-26,,2025-09,Equipe 8
C1A7,2025-04-26,,2025-10,Equipe 8
C1A7,2025-04-26,,2025-11,Equipe 8
C1A7,2025-04-26,,2025-12,Equipe 8
EVUH,2025-10-05,,2025-11,Equipe 14
EVUH,2025-10-05,,2025-12,Equipe 14
T6T0,2025-01-19,,2025-02,Equipe 15
T6T0,2025-01-19,,2025-03,Equipe 15
T6T0,2025-01-19,,2025-04,Equipe 15
T6T0,2025-01-19,,2025-05,Equipe 15
T6T0,2025-01-19,,2025-06,Equipe 15
T6T0,2025-01-19,,2025-07,Equipe 15
T6T0,2025-01-19,,2025-08,Equipe 15
T6T0,2025-01-19,,2025-09,Equipe 15
T6T0,2025-01-19,,2025-10,Equipe 15
T6T0,2025-01-19,,2025-11,Equipe 15
T6T0,2025-01-19,,2025-12,Equipe 15
UZS9,2025-10-18,2025-12-10,2025-11,Equipe 17
UZS9,2025-10-18,2025-12-10,2025-12,Equipe 17
IM0Y,2025-10-09,,2025-11,Equipe 18
IM0Y,2025-10-09,,2025-12,Equipe 18
LTZ9,2025-11-27,2025-12-02,2025-12,Equipe 6
ATSN,2025-11-05,,2025-12,Equipe 17
1U32,2025-04-05,,2025-05,Equipe 13
1U32,2025-04-05,,2025-06,Equipe 13
1U32,2025-04-05,,2025-07,Equipe 13
1U32,2025-04-05,,2025-08,Equipe 13
1U32,2025-04-05,,2025-09,Equipe 13
1U32,2025-04-05,,2025-10,Equipe 13
1U32,2025-04-05,,2025-11,Equipe 13
1U32,2025-04-05,,2025-12,Equipe 13
2N64,2025-11-13,,2025-12,Equipe 16
KFS6,2025-11-09,,2025-12,Equipe 8
VFPT,2025-08-03,,2025-09,Equipe 20
VFPT,2025-08-03,,2025-10,Equipe 20
VFPT,2025-08-03,,2025-11,Equipe 20
VFPT,2025-08-03,,2025-12,Equipe 20
OMJB,2025-07-17,,2025-08,Equipe 11
OMJB,2025-07-17,,2025-09,Equipe 11
OMJB,2025-07-17,,2025-10,Equipe 11
OMJB,2025-07-17,,2025-11,Equipe 11
OMJB,2025-07-17,,2025-12,Equipe 11
CP4E,2025-08-16,,2025-09,Equipe 2
CP4E,2025-08-16,,2025-10,Equipe 2
CP4E,2025-08-16,,2025-11,Equipe 2
CP4E,2025-08-16,,2025-12,Equipe 2
5ZPJ,2025-11-22,,2025-12,Equipe 4
AG1O,2025-09-13,,2025-10,Equipe 11
AG1O,2025-09-13,,2025-11,Equipe 11
AG1O,2025-09-13,,2025-12,Equipe 11
L73D,2025-04-16,,2025-05,Equipe 3
L73D,2025-04-16,,2025-06,Equipe 3
L73D,2025-04-16,,2025-07,Equipe 3
L73D,2025-04-16,,2025-08,Equipe 3
L73D,2025-04-16,,2025-09,Equipe 3
L73D,2025-04-16,,2025-10,Equipe 3
L73D,2025-04-16,,2025-11,Equipe 3
L73D,2025-04-16,,2025-12,Equipe 3
9PH3,2025-06-18,,2025-07,Equipe 18
9PH3,2025-06-18,,2025-08,Equipe 18
9PH3,2025-06-18,,2025-09,Equipe 18
9PH3,2025-06-18,,2025-10,Equipe 18
9PH3,2025-06-18,,2025-11,Equipe 18
9PH3,2025-06-18,,2025-12,Equipe 18
I379,2025-08-26,,2025-09,Equipe 8
I379,2025-08-26,,2025-10,Equipe 8
I379,2025-08-26,,2025-11,Equipe 8
I379,2025-08-26,,2025-12,Equipe 8
U261,2025-01-04,,2025-02,Equipe 10
U261,2025-01-04,,2025-03,Equipe 10
U261,2025-01-04,,2025-04,Equipe 10
U261,2025-01-04,,2025-05,Equipe 10
U261,2025-01-04,,2025-06,Equipe 10
U261,2025-01-04,,2025-07,Equipe 10
U261,2025-01-04,,2025-08,Equipe 10
U261,2025-01-04,,2025-09,Equipe 10
U261,2025-01-04,,2025-10,Equipe 10
U261,2025-01-04,,2025-11,Equipe 10
U261,2025-01-04,,2025-12,Equipe 10
92K4,2025-01-04,,2025-02,Equipe 4
92K4,2025-01-04,,2025-03,Equipe 4
92K4,2025-01-04,,2025-04,Equipe 4
92K4,2025-01-04,,2025-05,Equipe 4
92K4,2025-01-04,,2025-06,Equipe 4
92K4,2025-01-04,,2025-07,Equipe 4
92K4,2025-01-04,,2025-08,Equipe 4
92K4,2025-01-04,,2025-09,Equipe 4
92K4,2025-01-04,,2025-10,Equipe 4
92K4,2025-01-04,,2025-11,Equipe 4
92K4,2025-01-04,,2025-12,Equipe 4
2QPR,2025-08-15,2025-11-07,2025-09,Equipe 14
2QPR,2025-08-15,2025-11-07,2025-10,Equipe 14
2QPR,2025-08-15,2025-11-07,2025-11,Equipe 14
75PR,2025-11-10,2025-12-03,2025-12,Equipe 13
2ESP,2025-05-03,,2025-06,Equipe 2
2ESP,2025-05-03,,2025-07,Equipe 2
2ESP,2025-05-03,,2025-08,Equipe 2
2ESP,2025-05-03,,2025-09,Equipe 2
2ESP,2025-05-03,,2025-10,Equipe 2
2ESP,2025-05-03,,2025-11,Equipe 2
2ESP,2025-05-03,,2025-12,Equipe 2
RVU8,2025-01-13,,2025-02,Equipe 14
RVU8,2025-01-13,,2025-03,Equipe 14
RVU8,2025-01-13,,2025-04,Equipe 14
RVU8,2025-01-13,,2025-05,Equipe 14
RVU8,2025-01-13,,2025-06,Equipe 14
RVU8,2025-01-13,,2025-07,Equipe 14
RVU8,2025-01-13,,2025-08,Equipe 14
RVU8,2025-01-13,,2025-09,Equipe 14
RVU8,2025-01-13,,2025-10,Equipe 14
RVU8,2025-01-13,,2025-11,Equipe 14
RVU8,2025-01-13,,2025-12,Equipe 14
YJNE,2025-08-03,2025-09-17,2025-09,Equipe 15
00V8,2025-01-01,,2025-01,Equipe 4
00V8,2025-01-01,,2025-02,Equipe 4
00V8,2025-01-01,,2025-03,Equipe 4
00V8,2025-01-01,,2025-04,Equipe 4
00V8,2025-01-01,,2025-05,Equipe 4
00V8,2025-01-01,,2025-06,Equipe 6
00V8,2025-01-01,,2025-07,Equipe 6
00V8,2025-01-01,,2025-08,Equipe 6
00V8,2025-01-01,,2025-09,Equipe 6
00V8,2025-01-01,,2025-10,Equipe 2
00V8,2025-01-01,,2025-11,Equipe 2
00V8,2025-01-01,,2025-12,Equipe 2
0YBY,2025-02-24,,2025-03,Equipe 20
0YBY,2025-02-24,,2025-04,Equipe 20
0YBY,2025-02-24,,2025-05,Equipe 20
0YBY,2025-02-24,,2025-06,Equipe 20
0YBY,2025-02-24,,2025-07,Equipe 20
0YBY,2025-02-24,,2025-08,Equipe 20
0YBY,2025-02-24,,2025-09,Equipe 20
0YBY,2025-02-24,,2025-10,Equipe 20
0YBY,2025-02-24,,2025-11,Equipe 20
0YBY,2025-02-24,,2025-12,Equipe 20
4AWT,2025-06-12,,2025-07,Equipe 12
4AWT,2025-06-12,,2025-08,Equipe 12
4AWT,2025-06-12,,2025-09,Equipe 12
4AWT,2025-06-12,,2025-10,Equipe 12
4AWT,2025-06-12,,2025-11,Equipe 12
4AWT,2025-06-12,,2025-12,Equipe 12
Y088,2025-07-25,,2025-08,Equipe 13
Y088,2025-07-25,,2025-09,Equipe 13
Y088,2025-07-25,,2025-10,Equipe 13
Y088,2025-07-25,,2025-11,Equipe 13
Y088,2025-07-25,,2025-12,Equipe 13
15BY,2025-08-12,,2025-09,Equipe 14
15BY,2025-08-12,,2025-10,Equipe 14
15BY,2025-08-12,,2025-11,Equipe 14
15BY,2025-08-12,,2025-12,Equipe 14
VZK3,2025-07-20,,2025-08,Equipe 13
VZK3,2025-07-20,,2025-09,Equipe 13
VZK3,2025-07-20,,2025-10,Equipe 13
VZK3,2025-07-20,,2025-11,Equipe 13
VZK3,2025-07-20,,2025-12,Equipe 13
I8BZ,2025-02-04,2025-03-19,2025-03,Equipe 15
BF1I,2025-06-14,,2025-07,Equipe 20
BF1I,2025-06-14,,2025-08,Equipe 20
BF1I,2025-06-14,,2025-09,Equipe 20
BF1I,2025-06-14,,2025-10,Equipe 20
BF1I,2025-06-14,,2025-11,Equipe 20
BF1I,2025-06-14,,2025-12,Equipe 20
3LDQ,2025-04-09,,2025-05,Equipe 13
3LDQ,2025-04-09,,2025-06,Equipe 13
3LDQ,2025-04-09,,2025-07,Equipe 13
3LDQ,2025-04-09,,2025-08,Equipe 13
3LDQ,2025-04-09,,2025-09,Equipe 13
3LDQ,2025-04-09,,2025-10,Equipe 13
3LDQ,2025-04-09,,2025-11,Equipe 13
3LDQ,2025-04-09,,2025-12,Equipe 13
YUN3,2025-09-20,,2025-10,Equipe 16
YUN3,2025-09-20,,2025-11,Equipe 19
YUN3,2025-09-20,,2025-12,Equipe 19
UVYR,2025-05-25,,2025-06,Equipe 9
UVYR,2025-05-25,,2025-07,Equipe 9
UVYR,2025-05-25,,2025-08,Equipe 9
UVYR,2025-05-25,,2025-09,Equipe 9
UVYR,2025-05-25,,2025-10,Equipe 9
UVYR,2025-05-25,,2025-11,Equipe 9
UVYR,2025-05-25,,2025-12,Equipe 9
0QF4,2025-11-10,,2025-12,Equipe 1
B8DW,2025-09-07,,2025-10,Equipe 9
B8DW,2025-09-07,,2025-11,Equipe 9
B8DW,2025-09-07,,2025-12,Equipe 9
OECB,2025-11-02,,2025-12,Equipe 18
PMBJ,2025-08-13,2025-11-21,2025-09,Equipe 16
PMBJ,2025-08-13,2025-11-21,2025-10,Equipe 16
PMBJ,2025-08-13,2025-11-21,2025-11,Equipe 16
PI4H,2025-02-17,,2025-03,Equipe 9
PI4H,2025-02-17,,2025-04,Equipe 9
PI4H,2025-02-17,,2025-05,Equipe 9
PI4H,2025-02-17,,2025-06,Equipe 9
PI4H,2025-02-17,,2025-07,Equipe 9
PI4H,2025-02-17,,2025-08,Equipe 9
PI4H,2025-02-17,,2025-09,Equipe 9
PI4H,2025-02-17,,2025-10,Equipe 9
PI4H,2025-02-17,,2025-11,Equipe 9
PI4H,2025-02-17,,2025-12,Equipe 9
N3QX,2025-06-11,2025-12-27,2025-07,Equipe 1
N3QX,2025-06-11,2025-12-27,2025-08,Equipe 1
N3QX,2025-06-11,2025-12-27,2025-09,Equipe 1
N3QX,2025-06-11,2025-12-27,2025-10,Equipe 1
N3QX,2025-06-11,2025-12-27,2025-11,Equipe 1
N3QX,2025-06-11,2025-12-27,2025-12,Equipe 1
KHKT,2025-07-12,,2025-08,Equipe 8
KHKT,2025-07-12,,2025-09,Equipe 8
KHKT,2025-07-12,,2025-10,Equipe 8
KHKT,2025-07-12,,2025-11,Equipe 8
KHKT,2025-07-12,,2025-12,Equipe 8
GBTY,2025-08-25,2025-12-03,2025-09,Equipe 14
GBTY,2025-08-25,2025-12-03,2025-10,Equipe 14
GBTY,2025-08-25,2025-12-03,2025-11,Equipe 14
GBTY,2025-08-25,2025-12-03,2025-12,Equipe 14
GTHC,2025-09-10,,2025-10,Equipe 20
GTHC,2025-09-10,,2025-11,Equipe 20
GTHC,2025-09-10,,2025-12,Equipe 20
W81X,2025-07-14,,2025-08,Equipe 6
W81X,2025-07-14,,2025-09,Equipe 6
W81X,2025-07-14,,2025-10,Equipe 6
W81X,2025-07-14,,2025-11,Equipe 6
W81X,2025-07-14,,2025-12,Equipe 6
E6VA,2025-11-18,,2025-12,Equipe 11
05G1,2025-05-03,,2025-06,Equipe 13
05G1,2025-05-03,,2025-07,Equipe 13
05G1,2025-05-03,,2025-08,Equipe 13
05G1,2025-05-03,,2025-09,Equipe 13
05G1,2025-05-03,,2025-10,Equipe 12
05G1,2025-05-03,,2025-11,Equipe 12
05G1,2025-05-03,,2025-12,Equipe 12
X3J1,2025-04-26,2025-09-13,2025-05,Equipe 16
X3J1,2025-04-26,2025-09-13,2025-06,Equipe 16
X3J1,2025-04-26,2025-09-13,2025-07,Equipe 16
X3J1,2025-04-26,2025-09-13,2025-08,Equipe 16
X3J1,2025-04-26,2025-09-13,2025-09,Equipe 16
L7R8,2025-11-25,,2025-12,Equipe 8
431R,2025-05-23,,2025-06,Equipe 11
431R,2025-05-23,,2025-07,Equipe 18
431R,2025-05-23,,2025-08,Equipe 18
431R,2025-05-23,,2025-09,Equipe 18
431R,2025-05-23,,2025-10,Equipe 18
431R,2025-05-23,,2025-11,Equipe 18
431R,2025-05-23,,2025-12,Equipe 18
UPFR,2025-01-08,2025-07-04,2025-02,Equipe 16
UPFR,2025-01-08,2025-07-04,2025-03,Equipe 16
UPFR,2025-01-08,2025-07-04,2025-04,Equipe 16
UPFR,2025-01-08,2025-07-04,2025-05,Equipe 16
UPFR,2025-01-08,2025-07-04,2025-06,Equipe 16
UPFR,2025-01-08,2025-07-04,2025-07,Equipe 16
2P3Y,2025-10-20,2025-12-24,2025-11,Equipe 4
2P3Y,2025-10-20,2025-12-24,2025-12,Equipe 4
VB5U,2025-02-01,,2025-02,Equipe 14
VB5U,2025-02-01,,2025-03,Equipe 14
VB5U,2025-02-01,,2025-04,Equipe 14
VB5U,2025-02-01,,2025-05,Equipe 14
VB5U,2025-02-01,,2025-06,Equipe 14
VB5U,2025-02-01,,2025-07,Equipe 14
VB5U,2025-02-01,,2025-08,Equipe 4
VB5U,2025-02-01,,2025-09,Equipe 4
VB5U,2025-02-01,,2025-10,Equipe 4
VB5U,2025-02-01,,2025-11,Equipe 4
VB5U,2025-02-01,,2025-12,Equipe 4
L5NW,2025-03-16,,2025-04,Equipe 1
L5NW,2025-03-16,,2025-05,Equipe 1
L5NW,2025-03-16,,2025-06,Equipe 1
L5NW,2025-03-16,,2025-07,Equipe 1
L5NW,2025-03-16,,2025-08,Equipe 1
L5NW,2025-03-16,,2025-09,Equipe 1
L5NW,2025-03-16,,2025-10,Equipe 1
L5NW,2025-03-16,,2025-11,Equipe 1
L5NW,2025-03-16,,2025-12,Equipe 1
QVRR,2025-09-26,,2025-10,Equipe 6
QVRR,2025-09-26,,2025-11,Equipe 6
QVRR,2025-09-26,,2025-12,Equipe 6
9A7M,2025-03-12,2025-07-24,2025-04,Equipe 17
9A7M,2025-03-12,2025-07-24,2025-05,Equipe 17
9A7M,2025-03-12,2025-07-24,2025-06,Equipe 17
9A7M,2025-03-12,2025-07-24,2025-07,Equipe 17
FP05,2025-01-11,,2025-02,Equipe 12
FP05,2025-01-11,,2025-03,Equipe 12
FP05,2025-01-11,,2025-04,Equipe 12
FP05,2025-01-11,,2025-05,Equipe 12
FP05,2025-01-11,,2025-06,Equipe 12
FP05,2025-01-11,,2025-07,Equipe 12
FP05,2025-01-11,,2025-08,Equipe 12
FP05,2025-01-11,,2025-09,Equipe 12
FP05,2025-01-11,,2025-10,Equipe 12
FP05,2025-01-11,,2025-11,Equipe 12
FP05,2025-01-11,,2025-12,Equipe 12
9P45,2025-09-03,,2025-10,Equipe 17
9P45,2025-09-03,,2025-11,Equipe 17
9P45,2025-09-03,,2025-12,Equipe 17
2BFS,2025-11-03,,2025-12,Equipe 8
OZPT,2025-06-02,,2025-07,Equipe 6
OZPT,2025-06-02,,2025-08,Equipe 6
OZPT,2025-06-02,,2025-09,Equipe 6
OZPT,2025-06-02,,2025-10,Equipe 6
OZPT,2025-06-02,,2025-11,Equipe 6
OZPT,2025-06-02,,2025-12,Equipe 6
X497,2025-03-12,2025-04-19,2025-04,Equipe 5
W19V,2025-04-24,,2025-05,Equipe 12
W19V,2025-04-24,,2025-06,Equipe 12
W19V,2025-04-24,,2025-07,Equipe 12
W19V,2025-04-24,,2025-08,Equipe 12
W19V,2025-04-24,,2025-09,Equipe 12
W19V,2025-04-24,,2025-10,Equipe 12
W19V,2025-04-24,,2025-11,Equipe 12
W19V,2025-04-24,,2025-12,Equipe 12
W3RT,2025-01-08,2025-06-13,2025-02,Equipe 10
W3RT,2025-01-08,2025-06-13,2025-03,Equipe 10
W3RT,2025-01-08,2025-06-13,2025-04,Equipe 10
W3RT,2025-01-08,2025-06-13,2025-05,Equipe 13
W3RT,2025-01-08,2025-06-13,2025-06,Equipe 13
QOHM,2025-03-28,2025-09-08,2025-04,Equipe 13
QOHM,2025-03-28,2025-09-08,2025-05,Equipe 13
QOHM,2025-03-28,2025-09-08,2025-06,Equipe 8
QOHM,2025-03-28,2025-09-08,2025-07,Equipe 8
QOHM,2025-03-28,2025-09-08,2025-08,Equipe 8
QOHM,2025-03-28,2025-09-08,2025-09,Equipe 8
UH8L,2025-04-14,,2025-05,Equipe 3
UH8L,2025-04-14,,2025-06,Equipe 3
UH8L,2025-04-14,,2025-07,Equipe 3
UH8L,2025-04-14,,2025-08,Equipe 3
UH8L,2025-04-14,,2025-09,Equipe 3
UH8L,2025-04-14,,2025-10,Equipe 3
UH8L,2025-04-14,,2025-11,Equipe 3
UH8L,2025-04-14,,2025-12,Equipe 3
MN4R,2025-05-27,2025-10-04,2025-06,Equipe 19
MN4R,2025-05-27,2025-10-04,2025-07,Equipe 19
MN4R,2025-05-27,2025-10-04,2025-08,Equipe 19
MN4R,2025-05-27,2025-10-04,2025-09,Equipe 18
MN4R,2025-05-27,2025-10-04,2025-10,Equipe 18
SOXL,2025-08-28,,2025-09,Equipe 11
SOXL,2025-08-28,,2025-10,Equipe 11
SOXL,2025-08-28,,2025-11,Equipe 11
SOXL,2025-08-28,,2025-12,Equipe 11
TA8I,2025-06-03,,2025-07,Equipe 18
TA8I,2025-06-03,,2025-08,Equipe 18
TA8I,2025-06-03,,2025-09,Equipe 18
TA8I,2025-06-03,,2025-10,Equipe 18
TA8I,2025-06-03,,2025-11,Equipe 18
TA8I,2025-06-03,,2025-12,Equipe 18
RCD9,2025-06-07,,2025-07,Equipe 1
RCD9,2025-06-07,,2025-08,Equipe 1
RCD9,2025-06-07,,2025-09,Equipe 1
RCD9,2025-06-07,,2025-10,Equipe 1
RCD9,2025-06-07,,2025-11,Equipe 1
RCD9,2025-06-07,,2025-12,Equipe 1
AS44,2025-10-16,,2025-11,Equipe 2
AS44,2025-10-16,,2025-12,Equipe 2
Q4HE,2025-03-01,,2025-03,Equipe 16
Q4HE,2025-03-01,,2025-04,Equipe 16
Q4HE,2025-03-01,,2025-05,Equipe 16
Q4HE,2025-03-01,,2025-06,Equipe 16
Q4HE,2025-03-01,,2025-07,Equipe 16
Q4HE,2025-03-01,,2025-08,Equipe 16
Q4HE,2025-03-01,,2025-09,Equipe 16
Q4HE,2025-03-01,,2025-10,Equipe 16
Q4HE,2025-03-01,,2025-11,Equipe 16
Q4HE,2025-03-01,,2025-12,Equipe 16
Z5ED,2025-04-18,,2025-05,Equipe 1
Z5ED,2025-04-18,,2025-06,Equipe 1
Z5ED,2025-04-18,,2025-07,Equipe 1
Z5ED,2025-04-18,,2025-08,Equipe 1
Z5ED,2025-04-18,,2025-09,Equipe 1
Z5ED,2025-04-18,,2025-10,Equipe 1
Z5ED,2025-04-18,,2025-11,Equipe 1
Z5ED,2025-04-18,,2025-12,Equipe 1
JJTF,2025-06-01,,2025-06,Equipe 1
JJTF,2025-06-01,,2025-07,Equipe 1
JJTF,2025-06-01,,2025-08,Equipe 1
JJTF,2025-06-01,,2025-09,Equipe 1
JJTF,2025-06-01,,2025-10,Equipe 1
JJTF,2025-06-01,,2025-11,Equipe 1
JJTF,2025-06-01,,2025-12,Equipe 1
O7Y2,2025-09-08,,2025-10,Equipe 2
O7Y2,2025-09-08,,2025-11,Equipe 2
O7Y2,2025-09-08,,2025-12,Equipe 2
2T1T,2025-03-23,,2025-04,Equipe 15
2T1T,2025-03-23,,2025-05,Equipe 15
2T1T,2025-03-23,,2025-06,Equipe 15
2T1T,2025-03-23,,2025-07,Equipe 15
2T1T,2025-03-23,,2025-08,Equipe 15
2T1T,2025-03-23,,2025-09,Equipe 15
2T1T,2025-03-23,,2025-10,Equipe 15
2T1T,2025-03-23,,2025-11,Equipe 15
2T1T,2025-03-23,,2025-12,Equipe 15
DGNN,2025-04-28,,2025-05,Equipe 10
DGNN,2025-04-28,,2025-06,Equipe 10
DGNN,2025-04-28,,2025-07,Equipe 10
DGNN,2025-04-28,,2025-08,Equipe 10
DGNN,2025-04-28,,2025-09,Equipe 10
DGNN,2025-04-28,,2025-10,Equipe 10
DGNN,2025-04-28,,2025-11,Equipe 10
DGNN,2025-04-28,,2025-12,Equipe 10
L9EK,2025-11-27,,2025-12,Equipe 13
A024,2025-10-02,,2025-11,Equipe 13
A024,2025-10-02,,2025-12,Equipe 13
SCOS,2025-04-10,,2025-05,Equipe 13
SCOS,2025-04-10,,2025-06,Equipe 13
SCOS,2025-04-10,,2025-07,Equipe 13
SCOS,2025-04-10,,2025-08,Equipe 13
SCOS,2025-04-10,,2025-09,Equipe 13
SCOS,2025-04-10,,2025-10,Equipe 13
SCOS,2025-04-10,,2025-11,Equipe 13
SCOS,2025-04-10,,2025-12,Equipe 13
S3EO,2025-07-23,,2025-08,Equipe 19
S3EO,2025-07-23,,2025-09,Equipe 19
S3EO,2025-07-23,,2025-10,Equipe 19
S3EO,2025-07-23,,2025-11,Equipe 19
S3EO,2025-07-23,,2025-12,Equipe 19
QM1H,2025-06-15,,2025-07,Equipe 19
QM1H,2025-06-15,,2025-08,Equipe 19
QM1H,2025-06-15,,2025-09,Equipe 19
QM1H,2025-06-15,,2025-10,Equipe 19
QM1H,2025-06-15,,2025-11,Equipe 19
QM1H,2025-06-15,,2025-12,Equipe 19
8OJR,2025-04-05,,2025-05,Equipe 20
8OJR,2025-04-05,,2025-06,Equipe 20
8OJR,2025-04-05,,2025-07,Equipe 20
8OJR,2025-04-05,,2025-08,Equipe 20
8OJR,2025-04-05,,2025-09,Equipe 20
8OJR,2025-04-05,,2025-10,Equipe 20
8OJR,2025-04-05,,2025-11,Equipe 20
8OJR,2025-04-05,,2025-12,Equipe 20
JEDK,2025-02-05,2025-09-15,2025-03,Equipe 8
JEDK,2025-02-05,2025-09-15,2025-04,Equipe 8
JEDK,2025-02-05,2025-09-15,2025-05,Equipe 3
JEDK,2025-02-05,2025-09-15,2025-06,Equipe 3
JEDK,2025-02-05,2025-09-15,2025-07,Equipe 3
JEDK,2025-02-05,2025-09-15,2025-08,Equipe 3
JEDK,2025-02-05,2025-09-15,2025-09,Equipe 3
TS2H,2025-07-04,,2025-08,Equipe 19
TS2H,2025-07-04,,2025-09,Equipe 19
TS2H,2025-07-04,,2025-10,Equipe 19
TS2H,2025-07-04,,2025-11,Equipe 19
TS2H,2025-07-04,,2025-12,Equipe 15
3TZR,2025-08-10,,2025-09,Equipe 15
3TZR,2025-08-10,,2025-10,Equipe 15
3TZR,2025-08-10,,2025-11,Equipe 5
3TZR,2025-08-10,,2025-12,Equipe 5
6852,2025-02-06,,2025-03,Equipe 12
6852,2025-02-06,,2025-04,Equipe 12
6852,2025-02-06,,2025-05,Equipe 12
6852,2025-02-06,,2025-06,Equipe 12
6852,2025-02-06,,2025-07,Equipe 12
6852,2025-02-06,,2025-08,Equipe 12
6852,2025-02-06,,2025-09,Equipe 12
6852,2025-02-06,,2025-10,Equipe 12
6852,2025-02-06,,2025-11,Equipe 12
6852,2025-02-06,,2025-12,Equipe 12
QBFO,2025-06-05,2025-07-12,2025-07,Equipe 15
BRCL,2025-09-02,,2025-10,Equipe 20
BRCL,2025-09-02,,2025-11,Equipe 20
BRCL,2025-09-02,,2025-12,Equipe 20
472R,2025-03-01,,2025-03,Equipe 17
472R,2025-03-01,,2025-04,Equipe 10
472R,2025-03-01,,2025-05,Equipe 10
472R,2025-03-01,,2025-06,Equipe 10
472R,2025-03-01,,2025-07,Equipe 10
472R,2025-03-01,,2025-08,Equipe 10
472R,2025-03-01,,2025-09,Equipe 6
472R,2025-03-01,,2025-10,Equipe 6
472R,2025-03-01,,2025-11,Equipe 6
472R,2025-03-01,,2025-12,Equipe 18
L15F,2025-09-24,,2025-10,Equipe 4
L15F,2025-09-24,,2025-11,Equipe 4
L15F,2025-09-24,,2025-12,Equipe 4
4W0V,2025-08-04,,2025-09,Equipe 12
4W0V,2025-08-04,,2025-10,Equipe 12
4W0V,2025-08-04,,2025-11,Equipe 12
4W0V,2025-08-04,,2025-12,Equipe 12
UGKV,2025-02-01,2025-05-05,2025-02,Equipe 13
UGKV,2025-02-01,2025-05-05,2025-03,Equipe 13
UGKV,2025-02-01,2025-05-05,2025-04,Equipe 13
UGKV,2025-02-01,2025-05-05,2025-05,Equipe 13
05SZ,2025-07-12,,2025-08,Equipe 15
05SZ,2025-07-12,,2025-09,Equipe 15
05SZ,2025-07-12,,2025-10,Equipe 15
05SZ,2025-07-12,,2025-11,Equipe 15
05SZ,2025-07-12,,2025-12,Equipe 15
9C3F,2025-10-19,,2025-11,Equipe 11
9C3F,2025-10-19,,2025-12,Equipe 11
UQUH,2025-01-03,2025-11-15,2025-02,Equipe 11
UQUH,2025-01-03,2025-11-15,2025-03,Equipe 11
UQUH,2025-01-03,2025-11-15,2025-04,Equipe 11
UQUH,2025-01-03,2025-11-15,2025-05,Equipe 11
UQUH,2025-01-03,2025-11-15,2025-06,Equipe 11
UQUH,2025-01-03,2025-11-15,2025-07,Equipe 11
UQUH,2025-01-03,2025-11-15,2025-08,Equipe 10
UQUH,2025-01-03,2025-11-15,2025-09,Equipe 10
UQUH,2025-01-03,2025-11-15,2025-10,Equipe 10
UQUH,2025-01-03,2025-11-15,2025-11,Equipe 10
Z6A8,2025-02-28,,2025-03,Equipe 13
Z6A8,2025-02-28,,2025-04,Equipe 13
Z6A8,2025-02-28,,2025-05,Equipe 13
Z6A8,2025-02-28,,2025-06,Equipe 13
Z6A8,2025-02-28,,2025-07,Equipe 13
Z6A8,2025-02-28,,2025-08,Equipe 13
Z6A8,2025-02-28,,2025-09,Equipe 13
Z6A8,2025-02-28,,2025-10,Equipe 13
Z6A8,2025-02-28,,2025-11,Equipe 13
Z6A8,2025-02-28,,2025-12,Equipe 13
30DM,2025-02-02,,2025-03,Equipe 19
30DM,2025-02-02,,2025-04,Equipe 19
30DM,2025-02-02,,2025-05,Equipe 19
30DM,2025-02-02,,2025-06,Equipe 19
30DM,2025-02-02,,2025-07,Equipe 19
30DM,2025-02-02,,2025-08,Equipe 19
30DM,2025-02-02,,2025-09,Equipe 19
30DM,2025-02-02,,2025-10,Equipe 19
30DM,2025-02-02,,2025-11,Equipe 19
30DM,2025-02-02,,2025-12,Equipe 19
7X52,2025-03-19,,2025-04,Equipe 10
7X52,2025-03-19,,2025-05,Equipe 10
7X52,2025-03-19,,2025-06,Equipe 10
7X52,2025-03-19,,2025-07,Equipe 10
7X52,2025-03-19,,2025-08,Equipe 10
7X52,2025-03-19,,2025-09,Equipe 10
7X52,2025-03-19,,2025-10,Equipe 10
7X52,2025-03-19,,2025-11,Equipe 10
7X52,2025-03-19,,2025-12,Equipe 10
DNR9,2025-08-01,,2025-08,Equipe 20
DNR9,2025-08-01,,2025-09,Equipe 20
DNR9,2025-08-01,,2025-10,Equipe 20
DNR9,2025-08-01,,2025-11,Equipe 20
DNR9,2025-08-01,,2025-12,Equipe 5
IS25,2025-03-12,,2025-04,Equipe 3
IS25,2025-03-12,,2025-05,Equipe 3
IS25,2025-03-12,,2025-06,Equipe 3
IS25,2025-03-12,,2025-07,Equipe 3
IS25,2025-03-12,,2025-08,Equipe 3
IS25,2025-03-12,,2025-09,Equipe 3
IS25,2025-03-12,,2025-10,Equipe 3
IS25,2025-03-12,,2025-11,Equipe 3
IS25,2025-03-12,,2025-12,Equipe 3
HBPK,2025-05-09,,2025-06,Equipe 14
HBPK,2025-05-09,,2025-07,Equipe 14
HBPK,2025-05-09,,2025-08,Equipe 14
HBPK,2025-05-09,,2025-09,Equipe 14
HBPK,2025-05-09,,2025-10,Equipe 14
HBPK,2025-05-09,,2025-11,Equipe 14
HBPK,2025-05-09,,2025-12,Equipe 14
T9A9,2025-01-20,,2025-02,Equipe 13
T9A9,2025-01-20,,2025-03,Equipe 13
T9A9,2025-01-20,,2025-04,Equipe 13
T9A9,2025-01-20,,2025-05,Equipe 13
T9A9,2025-01-20,,2025-06,Equipe 13
T9A9,2025-01-20,,2025-07,Equipe 13
T9A9,2025-01-20,,2025-08,Equipe 13
T9A9,2025-01-20,,2025-09,Equipe 13
T9A9,2025-01-20,,2025-10,Equipe 13
T9A9,2025-01-20,,2025-11,Equipe 13
T9A9,2025-01-20,,2025-12,Equipe 13
0FOH,2025-11-10,,2025-12,Equipe 16
3HJ5,2025-08-02,2025-11-05,2025-09,Equipe 7
3HJ5,2025-08-02,2025-11-05,2025-10,Equipe 7
3HJ5,2025-08-02,2025-11-05,2025-11,Equipe 7
S6R0,2025-04-21,,2025-05,Equipe 3
S6R0,2025-04-21,,2025-06,Equipe 3
S6R0,2025-04-21,,2025-07,Equipe 3
S6R0,2025-04-21,,2025-08,Equipe 3
S6R0,2025-04-21,,2025-09,Equipe 3
S6R0,2025-04-21,,2025-10,Equipe 3
S6R0,2025-04-21,,2025-11,Equipe 3
S6R0,2025-04-21,,2025-12,Equipe 3
44P3,2025-04-21,,2025-05,Equipe 6
44P3,2025-04-21,,2025-06,Equipe 6
44P3,2025-04-21,,2025-07,Equipe 6
44P3,2025-04-21,,2025-08,Equipe 6
44P3,2025-04-21,,2025-09,Equipe 6
44P3,2025-04-21,,2025-10,Equipe 6
44P3,2025-04-21,,2025-11,Equipe 6
44P3,2025-04-21,,2025-12,Equipe 6
9JYM,2025-01-13,,2025-02,Equipe 7
9JYM,2025-01-13,,2025-03,Equipe 7
9JYM,2025-01-13,,2025-04,Equipe 7
9JYM,2025-01-13,,2025-05,Equipe 7
9JYM,2025-01-13,,2025-06,Equipe 7
9JYM,2025-01-13,,2025-07,Equipe 7
9JYM,2025-01-13,,2025-08,Equipe 7
9JYM,2025-01-13,,2025-09,Equipe 7
9JYM,2025-01-13,,2025-10,Equipe 7
9JYM,2025-01-13,,2025-11,Equipe 7
9JYM,2025-01-13,,2025-12,Equipe 7
6IER,2025-08-18,,2025-09,Equipe 2
6IER,2025-08-18,,2025-10,Equipe 2
6IER,2025-08-18,,2025-11,Equipe 2
6IER,2025-08-18,,2025-12,Equipe 2
0V6R,2025-10-17,,2025-11,Equipe 2
0V6R,2025-10-17,,2025-12,Equipe 2
AST5,2025-03-01,,2025-03,Equipe 17
AST5,2025-03-01,,2025-04,Equipe 17
AST5,2025-03-01,,2025-05,Equipe 17
AST5,2025-03-01,,2025-06,Equipe 17
AST5,2025-03-01,,2025-07,Equipe 17
AST5,2025-03-01,,2025-08,Equipe 17
AST5,2025-03-01,,2025-09,Equipe 17
AST5,2025-03-01,,2025-10,Equipe 17
AST5,2025-03-01,,2025-11,Equipe 17
AST5,2025-03-01,,2025-12,Equipe 17
J284,2025-01-26,,2025-02,Equipe 16
J284,2025-01-26,,2025-03,Equipe 7
J284,2025-01-26,,2025-04,Equipe 7
J284,2025-01-26,,2025-05,Equipe 7
J284,2025-01-26,,2025-06,Equipe 7
J284,2025-01-26,,2025-07,Equipe 7
J284,2025-01-26,,2025-08,Equipe 7
J284,2025-01-26,,2025-09,Equipe 7
J284,2025-01-26,,2025-10,Equipe 7
J284,2025-01-26,,2025-11,Equipe 7
J284,2025-01-26,,2025-12,Equipe 7
WV98,2025-08-17,,2025-09,Equipe 10
WV98,2025-08-17,,2025-10,Equipe 10
WV98,2025-08-17,,2025-11,Equipe 10
WV98,2025-08-17,,2025-12,Equipe 10
Y3UM,2025-04-06,2025-07-09,2025-05,Equipe 8
Y3UM,2025-04-06,2025-07-09,2025-06,Equipe 8
Y3UM,2025-04-06,2025-07-09,2025-07,Equipe 8
CU4Y,2025-10-28,,2025-11,Equipe 16
CU4Y,2025-10-28,,2025-12,Equipe 16
YJ5C,2025-06-27,,2025-07,Equipe 20
YJ5C,2025-06-27,,2025-08,Equipe 20
YJ5C,2025-06-27,,2025-09,Equipe 20
YJ5C,2025-06-27,,2025-10,Equipe 20
YJ5C,2025-06-27,,2025-11,Equipe 5
YJ5C,2025-06-27,,2025-12,Equipe 5
I6VG,2025-03-08,,2025-04,Equipe 14
I6VG,2025-03-08,,2025-05,Equipe 14
I6VG,2025-03-08,,2025-06,Equipe 14
I6VG,2025-03-08,,2025-07,Equipe 14
I6VG,2025-03-08,,2025-08,Equipe 14
I6VG,2025-03-08,,2025-09,Equipe 14
I6VG,2025-03-08,,2025-10,Equipe 14
I6VG,2025-03-08,,2025-11,Equipe 14
I6VG,2025-03-08,,2025-12,Equipe 14
2G73,2025-10-01,,2025-10,Equipe 2
2G73,2025-10-01,,2025-11,Equipe 2
2G73,2025-10-01,,2025-12,Equipe 2
ZFV8,2025-04-20,,2025-05,Equipe 10
ZFV8,2025-04-20,,2025-06,Equipe 10
ZFV8,2025-04-20,,2025-07,Equipe 10
ZFV8,2025-04-20,,2025-08,Equipe 5
ZFV8,2025-04-20,,2025-09,Equipe 5
ZFV8,2025-04-20,,2025-10,Equipe 5
ZFV8,2025-04-20,,2025-11,Equipe 5
ZFV8,2025-04-20,,2025-12,Equipe 5
YU58,2025-08-01,,2025-08,Equipe 6
YU58,2025-08-01,,2025-09,Equipe 6
YU58,2025-08-01,,2025-10,Equipe 6
YU58,2025-08-01,,2025-11,Equipe 6
YU58,2025-08-01,,2025-12,Equipe 6
CEPS,2025-04-26,2025-06-26,2025-05,Equipe 9
CEPS,2025-04-26,2025-06-26,2025-06,Equipe 9
OF1G,2025-01-01,2025-12-05,2025-01,Equipe 19
OF1G,2025-01-01,2025-12-05,2025-02,Equipe 19
OF1G,2025-01-01,2025-12-05,2025-03,Equipe 19
OF1G,2025-01-01,2025-12-05,2025-04,Equipe 19
OF1G,2025-01-01,2025-12-05,2025-05,Equipe 19
OF1G,2025-01-01,2025-12-05,2025-06,Equipe 19
OF1G,2025-01-01,2025-12-05,2025-07,Equipe 19
OF1G,2025-01-01,2025-12-05,2025-08,Equipe 19
OF1G,2025-01-01,2025-12-05,2025-09,Equipe 19
OF1G,2025-01-01,2025-12-05,2025-10,Equipe 19
OF1G,2025-01-01,2025-12-05,2025-11,Equipe 19
OF1G,2025-01-01,2025-12-05,2025-12,Equipe 19
G2KT,2025-09-28,,2025-10,Equipe 12
G2KT,2025-09-28,,2025-11,Equipe 12
G2KT,2025-09-28,,2025-12,Equipe 12
BCUD,2025-06-23,,2025-07,Equipe 11
BCUD,2025-06-23,,2025-08,Equipe 11
BCUD,2025-06-23,,2025-09,Equipe 11
BCUD,2025-06-23,,2025-10,Equipe 11
BCUD,2025-06-23,,2025-11,Equipe 11
BCUD,2025-06-23,,2025-12,Equipe 11
SWX1,2025-10-04,,2025-11,Equipe 20
SWX1,2025-10-04,,2025-12,Equipe 20
JP70,2025-03-06,,2025-04,Equipe 19
JP70,2025-03-06,,2025-05,Equipe 19
JP70,2025-03-06,,2025-06,Equipe 19
JP70,2025-03-06,,2025-07,Equipe 19
JP70,2025-03-06,,2025-08,Equipe 19
JP70,2025-03-06,,2025-09,Equipe 9
JP70,2025-03-06,,2025-10,Equipe 9
JP70,2025-03-06,,2025-11,Equipe 9
JP70,2025-03-06,,2025-12,Equipe 9
LKLF,2025-11-16,,2025-12,Equipe 3
O3Q3,2025-06-08,,2025-07,Equipe 9
O3Q3,2025-06-08,,2025-08,Equipe 9
O3Q3,2025-06-08,,2025-09,Equipe 9
O3Q3,2025-06-08,,2025-10,Equipe 9
O3Q3,2025-06-08,,2025-11,Equipe 9
O3Q3,2025-06-08,,2025-12,Equipe 9
QA3S,2025-07-10,,2025-08,Equipe 14
QA3S,2025-07-10,,2025-09,Equipe 14
QA3S,2025-07-10,,2025-10,Equipe 14
QA3S,2025-07-10,,2025-11,Equipe 14
QA3S,2025-07-10,,2025-12,Equipe 14
8KE2,2025-03-06,,2025-04,Equipe 18
8KE2,2025-03-06,,2025-05,Equipe 18
8KE2,2025-03-06,,2025-06,Equipe 18
8KE2,2025-03-06,,2025-07,Equipe 12
8KE2,2025-03-06,,2025-08,Equipe 12
8KE2,2025-03-06,,2025-09,Equipe 12
8KE2,2025-03-06,,2025-10,Equipe 12
8KE2,2025-03-06,,2025-11,Equipe 12
8KE2,2025-03-06,,2025-12,Equipe 12
WT1Q,2025-07-28,,2025-08,Equipe 8
WT1Q,2025-07-28,,2025-09,Equipe 8
WT1Q,2025-07-28,,2025-10,Equipe 8
WT1Q,2025-07-28,,2025-11,Equipe 8
WT1Q,2025-07-28,,2025-12,Equipe 8
3TMY,2025-01-06,,2025-02,Equipe 11
3TMY,2025-01-06,,2025-03,Equipe 11
3TMY,2025-01-06,,2025-04,Equipe 11
3TMY,2025-01-06,,2025-05,Equipe 11
3TMY,2025-01-06,,2025-06,Equipe 11
3TMY,2025-01-06,,2025-07,Equipe 11
3TMY,2025-01-06,,2025-08,Equipe 11
3TMY,2025-01-06,,2025-09,Equipe 11
3TMY,2025-01-06,,2025-10,Equipe 11
3TMY,2025-01-06,,2025-11,Equipe 11
3TMY,2025-01-06,,2025-12,Equipe 11
4GPY,2025-04-21,,2025-05,Equipe 9
4GPY,2025-04-21,,2025-06,Equipe 9
4GPY,2025-04-21,,2025-07,Equipe 9
4GPY,2025-04-21,,2025-08,Equipe 9
4GPY,2025-04-21,,2025-09,Equipe 9
4GPY,2025-04-21,,2025-10,Equipe 9
4GPY,2025-04-21,,2025-11,Equipe 9
4GPY,2025-04-21,,2025-12,Equipe 9
WSSB,2025-03-11,,2025-04,Equipe 5
WSSB,2025-03-11,,2025-05,Equipe 5
WSSB,2025-03-11,,2025-06,Equipe 5
WSSB,2025-03-11,,2025-07,Equipe 5
WSSB,2025-03-11,,2025-08,Equipe 5
WSSB,2025-03-11,,2025-09,Equipe 5
WSSB,2025-03-11,,2025-10,Equipe 5
WSSB,2025-03-11,,2025-11,Equipe 5
WSSB,2025-03-11,,2025-12,Equipe 5
5SOW,2025-08-01,,2025-08,Equipe 19
5SOW,2025-08-01,,2025-09,Equipe 19
5SOW,2025-08-01,,2025-10,Equipe 19
5SOW,2025-08-01,,2025-11,Equipe 19
5SOW,2025-08-01,,2025-12,Equipe 19
GCT2,2025-12-01,2025-12-24,2025-12,Equipe 12
CXIF,2025-03-14,,2025-04,Equipe 3
CXIF,2025-03-14,,2025-05,Equipe 3
CXIF,2025-03-14,,2025-06,Equipe 3
CXIF,2025-03-14,,2025-07,Equipe 3
CXIF,2025-03-14,,2025-08,Equipe 3
CXIF,2025-03-14,,2025-09,Equipe 3
CXIF,2025-03-14,,2025-10,Equipe 3
CXIF,2025-03-14,,2025-11,Equipe 3
CXIF,2025-03-14,,2025-12,Equipe 3
SU0L,2025-06-18,,2025-07,Equipe 20
SU0L,2025-06-18,,2025-08,Equipe 20
SU0L,2025-06-18,,2025-09,Equipe 20
SU0L,2025-06-18,,2025-10,Equipe 20
SU0L,2025-06-18,,2025-11,Equipe 20
SU0L,2025-06-18,,2025-12,Equipe 20
MI8X,2025-10-21,,2025-11,Equipe 5
MI8X,2025-10-21,,2025-12,Equipe 5
Q4SV,2025-06-09,,2025-07,Equipe 1
Q4SV,2025-06-09,,2025-08,Equipe 1
Q4SV,2025-06-09,,2025-09,Equipe 1
Q4SV,2025-06-09,,2025-10,Equipe 1
Q4SV,2025-06-09,,2025-11,Equipe 1
Q4SV,2025-06-09,,2025-12,Equipe 12
H3EJ,2025-06-06,,2025-07,Equipe 11
H3EJ,2025-06-06,,2025-08,Equipe 11
H3EJ,2025-06-06,,2025-09,Equipe 11
H3EJ,2025-06-06,,2025-10,Equipe 11
H3EJ,2025-06-06,,2025-11,Equipe 11
H3EJ,2025-06-06,,2025-12,Equipe 9
FZAQ,2025-06-20,,2025-07,Equipe 11
FZAQ,2025-06-20,,2025-08,Equipe 11
FZAQ,2025-06-20,,2025-09,Equipe 11
FZAQ,2025-06-20,,2025-10,Equipe 11
FZAQ,2025-06-20,,2025-11,Equipe 11
FZAQ,2025-06-20,,2025-12,Equipe 11
8H3X,2025-12-01,,2025-12,Equipe 5
O4B9,2025-04-14,,2025-05,Equipe 15
O4B9,2025-04-14,,2025-06,Equipe 15
O4B9,2025-04-14,,2025-07,Equipe 15
O4B9,2025-04-14,,2025-08,Equipe 15
O4B9,2025-04-14,,2025-09,Equipe 15
O4B9,2025-04-14,,2025-10,Equipe 15
O4B9,2025-04-14,,2025-11,Equipe 15
O4B9,2025-04-14,,2025-12,Equipe 15
UOE3,2025-05-22,,2025-06,Equipe 7
UOE3,2025-05-22,,2025-07,Equipe 7
UOE3,2025-05-22,,2025-08,Equipe 7
UOE3,2025-05-22,,2025-09,Equipe 7
UOE3,2025-05-22,,2025-10,Equipe 7
UOE3,2025-05-22,,2025-11,Equipe 7
UOE3,2025-05-22,,2025-12,Equipe 7
T0HI,2025-02-02,,2025-03,Equipe 16
T0HI,2025-02-02,,2025-04,Equipe 16
T0HI,2025-02-02,,2025-05,Equipe 16
T0HI,2025-02-02,,2025-06,Equipe 16
T0HI,2025-02-02,,2025-07,Equipe 16
T0HI,2025-02-02,,2025-08,Equipe 16
T0HI,2025-02-02,,2025-09,Equipe 16
T0HI,2025-02-02,,2025-10,Equipe 16
T0HI,2025-02-02,,2025-11,Equipe 16
T0HI,2025-02-02,,2025-12,Equipe 16
HGP8,2025-05-27,,2025-06,Equipe 11
HGP8,2025-05-27,,2025-07,Equipe 11
HGP8,2025-05-27,,2025-08,Equipe 11
HGP8,2025-05-27,,2025-09,Equipe 11
HGP8,2025-05-27,,2025-10,Equipe 11
HGP8,2025-05-27,,2025-11,Equipe 11
HGP8,2025-05-27,,2025-12,Equipe 11
IY3X,2025-08-07,2025-09-06,2025-09,Equipe 9
80J0,2025-02-16,,2025-03,Equipe 18
80J0,2025-02-16,,2025-04,Equipe 18
80J0,2025-02-16,,2025-05,Equipe 18
80J0,2025-02-16,,2025-06,Equipe 18
80J0,2025-02-16,,2025-07,Equipe 18
80J0,2025-02-16,,2025-08,Equipe 18
80J0,2025-02-16,,2025-09,Equipe 18
80J0,2025-02-16,,2025-10,Equipe 18
80J0,2025-02-16,,2025-11,Equipe 18
80J0,2025-02-16,,2025-12,Equipe 18
G50R,2025-07-16,,2025-08,Equipe 18
G50R,2025-07-16,,2025-09,Equipe 18
G50R,2025-07-16,,2025-10,Equipe 18
G50R,2025-07-16,,2025-11,Equipe 18
G50R,2025-07-16,,2025-12,Equipe 18
CXN2,2025-02-21,,2025-03,Equipe 17
CXN2,2025-02-21,,2025-04,Equipe 17
CXN2,2025-02-21,,2025-05,Equipe 17
CXN2,2025-02-21,,2025-06,Equipe 17
CXN2,2025-02-21,,2025-07,Equipe 17
CXN2,2025-02-21,,2025-08,Equipe 17
CXN2,2025-02-21,,2025-09,Equipe 17
CXN2,2025-02-21,,2025-10,Equipe 17
CXN2,2025-02-21,,2025-11,Equipe 17
CXN2,2025-02-21,,2025-12,Equipe 17
2PXG,2025-06-13,,2025-07,Equipe 14
2PXG,2025-06-13,,2025-08,Equipe 14
2PXG,2025-06-13,,2025-09,Equipe 14
2PXG,2025-06-13,,2025-10,Equipe 5
2PXG,2025-06-13,,2025-11,Equipe 5
2PXG,2025-06-13,,2025-12,Equipe 5
X8WD,2025-01-09,,2025-02,Equipe 4
X8WD,2025-01-09,,2025-03,Equipe 4
X8WD,2025-01-09,,2025-04,Equipe 4
X8WD,2025-01-09,,2025-05,Equipe 4
X8WD,2025-01-09,,2025-06,Equipe 4
X8WD,2025-01-09,,2025-07,Equipe 4
X8WD,2025-01-09,,2025-08,Equipe 4
X8WD,2025-01-09,,2025-09,Equipe 4
X8WD,2025-01-09,,2025-10,Equipe 4
X8WD,2025-01-09,,2025-11,Equipe 4
X8WD,2025-01-09,,2025-12,Equipe 4
ZRMH,2025-04-27,,2025-05,Equipe 17
ZRMH,2025-04-27,,2025-06,Equipe 17
ZRMH,2025-04-27,,2025-07,Equipe 17
ZRMH,2025-04-27,,2025-08,Equipe 17
ZRMH,2025-04-27,,2025-09,Equipe 17
ZRMH,2025-04-27,,2025-10,Equipe 17
ZRMH,2025-04-27,,2025-11,Equipe 17
ZRMH,2025-04-27,,2025-12,Equipe 17
3FNB,2025-03-25,,2025-04,Equipe 10
3FNB,2025-03-25,,2025-05,Equipe 10
3FNB,2025-03-25,,2025-06,Equipe 10
3FNB,2025-03-25,,2025-07,Equipe 10
3FNB,2025-03-25,,2025-08,Equipe 10
3FNB,2025-03-25,,2025-09,Equipe 1
3FNB,2025-03-25,,2025-10,Equipe 1
3FNB,2025-03-25,,2025-11,Equipe 1
3FNB,2025-03-25,,2025-12,Equipe 1
DVPI,2025-02-22,,2025-03,Equipe 12
DVPI,2025-02-22,,2025-04,Equipe 12
DVPI,2025-02-22,,2025-05,Equipe 12
DVPI,2025-02-22,,2025-06,Equipe 12
DVPI,2025-02-22,,2025-07,Equipe 12
DVPI,2025-02-22,,2025-08,Equipe 12
DVPI,2025-02-22,,2025-09,Equipe 12
DVPI,2025-02-22,,2025-10,Equipe 10
DVPI,2025-02-22,,2025-11,Equipe 10
DVPI,2025-02-22,,2025-12,Equipe 10
NE9N,2025-07-25,,2025-08,Equipe 7
NE9N,2025-07-25,,2025-09,Equipe 7
NE9N,2025-07-25,,2025-10,Equipe 7
NE9N,2025-07-25,,2025-11,Equipe 7
NE9N,2025-07-25,,2025-12,Equipe 7
NOVJ,2025-01-27,,2025-02,Equipe 7
NOVJ,2025-01-27,,2025-03,Equipe 7
NOVJ,2025-01-27,,2025-04,Equipe 7
NOVJ,2025-01-27,,2025-05,Equipe 7
NOVJ,2025-01-27,,2025-06,Equipe 7
NOVJ,2025-01-27,,2025-07,Equipe 7
NOVJ,2025-01-27,,2025-08,Equipe 7
NOVJ,2025-01-27,,2025-09,Equipe 9
NOVJ,2025-01-27,,2025-10,Equipe 13
NOVJ,2025-01-27,,2025-11,Equipe 10
NOVJ,2025-01-27,,2025-12,Equipe 10
ARJI,2025-07-18,,2025-08,Equipe 6
ARJI,2025-07-18,,2025-09,Equipe 6
ARJI,2025-07-18,,2025-10,Equipe 6
ARJI,2025-07-18,,2025-11,Equipe 6
ARJI,2025-07-18,,2025-12,Equipe 6
8QLH,2025-10-08,,2025-11,Equipe 5
8QLH,2025-10-08,,2025-12,Equipe 5
BIAW,2025-07-28,,2025-08,Equipe 11
BIAW,2025-07-28,,2025-09,Equipe 11
BIAW,2025-07-28,,2025-10,Equipe 11
BIAW,2025-07-28,,2025-11,Equipe 11
BIAW,2025-07-28,,2025-12,Equipe 11
PUBL,2025-10-17,,2025-11,Equipe 6
PUBL,2025-10-17,,2025-12,Equipe 6
QDI0,2025-03-04,,2025-04,Equipe 9
QDI0,2025-03-04,,2025-05,Equipe 9
QDI0,2025-03-04,,2025-06,Equipe 9
QDI0,2025-03-04,,2025-07,Equipe 9
QDI0,2025-03-04,,2025-08,Equipe 9
QDI0,2025-03-04,,2025-09,Equipe 9
QDI0,2025-03-04,,2025-10,Equipe 9
QDI0,2025-03-04,,2025-11,Equipe 14
QDI0,2025-03-04,,2025-12,Equipe 14
7HE4,2025-03-06,,2025-04,Equipe 4
7HE4,2025-03-06,,2025-05,Equipe 4
7HE4,2025-03-06,,2025-06,Equipe 4
7HE4,2025-03-06,,2025-07,Equipe 4
7HE4,2025-03-06,,2025-08,Equipe 4
7HE4,2025-03-06,,2025-09,Equipe 4
7HE4,2025-03-06,,2025-10,Equipe 4
7HE4,2025-03-06,,2025-11,Equipe 12
7HE4,2025-03-06,,2025-12,Equipe 12
2X6G,2025-03-02,,2025-04,Equipe 15
2X6G,2025-03-02,,2025-05,Equipe 15
2X6G,2025-03-02,,2025-06,Equipe 15
2X6G,2025-03-02,,2025-07,Equipe 15
2X6G,2025-03-02,,2025-08,Equipe 15
2X6G,2025-03-02,,2025-09,Equipe 11
2X6G,2025-03-02,,2025-10,Equipe 11
2X6G,2025-03-02,,2025-11,Equipe 11
2X6G,2025-03-02,,2025-12,Equipe 11
26OC,2025-04-27,,2025-05,Equipe 3
26OC,2025-04-27,,2025-06,Equipe 3
26OC,2025-04-27,,2025-07,Equipe 3
26OC,2025-04-27,,2025-08,Equipe 3
26OC,2025-04-27,,2025-09,Equipe 3
26OC,2025-04-27,,2025-10,Equipe 3
26OC,2025-04-27,,2025-11,Equipe 3
26OC,2025-04-27,,2025-12,Equipe 3
7T3B,2025-05-11,,2025-06,Equipe 9
7T3B,2025-05-11,,2025-07,Equipe 9
7T3B,2025-05-11,,2025-08,Equipe 9
7T3B,2025-05-11,,2025-09,Equipe 9
7T3B,2025-05-11,,2025-10,Equipe 9
7T3B,2025-05-11,,2025-11,Equipe 9
7T3B,2025-05-11,,2025-12,Equipe 9
D4Z1,2025-02-13,,2025-03,Equipe 11
D4Z1,2025-02-13,,2025-04,Equipe 11
D4Z1,2025-02-13,,2025-05,Equipe 11
D4Z1,2025-02-13,,2025-06,Equipe 11
D4Z1,2025-02-13,,2025-07,Equipe 11
D4Z1,2025-02-13,,2025-08,Equipe 11
D4Z1,2025-02-13,,2025-09,Equipe 11
D4Z1,2025-02-13,,2025-10,Equipe 11
D4Z1,2025-02-13,,2025-11,Equipe 11
D4Z1,2025-02-13,,2025-12,Equipe 11
G52E,2025-06-28,,2025-07,Equipe 7
G52E,2025-06-28,,2025-08,Equipe 7
G52E,2025-06-28,,2025-09,Equipe 7
G52E,2025-06-28,,2025-10,Equipe 7
G52E,2025-06-28,,2025-11,Equipe 7
G52E,2025-06-28,,2025-12,Equipe 7
FUJE,2025-01-26,,2025-02,Equipe 4
FUJE,2025-01-26,,2025-03,Equipe 4
FUJE,2025-01-26,,2025-04,Equipe 4
FUJE,2025-01-26,,2025-05,Equipe 4
FUJE,2025-01-26,,2025-06,Equipe 4
FUJE,2025-01-26,,2025-07,Equipe 4
FUJE,2025-01-26,,2025-08,Equipe 4
FUJE,2025-01-26,,2025-09,Equipe 4
FUJE,2025-01-26,,2025-10,Equipe 4
FUJE,2025-01-26,,2025-11,Equipe 4
FUJE,2025-01-26,,2025-12,Equipe 4
IR9U,2025-09-26,,2025-10,Equipe 8
IR9U,2025-09-26,,2025-11,Equipe 8
IR9U,2025-09-26,,2025-12,Equipe 8
Y7S3,2025-03-05,,2025-04,Equipe 3
Y7S3,2025-03-05,,2025-05,Equipe 3
Y7S3,2025-03-05,,2025-06,Equipe 6
Y7S3,2025-03-05,,2025-07,Equipe 6
Y7S3,2025-03-05,,2025-08,Equipe 6
Y7S3,2025-03-05,,2025-09,Equipe 6
Y7S3,2025-03-05,,2025-10,Equipe 6
Y7S3,2025-03-05,,2025-11,Equipe 6
Y7S3,2025-03-05,,2025-12,Equipe 6
61GH,2025-02-04,,2025-03,Equipe 8
61GH,2025-02-04,,2025-04,Equipe 8
61GH,2025-02-04,,2025-05,Equipe 8
61GH,2025-02-04,,2025-06,Equipe 8
61GH,2025-02-04,,2025-07,Equipe 8
61GH,2025-02-04,,2025-08,Equipe 8
61GH,2025-02-04,,2025-09,Equipe 8
61GH,2025-02-04,,2025-10,Equipe 8
61GH,2025-02-04,,2025-11,Equipe 8
61GH,2025-02-04,,2025-12,Equipe 8
9N12,2025-05-28,,2025-06,Equipe 12
9N12,2025-05-28,,2025-07,Equipe 12
9N12,2025-05-28,,2025-08,Equipe 12
9N12,2025-05-28,,2025-09,Equipe 12
9N12,2025-05-28,,2025-10,Equipe 12
9N12,2025-05-28,,2025-11,Equipe 12
9N12,2025-05-28,,2025-12,Equipe 12
O0V3,2025-07-09,,2025-08,Equipe 2
O0V3,2025-07-09,,2025-09,Equipe 2
O0V3,2025-07-09,,2025-10,Equipe 2
O0V3,2025-07-09,,2025-11,Equipe 2
O0V3,2025-07-09,,2025-12,Equipe 2
Z0GU,2025-10-20,,2025-11,Equipe 5
Z0GU,2025-10-20,,2025-12,Equipe 5
1UQX,2025-05-13,2025-11-02,2025-06,Equipe 14
1UQX,2025-05-13,2025-11-02,2025-07,Equipe 14
1UQX,2025-05-13,2025-11-02,2025-08,Equipe 14
1UQX,2025-05-13,2025-11-02,2025-09,Equipe 14
1UQX,2025-05-13,2025-11-02,2025-10,Equipe 14
1UQX,2025-05-13,2025-11-02,2025-11,Equipe 14
J4EF,2025-06-23,,2025-07,Equipe 20
J4EF,2025-06-23,,2025-08,Equipe 20
J4EF,2025-06-23,,2025-09,Equipe 20
J4EF,2025-06-23,,2025-10,Equipe 20
J4EF,2025-06-23,,2025-11,Equipe 20
J4EF,2025-06-23,,2025-12,Equipe 20
FF1G,2025-05-12,2025-09-10,2025-06,Equipe 5
FF1G,2025-05-12,2025-09-10,2025-07,Equipe 5
FF1G,2025-05-12,2025-09-10,2025-08,Equipe 5
FF1G,2025-05-12,2025-09-10,2025-09,Equipe 5
XI9D,2025-08-28,,2025-09,Equipe 17
XI9D,2025-08-28,,2025-10,Equipe 17
XI9D,2025-08-28,,2025-11,Equipe 17
XI9D,2025-08-28,,2025-12,Equipe 17
99VH,2025-04-05,,2025-05,Equipe 12
99VH,2025-04-05,,2025-06,Equipe 12
99VH,2025-04-05,,2025-07,Equipe 12
99VH,2025-04-05,,2025-08,Equipe 12
99VH,2025-04-05,,2025-09,Equipe 12
99VH,2025-04-05,,2025-10,Equipe 12
99VH,2025-04-05,,2025-11,Equipe 12
99VH,2025-04-05,,2025-12,Equipe 12
0W1D,2025-06-09,,2025-07,Equipe 4
0W1D,2025-06-09,,2025-08,Equipe 10
0W1D,2025-06-09,,2025-09,Equipe 5
0W1D,2025-06-09,,2025-10,Equipe 5
0W1D,2025-06-09,,2025-11,Equipe 5
0W1D,2025-06-09,,2025-12,Equipe 5
OGW9,2025-01-17,,2025-02,Equipe 2
OGW9,2025-01-17,,2025-03,Equipe 2
OGW9,2025-01-17,,2025-04,Equipe 2
OGW9,2025-01-17,,2025-05,Equipe 2
OGW9,2025-01-17,,2025-06,Equipe 2
OGW9,2025-01-17,,2025-07,Equipe 2
OGW9,2025-01-17,,2025-08,Equipe 2
OGW9,2025-01-17,,2025-09,Equipe 2
OGW9,2025-01-17,,2025-10,Equipe 2
OGW9,2025-01-17,,2025-11,Equipe 2
OGW9,2025-01-17,,2025-12,Equipe 2
XHRO,2025-05-23,,2025-06,Equipe 11
XHRO,2025-05-23,,2025-07,Equipe 11
XHRO,2025-05-23,,2025-08,Equipe 18
XHRO,2025-05-23,,2025-09,Equipe 18
XHRO,2025-05-23,,2025-10,Equipe 18
XHRO,2025-05-23,,2025-11,Equipe 18
XHRO,2025-05-23,,2025-12,Equipe 18
199B,2025-09-19,2025-10-27,2025-10,Equipe 13
TVWA,2025-05-12,,2025-06,Equipe 15
TVWA,2025-05-12,,2025-07,Equipe 15
TVWA,2025-05-12,,2025-08,Equipe 15
TVWA,2025-05-12,,2025-09,Equipe 15
TVWA,2025-05-12,,2025-10,Equipe 15
TVWA,2025-05-12,,2025-11,Equipe 15
TVWA,2025-05-12,,2025-12,Equipe 15
LJZE,2025-07-21,,2025-08,Equipe 11
LJZE,2025-07-21,,2025-09,Equipe 11
LJZE,2025-07-21,,2025-10,Equipe 11
LJZE,2025-07-21,,2025-11,Equipe 11
LJZE,2025-07-21,,2025-12,Equipe 11
JBF7,2025-04-12,,2025-05,Equipe 1
JBF7,2025-04-12,,2025-06,Equipe 1
JBF7,2025-04-12,,2025-07,Equipe 1
JBF7,2025-04-12,,2025-08,Equipe 1
JBF7,2025-04-12,,2025-09,Equipe 1
JBF7,2025-04-12,,2025-10,Equipe 1
JBF7,2025-04-12,,2025-11,Equipe 1
JBF7,2025-04-12,,2025-12,Equipe 1
NY03,2025-03-28,,2025-04,Equipe 4
NY03,2025-03-28,,2025-05,Equipe 4
NY03,2025-03-28,,2025-06,Equipe 4
NY03,2025-03-28,,2025-07,Equipe 4
NY03,2025-03-28,,2025-08,Equipe 4
NY03,2025-03-28,,2025-09,Equipe 4
NY03,2025-03-28,,2025-10,Equipe 4
NY03,2025-03-28,,2025-11,Equipe 2
NY03,2025-03-28,,2025-12,Equipe 2
VKXT,2025-06-12,2025-08-24,2025-07,Equipe 7
VKXT,2025-06-12,2025-08-24,2025-08,Equipe 7
UFDJ,2025-05-01,,2025-05,Equipe 11
UFDJ,2025-05-01,,2025-06,Equipe 11
UFDJ,2025-05-01,,2025-07,Equipe 11
UFDJ,2025-05-01,,2025-08,Equipe 11
UFDJ,2025-05-01,,2025-09,Equipe 11
UFDJ,2025-05-01,,2025-10,Equipe 11
UFDJ,2025-05-01,,2025-11,Equipe 11
UFDJ,2025-05-01,,2025-12,Equipe 11
KDFR,2025-10-25,,2025-11,Equipe 14
KDFR,2025-10-25,,2025-12,Equipe 14
2152,2025-11-08,,2025-12,Equipe 16
0RN6,2025-11-14,,2025-12,Equipe 17
HW1H,2025-08-05,,2025-09,Equipe 1
HW1H,2025-08-05,,2025-10,Equipe 1
HW1H,2025-08-05,,2025-11,Equipe 1
HW1H,2025-08-05,,2025-12,Equipe 1
S57T,2025-01-08,,2025-02,Equipe 9
S57T,2025-01-08,,2025-03,Equipe 9
S57T,2025-01-08,,2025-04,Equipe 9
S57T,2025-01-08,,2025-05,Equipe 9
S57T,2025-01-08,,2025-06,Equipe 9
S57T,2025-01-08,,2025-07,Equipe 9
S57T,2025-01-08,,2025-08,Equipe 9
S57T,2025-01-08,,2025-09,Equipe 9
S57T,2025-01-08,,2025-10,Equipe 9
S57T,2025-01-08,,2025-11,Equipe 9
S57T,2025-01-08,,2025-12,Equipe 9
ANTN,2025-07-28,,2025-08,Equipe 3
ANTN,2025-07-28,,2025-09,Equipe 3
ANTN,2025-07-28,,2025-10,Equipe 3
ANTN,2025-07-28,,2025-11,Equipe 3
ANTN,2025-07-28,,2025-12,Equipe 3
IQSU,2025-04-15,,2025-05,Equipe 17
IQSU,2025-04-15,,2025-06,Equipe 17
IQSU,2025-04-15,,2025-07,Equipe 17
IQSU,2025-04-15,,2025-08,Equipe 17
IQSU,2025-04-15,,2025-09,Equipe 17
IQSU,2025-04-15,,2025-10,Equipe 17
IQSU,2025-04-15,,2025-11,Equipe 17
IQSU,2025-04-15,,2025-12,Equipe 17
HA51,2025-10-13,,2025-11,Equipe 6
HA51,2025-10-13,,2025-12,Equipe 6
LIY8,2025-09-22,,2025-10,Equipe 1
LIY8,2025-09-22,,2025-11,Equipe 1
LIY8,2025-09-22,,2025-12,Equipe 1
O69W,2025-09-21,,2025-10,Equipe 2
O69W,2025-09-21,,2025-11,Equipe 2
O69W,2025-09-21,,2025-12,Equipe 2
EZC1,2025-05-22,2025-06-11,2025-06,Equipe 18
B3EU,2025-11-11,,2025-12,Equipe 17
1Z0S,2025-11-23,,2025-12,Equipe 17
HZBU,2025-04-05,,2025-05,Equipe 18
HZBU,2025-04-05,,2025-06,Equipe 18
HZBU,2025-04-05,,2025-07,Equipe 18
HZBU,2025-04-05,,2025-08,Equipe 18
HZBU,2025-04-05,,2025-09,Equipe 18
HZBU,2025-04-05,,2025-10,Equipe 18
HZBU,2025-04-05,,2025-11,Equipe 18
HZBU,2025-04-05,,2025-12,Equipe 18
K3XF,2025-01-26,,2025-02,Equipe 16
K3XF,2025-01-26,,2025-03,Equipe 16
K3XF,2025-01-26,,2025-04,Equipe 16
K3XF,2025-01-26,,2025-05,Equipe 16
K3XF,2025-01-26,,2025-06,Equipe 16
K3XF,2025-01-26,,2025-07,Equipe 16
K3XF,2025-01-26,,2025-08,Equipe 16
K3XF,2025-01-26,,2025-09,Equipe 16
K3XF,2025-01-26,,2025-10,Equipe 16
K3XF,2025-01-26,,2025-11,Equipe 16
K3XF,2025-01-26,,2025-12,Equipe 16
1GP1,2025-07-22,,2025-08,Equipe 9
1GP1,2025-07-22,,2025-09,Equipe 9
1GP1,2025-07-22,,2025-10,Equipe 9
1GP1,2025-07-22,,2025-11,Equipe 2
1GP1,2025-07-22,,2025-12,Equipe 2
Z7FZ,2025-12-01,,2025-12,Equipe 13
TVOV,2025-05-14,,2025-06,Equipe 18
TVOV,2025-05-14,,2025-07,Equipe 18
TVOV,2025-05-14,,2025-08,Equipe 18
TVOV,2025-05-14,,2025-09,Equipe 18
TVOV,2025-05-14,,2025-10,Equipe 18
TVOV,2025-05-14,,2025-11,Equipe 18
TVOV,2025-05-14,,2025-12,Equipe 18
KE6H,2025-10-23,,2025-11,Equipe 10
KE6H,2025-10-23,,2025-12,Equipe 10
76MW,2025-06-24,,2025-07,Equipe 15
76MW,2025-06-24,,2025-08,Equipe 15
76MW,2025-06-24,,2025-09,Equipe 15
76MW,2025-06-24,,2025-10,Equipe 15
76MW,2025-06-24,,2025-11,Equipe 15
76MW,2025-06-24,,2025-12,Equipe 15
WJPG,2025-11-26,,2025-12,Equipe 7
JQML,2025-09-10,,2025-10,Equipe 2
JQML,2025-09-10,,2025-11,Equipe 2
JQML,2025-09-10,,2025-12,Equipe 2
JEL5,2025-03-10,2025-05-24,2025-04,Equipe 7
JEL5,2025-03-10,2025-05-24,2025-05,Equipe 7
J2E4,2025-11-11,,2025-12,Equipe 14
2TRD,2025-06-08,,2025-07,Equipe 16
2TRD,2025-06-08,,2025-08,Equipe 5
2TRD,2025-06-08,,2025-09,Equipe 5
2TRD,2025-06-08,,2025-10,Equipe 5
2TRD,2025-06-08,,2025-11,Equipe 5
2TRD,2025-06-08,,2025-12,Equipe 5
W6ET,2025-07-26,,2025-08,Equipe 18
W6ET,2025-07-26,,2025-09,Equipe 18
W6ET,2025-07-26,,2025-10,Equipe 18
W6ET,2025-07-26,,2025-11,Equipe 18
W6ET,2025-07-26,,2025-12,Equipe 18
32CD,2025-05-19,,2025-06,Equipe 2
32CD,2025-05-19,,2025-07,Equipe 2
32CD,2025-05-19,,2025-08,Equipe 2
32CD,2025-05-19,,2025-09,Equipe 2
32CD,2025-05-19,,2025-10,Equipe 2
32CD,2025-05-19,,2025-11,Equipe 2
32CD,2025-05-19,,2025-12,Equipe 2
XSEF,2025-08-02,,2025-09,Equipe 12
XSEF,2025-08-02,,2025-10,Equipe 12
XSEF,2025-08-02,,2025-11,Equipe 12
XSEF,2025-08-02,,2025-12,Equipe 12
C2MU,2025-11-13,,2025-12,Equipe 7
46JD,2025-01-28,,2025-02,Equipe 3
46JD,2025-01-28,,2025-03,Equipe 9
46JD,2025-01-28,,2025-04,Equipe 9
46JD,2025-01-28,,2025-05,Equipe 9
46JD,2025-01-28,,2025-06,Equipe 9
46JD,2025-01-28,,2025-07,Equipe 9
46JD,2025-01-28,,2025-08,Equipe 9
46JD,2025-01-28,,2025-09,Equipe 9
46JD,2025-01-28,,2025-10,Equipe 9
46JD,2025-01-28,,2025-11,Equipe 9
46JD,2025-01-28,,2025-12,Equipe 9
2GVF,2025-04-11,,2025-05,Equipe 7
2GVF,2025-04-11,,2025-06,Equipe 7
2GVF,2025-04-11,,2025-07,Equipe 7
2GVF,2025-04-11,,2025-08,Equipe 7
2GVF,2025-04-11,,2025-09,Equipe 7
2GVF,2025-04-11,,2025-10,Equipe 7
2GVF,2025-04-11,,2025-11,Equipe 7
2GVF,2025-04-11,,2025-12,Equipe 7
6LCP,2025-08-05,,2025-09,Equipe 8
6LCP,2025-08-05,,2025-10,Equipe 8
6LCP,2025-08-05,,2025-11,Equipe 8
6LCP,2025-08-05,,2025-12,Equipe 8
2277,2025-02-16,,2025-03,Equipe 14
2277,2025-02-16,,2025-04,Equipe 14
2277,2025-02-16,,2025-05,Equipe 14
2277,2025-02-16,,2025-06,Equipe 2
2277,2025-02-16,,2025-07,Equipe 2
2277,2025-02-16,,2025-08,Equipe 2
2277,2025-02-16,,2025-09,Equipe 2
2277,2025-02-16,,2025-10,Equipe 2
2277,2025-02-16,,2025-11,Equipe 2
2277,2025-02-16,,2025-12,Equipe 2
KXXS,2025-06-21,2025-09-09,2025-07,Equipe 14
KXXS,2025-06-21,2025-09-09,2025-08,Equipe 14
KXXS,2025-06-21,2025-09-09,2025-09,Equipe 14
Y0VD,2025-03-19,,2025-04,Equipe 15
Y0VD,2025-03-19,,2025-05,Equipe 15
Y0VD,2025-03-19,,2025-06,Equipe 15
Y0VD,2025-03-19,,2025-07,Equipe 15
Y0VD,2025-03-19,,2025-08,Equipe 15
Y0VD,2025-03-19,,2025-09,Equipe 15
Y0VD,2025-03-19,,2025-10,Equipe 15
Y0VD,2025-03-19,,2025-11,Equipe 15
Y0VD,2025-03-19,,2025-12,Equipe 15
VEVG,2025-02-05,,2025-03,Equipe 5
VEVG,2025-02-05,,2025-04,Equipe 5
VEVG,2025-02-05,,2025-05,Equipe 5
VEVG,2025-02-05,,2025-06,Equipe 5
VEVG,2025-02-05,,2025-07,Equipe 5
VEVG,2025-02-05,,2025-08,Equipe 5
VEVG,2025-02-05,,2025-09,Equipe 5
VEVG,2025-02-05,,2025-10,Equipe 5
VEVG,2025-02-05,,2025-11,Equipe 5
VEVG,2025-02-05,,2025-12,Equipe 5
9YSQ,2025-07-14,,2025-08,Equipe 3
9YSQ,2025-07-14,,2025-09,Equipe 3
9YSQ,2025-07-14,,2025-10,Equipe 3
9YSQ,2025-07-14,,2025-11,Equipe 3
9YSQ,2025-07-14,,2025-12,Equipe 3
JVFJ,2025-01-02,,2025-02,Equipe 20
JVFJ,2025-01-02,,2025-03,Equipe 18
JVFJ,2025-01-02,,2025-04,Equipe 18
JVFJ,2025-01-02,,2025-05,Equipe 18
JVFJ,2025-01-02,,2025-06,Equipe 18
JVFJ,2025-01-02,,2025-07,Equipe 18
JVFJ,2025-01-02,,2025-08,Equipe 1
JVFJ,2025-01-02,,2025-09,Equipe 1
JVFJ,2025-01-02,,2025-10,Equipe 1
JVFJ,2025-01-02,,2025-11,Equipe 1
JVFJ,2025-01-02,,2025-12,Equipe 1
WTZI,2025-01-11,,2025-02,Equipe 2
WTZI,2025-01-11,,2025-03,Equipe 2
WTZI,2025-01-11,,2025-04,Equipe 2
WTZI,2025-01-11,,2025-05,Equipe 2
WTZI,2025-01-11,,2025-06,Equipe 2
WTZI,2025-01-11,,2025-07,Equipe 2
WTZI,2025-01-11,,2025-08,Equipe 17
WTZI,2025-01-11,,2025-09,Equipe 17
WTZI,2025-01-11,,2025-10,Equipe 17
WTZI,2025-01-11,,2025-11,Equipe 17
WTZI,2025-01-11,,2025-12,Equipe 17
FT9Y,2025-04-01,,2025-04,Equipe 6
FT9Y,2025-04-01,,2025-05,Equipe 6
FT9Y,2025-04-01,,2025-06,Equipe 6
FT9Y,2025-04-01,,2025-07,Equipe 6
FT9Y,2025-04-01,,2025-08,Equipe 6
FT9Y,2025-04-01,,2025-09,Equipe 6
FT9Y,2025-04-01,,2025-10,Equipe 6
FT9Y,2025-04-01,,2025-11,Equipe 6
FT9Y,2025-04-01,,2025-12,Equipe 17
VI7F,2025-04-23,,2025-05,Equipe 16
VI7F,2025-04-23,,2025-06,Equipe 16
VI7F,2025-04-23,,2025-07,Equipe 16
VI7F,2025-04-23,,2025-08,Equipe 16
VI7F,2025-04-23,,2025-09,Equipe 16
VI7F,2025-04-23,,2025-10,Equipe 16
VI7F,2025-04-23,,2025-11,Equipe 16
VI7F,2025-04-23,,2025-12,Equipe 16
16XB,2025-03-04,,2025-04,Equipe 18
16XB,2025-03-04,,2025-05,Equipe 18
16XB,2025-03-04,,2025-06,Equipe 18
16XB,2025-03-04,,2025-07,Equipe 18
16XB,2025-03-04,,2025-08,Equipe 18
16XB,2025-03-04,,2025-09,Equipe 18
16XB,2025-03-04,,2025-10,Equipe 18
16XB,2025-03-04,,2025-11,Equipe 18
16XB,2025-03-04,,2025-12,Equipe 18
V5MO,2025-08-24,,2025-09,Equipe 18
V5MO,2025-08-24,,2025-10,Equipe 18
V5MO,2025-08-24,,2025-11,Equipe 18
V5MO,2025-08-24,,2025-12,Equipe 18
IJES,2025-06-14,,2025-07,Equipe 6
IJES,2025-06-14,,2025-08,Equipe 6
IJES,2025-06-14,,2025-09,Equipe 6
IJES,2025-06-14,,2025-10,Equipe 6
IJES,2025-06-14,,2025-11,Equipe 6
IJES,2025-06-14,,2025-12,Equipe 6
G687,2025-06-16,,2025-07,Equipe 13
G687,2025-06-16,,2025-08,Equipe 6
G687,2025-06-16,,2025-09,Equipe 6
G687,2025-06-16,,2025-10,Equipe 6
G687,2025-06-16,,2025-11,Equipe 6
G687,2025-06-16,,2025-12,Equipe 6
CVIY,2025-03-26,,2025-04,Equipe 15
CVIY,2025-03-26,,2025-05,Equipe 15
CVIY,2025-03-26,,2025-06,Equipe 15
CVIY,2025-03-26,,2025-07,Equipe 15
CVIY,2025-03-26,,2025-08,Equipe 15
CVIY,2025-03-26,,2025-09,Equipe 15
CVIY,2025-03-26,,2025-10,Equipe 15
CVIY,2025-03-26,,2025-11,Equipe 15
CVIY,2025-03-26,,2025-12,Equipe 15
JKLK,2025-04-24,,2025-05,Equipe 16
JKLK,2025-04-24,,2025-06,Equipe 16
JKLK,2025-04-24,,2025-07,Equipe 16
JKLK,2025-04-24,,2025-08,Equipe 16
JKLK,2025-04-24,,2025-09,Equipe 16
JKLK,2025-04-24,,2025-10,Equipe 16
JKLK,2025-04-24,,2025-11,Equipe 16
JKLK,2025-04-24,,2025-12,Equipe 2
2C0X,2025-12-01,,2025-12,Equipe 15
P2S2,2025-02-12,,2025-03,Equipe 14
P2S2,2025-02-12,,2025-04,Equipe 14
P2S2,2025-02-12,,2025-05,Equipe 14
P2S2,2025-02-12,,2025-06,Equipe 14
P2S2,2025-02-12,,2025-07,Equipe 14
P2S2,2025-02-12,,2025-08,Equipe 14
P2S2,2025-02-12,,2025-09,Equipe 14
P2S2,2025-02-12,,2025-10,Equipe 12
P2S2,2025-02-12,,2025-11,Equipe 12
P2S2,2025-02-12,,2025-12,Equipe 12
O8PT,2025-07-21,,2025-08,Equipe 10
O8PT,2025-07-21,,2025-09,Equipe 10
O8PT,2025-07-21,,2025-10,Equipe 10
O8PT,2025-07-21,,2025-11,Equipe 10
O8PT,2025-07-21,,2025-12,Equipe 10
4MX2,2025-10-02,,2025-11,Equipe 7
4MX2,2025-10-02,,2025-12,Equipe 7
3SY6,2025-11-04,,2025-12,Equipe 10
70KM,2025-01-23,2025-08-13,2025-02,Equipe 1
70KM,2025-01-23,2025-08-13,2025-03,Equipe 1
70KM,2025-01-23,2025-08-13,2025-04,Equipe 12
70KM,2025-01-23,2025-08-13,2025-05,Equipe 6
70KM,2025-01-23,2025-08-13,2025-06,Equipe 6
70KM,2025-01-23,2025-08-13,2025-07,Equipe 6
70KM,2025-01-23,2025-08-13,2025-08,Equipe 6
IQD4,2025-09-09,,2025-10,Equipe 18
IQD4,2025-09-09,,2025-11,Equipe 18
IQD4,2025-09-09,,2025-12,Equipe 18
X9G7,2025-04-23,,2025-05,Equipe 13
X9G7,2025-04-23,,2025-06,Equipe 13
X9G7,2025-04-23,,2025-07,Equipe 13
X9G7,2025-04-23,,2025-08,Equipe 13
X9G7,2025-04-23,,2025-09,Equipe 13
X9G7,2025-04-23,,2025-10,Equipe 13
X9G7,2025-04-23,,2025-11,Equipe 13
X9G7,2025-04-23,,2025-12,Equipe 13
HSFK,2025-05-14,,2025-06,Equipe 1
HSFK,2025-05-14,,2025-07,Equipe 1
HSFK,2025-05-14,,2025-08,Equipe 1
HSFK,2025-05-14,,2025-09,Equipe 1
HSFK,2025-05-14,,2025-10,Equipe 1
HSFK,2025-05-14,,2025-11,Equipe 1
HSFK,2025-05-14,,2025-12,Equipe 1
R26J,2025-05-20,,2025-06,Equipe 6
R26J,2025-05-20,,2025-07,Equipe 6
R26J,2025-05-20,,2025-08,Equipe 6
R26J,2025-05-20,,2025-09,Equipe 15
R26J,2025-05-20,,2025-10,Equipe 15
R26J,2025-05-20,,2025-11,Equipe 15
R26J,2025-05-20,,2025-12,Equipe 15
1FO2,2025-07-27,,2025-08,Equipe 13
1FO2,2025-07-27,,2025-09,Equipe 12
1FO2,2025-07-27,,2025-10,Equipe 12
1FO2,2025-07-27,,2025-11,Equipe 12
1FO2,2025-07-27,,2025-12,Equipe 12
Z6XP,2025-08-07,,2025-09,Equipe 12
Z6XP,2025-08-07,,2025-10,Equipe 12
Z6XP,2025-08-07,,2025-11,Equipe 12
Z6XP,2025-08-07,,2025-12,Equipe 12
YFXO,2025-09-07,,2025-10,Equipe 17
YFXO,2025-09-07,,2025-11,Equipe 17
YFXO,2025-09-07,,2025-12,Equipe 17
BUGV,2025-05-06,2025-12-07,2025-06,Equipe 3
BUGV,2025-05-06,2025-12-07,2025-07,Equipe 3
BUGV,2025-05-06,2025-12-07,2025-08,Equipe 3
BUGV,2025-05-06,2025-12-07,2025-09,Equipe 3
BUGV,2025-05-06,2025-12-07,2025-10,Equipe 3
BUGV,2025-05-06,2025-12-07,2025-11,Equipe 3
BUGV,2025-05-06,2025-12-07,2025-12,Equipe 3
JICS,2025-06-08,2025-11-03,2025-07,Equipe 5
JICS,2025-06-08,2025-11-03,2025-08,Equipe 5
JICS,2025-06-08,2025-11-03,2025-09,Equipe 5
JICS,2025-06-08,2025-11-03,2025-10,Equipe 5
JICS,2025-06-08,2025-11-03,2025-11,Equipe 5
4I42,2025-10-22,,2025-11,Equipe 12
4I42,2025-10-22,,2025-12,Equipe 12
AFBQ,2025-09-03,,2025-10,Equipe 11
AFBQ,2025-09-03,,2025-11,Equipe 11
AFBQ,2025-09-03,,2025-12,Equipe 11
NJ97,2025-05-21,,2025-06,Equipe 12
NJ97,2025-05-21,,2025-07,Equipe 12
NJ97,2025-05-21,,2025-08,Equipe 12
NJ97,2025-05-21,,2025-09,Equipe 12
NJ97,2025-05-21,,2025-10,Equipe 12
NJ97,2025-05-21,,2025-11,Equipe 12
NJ97,2025-05-21,,2025-12,Equipe 12
1HSP,2025-05-15,2025-07-28,2025-06,Equipe 18
1HSP,2025-05-15,2025-07-28,2025-07,Equipe 18
THDP,2025-05-12,,2025-06,Equipe 10
THDP,2025-05-12,,2025-07,Equipe 5
THDP,2025-05-12,,2025-08,Equipe 5
THDP,2025-05-12,,2025-09,Equipe 5
THDP,2025-05-12,,2025-10,Equipe 5
THDP,2025-05-12,,2025-11,Equipe 5
THDP,2025-05-12,,2025-12,Equipe 5
58B6,2025-11-21,2025-12-15,2025-12,Equipe 13
PJS1,2025-05-24,2025-10-06,2025-06,Equipe 9
PJS1,2025-05-24,2025-10-06,2025-07,Equipe 9
PJS1,2025-05-24,2025-10-06,2025-08,Equipe 9
PJS1,2025-05-24,2025-10-06,2025-09,Equipe 9
PJS1,2025-05-24,2025-10-06,2025-10,Equipe 9
AWP0,2025-07-13,,2025-08,Equipe 12
AWP0,2025-07-13,,2025-09,Equipe 12
AWP0,2025-07-13,,2025-10,Equipe 12
AWP0,2025-07-13,,2025-11,Equipe 12
AWP0,2025-07-13,,2025-12,Equipe 12
LF7X,2025-07-23,,2025-08,Equipe 17
LF7X,2025-07-23,,2025-09,Equipe 17
LF7X,2025-07-23,,2025-10,Equipe 17
LF7X,2025-07-23,,2025-11,Equipe 17
LF7X,2025-07-23,,2025-12,Equipe 17
69BY,2025-03-04,,2025-04,Equipe 10
69BY,2025-03-04,,2025-05,Equipe 10
69BY,2025-03-04,,2025-06,Equipe 10
69BY,2025-03-04,,2025-07,Equipe 10
69BY,2025-03-04,,2025-08,Equipe 10
69BY,2025-03-04,,2025-09,Equipe 10
69BY,2025-03-04,,2025-10,Equipe 10
69BY,2025-03-04,,2025-11,Equipe 10
69BY,2025-03-04,,2025-12,Equipe 10
4CYX,2025-08-26,,2025-09,Equipe 8
4CYX,2025-08-26,,2025-10,Equipe 8
4CYX,2025-08-26,,2025-11,Equipe 8
4CYX,2025-08-26,,2025-12,Equipe 8
QBWE,2025-03-20,,2025-04,Equipe 4
QBWE,2025-03-20,,2025-05,Equipe 4
QBWE,2025-03-20,,2025-06,Equipe 10
QBWE,2025-03-20,,2025-07,Equipe 10
QBWE,2025-03-20,,2025-08,Equipe 10
QBWE,2025-03-20,,2025-09,Equipe 14
QBWE,2025-03-20,,2025-10,Equipe 14
QBWE,2025-03-20,,2025-11,Equipe 14
QBWE,2025-03-20,,2025-12,Equipe 14
WPGV,2025-10-01,,2025-10,Equipe 2
WPGV,2025-10-01,,2025-11,Equipe 2
WPGV,2025-10-01,,2025-12,Equipe 2
ICW8,2025-08-16,2025-11-15,2025-09,Equipe 13
ICW8,2025-08-16,2025-11-15,2025-10,Equipe 13
ICW8,2025-08-16,2025-11-15,2025-11,Equipe 13
VL34,2025-02-09,,2025-03,Equipe 10
VL34,2025-02-09,,2025-04,Equipe 10
VL34,2025-02-09,,2025-05,Equipe 10
VL34,2025-02-09,,2025-06,Equipe 10
VL34,2025-02-09,,2025-07,Equipe 10
VL34,2025-02-09,,2025-08,Equipe 10
VL34,2025-02-09,,2025-09,Equipe 10
VL34,2025-02-09,,2025-10,Equipe 10
VL34,2025-02-09,,2025-11,Equipe 3
VL34,2025-02-09,,2025-12,Equipe 3
MCUT,2025-09-17,,2025-10,Equipe 19
MCUT,2025-09-17,,2025-11,Equipe 19
MCUT,2025-09-17,,2025-12,Equipe 19
6Z84,2025-02-14,,2025-03,Equipe 9
6Z84,2025-02-14,,2025-04,Equipe 14
6Z84,2025-02-14,,2025-05,Equipe 14
6Z84,2025-02-14,,2025-06,Equipe 14
6Z84,2025-02-14,,2025-07,Equipe 14
6Z84,2025-02-14,,2025-08,Equipe 14
6Z84,2025-02-14,,2025-09,Equipe 14
6Z84,2025-02-14,,2025-10,Equipe 14
6Z84,2025-02-14,,2025-11,Equipe 14
6Z84,2025-02-14,,2025-12,Equipe 14
QCMS,2025-08-12,,2025-09,Equipe 16
QCMS,2025-08-12,,2025-10,Equipe 16
QCMS,2025-08-12,,2025-11,Equipe 16
QCMS,2025-08-12,,2025-12,Equipe 16
WDVR,2025-03-27,,2025-04,Equipe 20
WDVR,2025-03-27,,2025-05,Equipe 20
WDVR,2025-03-27,,2025-06,Equipe 20
WDVR,2025-03-27,,2025-07,Equipe 20
WDVR,2025-03-27,,2025-08,Equipe 20
WDVR,2025-03-27,,2025-09,Equipe 20
WDVR,2025-03-27,,2025-10,Equipe 20
WDVR,2025-03-27,,2025-11,Equipe 20
WDVR,2025-03-27,,2025-12,Equipe 20
HX1Z,2025-01-01,,2025-01,Equipe 9
HX1Z,2025-01-01,,2025-02,Equipe 9
HX1Z,2025-01-01,,2025-03,Equipe 10
HX1Z,2025-01-01,,2025-04,Equipe 10
HX1Z,2025-01-01,,2025-05,Equipe 10
HX1Z,2025-01-01,,2025-06,Equipe 10
HX1Z,2025-01-01,,2025-07,Equipe 10
HX1Z,2025-01-01,,2025-08,Equipe 10
HX1Z,2025-01-01,,2025-09,Equipe 10
HX1Z,2025-01-01,,2025-10,Equipe 10
HX1Z,2025-01-01,,2025-11,Equipe 10
HX1Z,2025-01-01,,2025-12,Equipe 10
2YVL,2025-09-28,,2025-10,Equipe 14
2YVL,2025-09-28,,2025-11,Equipe 14
2YVL,2025-09-28,,2025-12,Equipe 14
55X7,2025-03-03,,2025-04,Equipe 5
55X7,2025-03-03,,2025-05,Equipe 5
55X7,2025-03-03,,2025-06,Equipe 5
55X7,2025-03-03,,2025-07,Equipe 5
55X7,2025-03-03,,2025-08,Equipe 5
55X7,2025-03-03,,2025-09,Equipe 5
55X7,2025-03-03,,2025-10,Equipe 5
55X7,2025-03-03,,2025-11,Equipe 5
55X7,2025-03-03,,2025-12,Equipe 3
RF1F,2025-04-11,,2025-05,Equipe 19
RF1F,2025-04-11,,2025-06,Equipe 19
RF1F,2025-04-11,,2025-07,Equipe 19
RF1F,2025-04-11,,2025-08,Equipe 19
RF1F,2025-04-11,,2025-09,Equipe 19
RF1F,2025-04-11,,2025-10,Equipe 19
RF1F,2025-04-11,,2025-11,Equipe 19
RF1F,2025-04-11,,2025-12,Equipe 19
1L8S,2025-09-08,,2025-10,Equipe 10
1L8S,2025-09-08,,2025-11,Equipe 10
1L8S,2025-09-08,,2025-12,Equipe 10
UGFU,2025-07-27,,2025-08,Equipe 20
UGFU,2025-07-27,,2025-09,Equipe 20
UGFU,2025-07-27,,2025-10,Equipe 20
UGFU,2025-07-27,,2025-11,Equipe 20
UGFU,2025-07-27,,2025-12,Equipe 20
ST21,2025-08-26,,2025-09,Equipe 4
ST21,2025-08-26,,2025-10,Equipe 4
ST21,2025-08-26,,2025-11,Equipe 4
ST21,2025-08-26,,2025-12,Equipe 4
K2W2,2025-08-15,,2025-09,Equipe 11
K2W2,2025-08-15,,2025-10,Equipe 11
K2W2,2025-08-15,,2025-11,Equipe 11
K2W2,2025-08-15,,2025-12,Equipe 11
6KBJ,2025-10-21,,2025-11,Equipe 9
6KBJ,2025-10-21,,2025-12,Equipe 8
2CIE,2025-09-07,,2025-10,Equipe 6
2CIE,2025-09-07,,2025-11,Equipe 6
2CIE,2025-09-07,,2025-12,Equipe 6
PXXY,2025-06-12,,2025-07,Equipe 4
PXXY,2025-06-12,,2025-08,Equipe 4
PXXY,2025-06-12,,2025-09,Equipe 4
PXXY,2025-06-12,,2025-10,Equipe 4
PXXY,2025-06-12,,2025-11,Equipe 4
PXXY,2025-06-12,,2025-12,Equipe 4
CJ2X,2025-08-11,,2025-09,Equipe 16
CJ2X,2025-08-11,,2025-10,Equipe 16
CJ2X,2025-08-11,,2025-11,Equipe 16
CJ2X,2025-08-11,,2025-12,Equipe 16
X2EI,2025-10-16,,2025-11,Equipe 9
X2EI,2025-10-16,,2025-12,Equipe 9
RPHB,2025-06-27,,2025-07,Equipe 19
RPHB,2025-06-27,,2025-08,Equipe 19
RPHB,2025-06-27,,2025-09,Equipe 19
RPHB,2025-06-27,,2025-10,Equipe 19
RPHB,2025-06-27,,2025-11,Equipe 19
RPHB,2025-06-27,,2025-12,Equipe 19
L57Y,2025-09-17,,2025-10,Equipe 18
L57Y,2025-09-17,,2025-11,Equipe 18
L57Y,2025-09-17,,2025-12,Equipe 6
9HQQ,2025-01-06,,2025-02,Equipe 12
9HQQ,2025-01-06,,2025-03,Equipe 12
9HQQ,2025-01-06,,2025-04,Equipe 12
9HQQ,2025-01-06,,2025-05,Equipe 12
9HQQ,2025-01-06,,2025-06,Equipe 12
9HQQ,2025-01-06,,2025-07,Equipe 12
9HQQ,2025-01-06,,2025-08,Equipe 12
9HQQ,2025-01-06,,2025-09,Equipe 12
9HQQ,2025-01-06,,2025-10,Equipe 12
9HQQ,2025-01-06,,2025-11,Equipe 12
9HQQ,2025-01-06,,2025-12,Equipe 12
2NS5,2025-02-09,,2025-03,Equipe 3
2NS5,2025-02-09,,2025-04,Equipe 3
2NS5,2025-02-09,,2025-05,Equipe 3
2NS5,2025-02-09,,2025-06,Equipe 3
2NS5,2025-02-09,,2025-07,Equipe 3
2NS5,2025-02-09,,2025-08,Equipe 3
2NS5,2025-02-09,,2025-09,Equipe 3
2NS5,2025-02-09,,2025-10,Equipe 3
2NS5,2025-02-09,,2025-11,Equipe 3
2NS5,2025-02-09,,2025-12,Equipe 3
MHIE,2025-02-28,,2025-03,Equipe 15
MHIE,2025-02-28,,2025-04,Equipe 15
MHIE,2025-02-28,,2025-05,Equipe 15
MHIE,2025-02-28,,2025-06,Equipe 15
MHIE,2025-02-28,,2025-07,Equipe 15
MHIE,2025-02-28,,2025-08,Equipe 15
MHIE,2025-02-28,,2025-09,Equipe 15
MHIE,2025-02-28,,2025-10,Equipe 15
MHIE,2025-02-28,,2025-11,Equipe 15
MHIE,2025-02-28,,2025-12,Equipe 15
2L2F,2025-04-23,,2025-05,Equipe 4
2L2F,2025-04-23,,2025-06,Equipe 4
2L2F,2025-04-23,,2025-07,Equipe 4
2L2F,2025-04-23,,2025-08,Equipe 4
2L2F,2025-04-23,,2025-09,Equipe 4
2L2F,2025-04-23,,2025-10,Equipe 4
2L2F,2025-04-23,,2025-11,Equipe 4
2L2F,2025-04-23,,2025-12,Equipe 14
UWE9,2025-01-21,,2025-02,Equipe 3
UWE9,2025-01-21,,2025-03,Equipe 17
UWE9,2025-01-21,,2025-04,Equipe 17
UWE9,2025-01-21,,2025-05,Equipe 17
UWE9,2025-01-21,,2025-06,Equipe 17
UWE9,2025-01-21,,2025-07,Equipe 17
UWE9,2025-01-21,,2025-08,Equipe 17
UWE9,2025-01-21,,2025-09,Equipe 11
UWE9,2025-01-21,,2025-10,Equipe 11
UWE9,2025-01-21,,2025-11,Equipe 11
UWE9,2025-01-21,,2025-12,Equipe 11
8STK,2025-02-25,,2025-03,Equipe 8
8STK,2025-02-25,,2025-04,Equipe 8
8STK,2025-02-25,,2025-05,Equipe 8
8STK,2025-02-25,,2025-06,Equipe 8
8STK,2025-02-25,,2025-07,Equipe 8
8STK,2025-02-25,,2025-08,Equipe 8
8STK,2025-02-25,,2025-09,Equipe 8
8STK,2025-02-25,,2025-10,Equipe 8
8STK,2025-02-25,,2025-11,Equipe 8
8STK,2025-02-25,,2025-12,Equipe 8
LX6O,2025-11-19,,2025-12,Equipe 4
HMIP,2025-08-01,,2025-08,Equipe 13
HMIP,2025-08-01,,2025-09,Equipe 13
HMIP,2025-08-01,,2025-10,Equipe 13
HMIP,2025-08-01,,2025-11,Equipe 13
HMIP,2025-08-01,,2025-12,Equipe 13
5BX9,2025-09-14,,2025-10,Equipe 10
5BX9,2025-09-14,,2025-11,Equipe 10
5BX9,2025-09-14,,2025-12,Equipe 10
X39I,2025-09-25,,2025-10,Equipe 5
X39I,2025-09-25,,2025-11,Equipe 5
X39I,2025-09-25,,2025-12,Equipe 5
4700,2025-11-20,,2025-12,Equipe 20
EIUE,2025-09-13,,2025-10,Equipe 19
EIUE,2025-09-13,,2025-11,Equipe 19
EIUE,2025-09-13,,2025-12,Equipe 19
I9LI,2025-06-10,,2025-07,Equipe 20
I9LI,2025-06-10,,2025-08,Equipe 20
I9LI,2025-06-10,,2025-09,Equipe 20
I9LI,2025-06-10,,2025-10,Equipe 20
I9LI,2025-06-10,,2025-11,Equipe 20
I9LI,2025-06-10,,2025-12,Equipe 20
16DH,2025-03-14,,2025-04,Equipe 13
16DH,2025-03-14,,2025-05,Equipe 13
16DH,2025-03-14,,2025-06,Equipe 13
16DH,2025-03-14,,2025-07,Equipe 13
16DH,2025-03-14,,2025-08,Equipe 13
16DH,2025-03-14,,2025-09,Equipe 13
16DH,2025-03-14,,2025-10,Equipe 13
16DH,2025-03-14,,2025-11,Equipe 13
16DH,2025-03-14,,2025-12,Equipe 13
7JTK,2025-05-27,,2025-06,Equipe 6
7JTK,2025-05-27,,2025-07,Equipe 6
7JTK,2025-05-27,,2025-08,Equipe 6
7JTK,2025-05-27,,2025-09,Equipe 6
7JTK,2025-05-27,,2025-10,Equipe 6
7JTK,2025-05-27,,2025-11,Equipe 10
7JTK,2025-05-27,,2025-12,Equipe 10
7SFQ,2025-04-07,,2025-05,Equipe 15
7SFQ,2025-04-07,,2025-06,Equipe 15
7SFQ,2025-04-07,,2025-07,Equipe 15
7SFQ,2025-04-07,,2025-08,Equipe 15
7SFQ,2025-04-07,,2025-09,Equipe 15
7SFQ,2025-04-07,,2025-10,Equipe 15
7SFQ,2025-04-07,,2025-11,Equipe 15
7SFQ,2025-04-07,,2025-12,Equipe 15
M9RI,2025-11-12,,2025-12,Equipe 18
KJKV,2025-09-18,,2025-10,Equipe 14
KJKV,2025-09-18,,2025-11,Equipe 14
KJKV,2025-09-18,,2025-12,Equipe 14
QN0B,2025-08-19,,2025-09,Equipe 7
QN0B,2025-08-19,,2025-10,Equipe 7
QN0B,2025-08-19,,2025-11,Equipe 7
QN0B,2025-08-19,,2025-12,Equipe 7
58ST,2025-11-24,,2025-12,Equipe 3
4PZT,2025-05-28,,2025-06,Equipe 7
4PZT,2025-05-28,,2025-07,Equipe 7
4PZT,2025-05-28,,2025-08,Equipe 7
4PZT,2025-05-28,,2025-09,Equipe 7
4PZT,2025-05-28,,2025-10,Equipe 7
4PZT,2025-05-28,,2025-11,Equipe 7
4PZT,2025-05-28,,2025-12,Equipe 7
3EDK,2025-09-04,2025-10-02,2025-10,Equipe 1
2043,2025-04-09,,2025-05,Equipe 11
2043,2025-04-09,,2025-06,Equipe 11
2043,2025-04-09,,2025-07,Equipe 11
2043,2025-04-09,,2025-08,Equipe 11
2043,2025-04-09,,2025-09,Equipe 11
2043,2025-04-09,,2025-10,Equipe 11
2043,2025-04-09,,2025-11,Equipe 11
2043,2025-04-09,,2025-12,Equipe 11
NVJU,2025-05-22,,2025-06,Equipe 14
NVJU,2025-05-22,,2025-07,Equipe 14
NVJU,2025-05-22,,2025-08,Equipe 14
NVJU,2025-05-22,,2025-09,Equipe 14
NVJU,2025-05-22,,2025-10,Equipe 14
NVJU,2025-05-22,,2025-11,Equipe 14
NVJU,2025-05-22,,2025-12,Equipe 14
X69G,2025-01-12,,2025-02,Equipe 7
X69G,2025-01-12,,2025-03,Equipe 7
X69G,2025-01-12,,2025-04,Equipe 10
X69G,2025-01-12,,2025-05,Equipe 10
X69G,2025-01-12,,2025-06,Equipe 10
X69G,2025-01-12,,2025-07,Equipe 10
X69G,2025-01-12,,2025-08,Equipe 10
X69G,2025-01-12,,2025-09,Equipe 15
X69G,2025-01-12,,2025-10,Equipe 15
X69G,2025-01-12,,2025-11,Equipe 15
X69G,2025-01-12,,2025-12,Equipe 15
UP3H,2025-10-28,,2025-11,Equipe 12
UP3H,2025-10-28,,2025-12,Equipe 12
R2PJ,2025-04-24,,2025-05,Equipe 7
R2PJ,2025-04-24,,2025-06,Equipe 7
R2PJ,2025-04-24,,2025-07,Equipe 7
R2PJ,2025-04-24,,2025-08,Equipe 7
R2PJ,2025-04-24,,2025-09,Equipe 7
R2PJ,2025-04-24,,2025-10,Equipe 7
R2PJ,2025-04-24,,2025-11,Equipe 7
R2PJ,2025-04-24,,2025-12,Equipe 7
GDSY,2025-04-17,,2025-05,Equipe 20
GDSY,2025-04-17,,2025-06,Equipe 20
GDSY,2025-04-17,,2025-07,Equipe 20
GDSY,2025-04-17,,2025-08,Equipe 20
GDSY,2025-04-17,,2025-09,Equipe 20
GDSY,2025-04-17,,2025-10,Equipe 20
GDSY,2025-04-17,,2025-11,Equipe 20
GDSY,2025-04-17,,2025-12,Equipe 20
UMK5,2025-11-11,,2025-12,Equipe 3
635T,2025-01-24,,2025-02,Equipe 10
635T,2025-01-24,,2025-03,Equipe 10
635T,2025-01-24,,2025-04,Equipe 10
635T,2025-01-24,,2025-05,Equipe 10
635T,2025-01-24,,2025-06,Equipe 10
635T,2025-01-24,,2025-07,Equipe 10
635T,2025-01-24,,2025-08,Equipe 10
635T,2025-01-24,,2025-09,Equipe 10
635T,2025-01-24,,2025-10,Equipe 10
635T,2025-01-24,,2025-11,Equipe 10
635T,2025-01-24,,2025-12,Equipe 10
5BFZ,2025-08-27,,2025-09,Equipe 9
5BFZ,2025-08-27,,2025-10,Equipe 9
5BFZ,2025-08-27,,2025-11,Equipe 9
5BFZ,2025-08-27,,2025-12,Equipe 9
63PN,2025-10-18,,2025-11,Equipe 2
63PN,2025-10-18,,2025-12,Equipe 2
AG1I,2025-02-13,2025-06-18,2025-03,Equipe 6
AG1I,2025-02-13,2025-06-18,2025-04,Equipe 6
AG1I,2025-02-13,2025-06-18,2025-05,Equipe 6
AG1I,2025-02-13,2025-06-18,2025-06,Equipe 6
QXZX,2025-03-06,,2025-04,Equipe 17
QXZX,2025-03-06,,2025-05,Equipe 17
QXZX,2025-03-06,,2025-06,Equipe 17
QXZX,2025-03-06,,2025-07,Equipe 17
QXZX,2025-03-06,,2025-08,Equipe 17
QXZX,2025-03-06,,2025-09,Equipe 17
QXZX,2025-03-06,,2025-10,Equipe 17
QXZX,2025-03-06,,2025-11,Equipe 17
QXZX,2025-03-06,,2025-12,Equipe 17
CZD9,2025-01-11,,2025-02,Equipe 17
CZD9,2025-01-11,,2025-03,Equipe 17
CZD9,2025-01-11,,2025-04,Equipe 17
CZD9,2025-01-11,,2025-05,Equipe 17
CZD9,2025-01-11,,2025-06,Equipe 17
CZD9,2025-01-11,,2025-07,Equipe 17
CZD9,2025-01-11,,2025-08,Equipe 17
CZD9,2025-01-11,,2025-09,Equipe 17
CZD9,2025-01-11,,2025-10,Equipe 17
CZD9,2025-01-11,,2025-11,Equipe 17
CZD9,2025-01-11,,2025-12,Equipe 17
MX9S,2025-01-05,,2025-02,Equipe 13
MX9S,2025-01-05,,2025-03,Equipe 13
MX9S,2025-01-05,,2025-04,Equipe 13
MX9S,2025-01-05,,2025-05,Equipe 13
MX9S,2025-01-05,,2025-06,Equipe 13
MX9S,2025-01-05,,2025-07,Equipe 13
MX9S,2025-01-05,,2025-08,Equipe 13
MX9S,2025-01-05,,2025-09,Equipe 13
MX9S,2025-01-05,,2025-10,Equipe 13
MX9S,2025-01-05,,2025-11,Equipe 13
MX9S,2025-01-05,,2025-12,Equipe 13
EY62,2025-01-25,,2025-02,Equipe 9
EY62,2025-01-25,,2025-03,Equipe 9
EY62,2025-01-25,,2025-04,Equipe 9
EY62,2025-01-25,,2025-05,Equipe 9
EY62,2025-01-25,,2025-06,Equipe 9
EY62,2025-01-25,,2025-07,Equipe 9
EY62,2025-01-25,,2025-08,Equipe 9
EY62,2025-01-25,,2025-09,Equipe 9
EY62,2025-01-25,,2025-10,Equipe 9
EY62,2025-01-25,,2025-11,Equipe 9
EY62,2025-01-25,,2025-12,Equipe 9
9RHI,2025-11-10,,2025-12,Equipe 9
GZXV,2025-09-12,2025-11-17,2025-10,Equipe 8
GZXV,2025-09-12,2025-11-17,2025-11,Equipe 8
9XJM,2025-03-17,2025-11-06,2025-04,Equipe 6
9XJM,2025-03-17,2025-11-06,2025-05,Equipe 6
9XJM,2025-03-17,2025-11-06,2025-06,Equipe 6
9XJM,2025-03-17,2025-11-06,2025-07,Equipe 6
9XJM,2025-03-17,2025-11-06,2025-08,Equipe 6
9XJM,2025-03-17,2025-11-06,2025-09,Equipe 6
9XJM,2025-03-17,2025-11-06,2025-10,Equipe 6
9XJM,2025-03-17,2025-11-06,2025-11,Equipe 6
6Z6C,2025-09-18,,2025-10,Equipe 3
6Z6C,2025-09-18,,2025-11,Equipe 3
6Z6C,2025-09-18,,2025-12,Equipe 3
CCIV,2025-04-07,,2025-05,Equipe 2
CCIV,2025-04-07,,2025-06,Equipe 2
CCIV,2025-04-07,,2025-07,Equipe 2
CCIV,2025-04-07,,2025-08,Equipe 2
CCIV,2025-04-07,,2025-09,Equipe 2
CCIV,2025-04-07,,2025-10,Equipe 2
CCIV,2025-04-07,,2025-11,Equipe 13
CCIV,2025-04-07,,2025-12,Equipe 13
473J,2025-06-10,,2025-07,Equipe 19
473J,2025-06-10,,2025-08,Equipe 19
473J,2025-06-10,,2025-09,Equipe 19
473J,2025-06-10,,2025-10,Equipe 19
473J,2025-06-10,,2025-11,Equipe 19
473J,2025-06-10,,2025-12,Equipe 19
6IUU,2025-09-16,,2025-10,Equipe 9
6IUU,2025-09-16,,2025-11,Equipe 9
6IUU,2025-09-16,,2025-12,Equipe 9
KZTV,2025-02-22,,2025-03,Equipe 1
KZTV,2025-02-22,,2025-04,Equipe 1
KZTV,2025-02-22,,2025-05,Equipe 1
KZTV,2025-02-22,,2025-06,Equipe 1
KZTV,2025-02-22,,2025-07,Equipe 1
KZTV,2025-02-22,,2025-08,Equipe 1
KZTV,2025-02-22,,2025-09,Equipe 1
KZTV,2025-02-22,,2025-10,Equipe 1
KZTV,2025-02-22,,2025-11,Equipe 1
KZTV,2025-02-22,,2025-12,Equipe 1
6685,2025-11-20,,2025-12,Equipe 16
T4BX,2025-01-22,,2025-02,Equipe 16
T4BX,2025-01-22,,2025-03,Equipe 16
T4BX,2025-01-22,,2025-04,Equipe 16
T4BX,2025-01-22,,2025-05,Equipe 16
T4BX,2025-01-22,,2025-06,Equipe 16
T4BX,2025-01-22,,2025-07,Equipe 16
T4BX,2025-01-22,,2025-08,Equipe 16
T4BX,2025-01-22,,2025-09,Equipe 16
T4BX,2025-01-22,,2025-10,Equipe 16
T4BX,2025-01-22,,2025-11,Equipe 16
T4BX,2025-01-22,,2025-12,Equipe 16
VH0T,2025-02-13,,2025-03,Equipe 20
VH0T,2025-02-13,,2025-04,Equipe 20
VH0T,2025-02-13,,2025-05,Equipe 20
VH0T,2025-02-13,,2025-06,Equipe 20
VH0T,2025-02-13,,2025-07,Equipe 20
VH0T,2025-02-13,,2025-08,Equipe 20
VH0T,2025-02-13,,2025-09,Equipe 20
VH0T,2025-02-13,,2025-10,Equipe 20
VH0T,2025-02-13,,2025-11,Equipe 20
VH0T,2025-02-13,,2025-12,Equipe 20
B4QO,2025-01-17,,2025-02,Equipe 18
B4QO,2025-01-17,,2025-03,Equipe 18
B4QO,2025-01-17,,2025-04,Equipe 18
B4QO,2025-01-17,,2025-05,Equipe 8
B4QO,2025-01-17,,2025-06,Equipe 8
B4QO,2025-01-17,,2025-07,Equipe 8
B4QO,2025-01-17,,2025-08,Equipe 8
B4QO,2025-01-17,,2025-09,Equipe 8
B4QO,2025-01-17,,2025-10,Equipe 8
B4QO,2025-01-17,,2025-11,Equipe 8
B4QO,2025-01-17,,2025-12,Equipe 8
D4K7,2025-09-26,,2025-10,Equipe 2
D4K7,2025-09-26,,2025-11,Equipe 2
D4K7,2025-09-26,,2025-12,Equipe 2
YJPC,2025-01-10,,2025-02,Equipe 5
YJPC,2025-01-10,,2025-03,Equipe 5
YJPC,2025-01-10,,2025-04,Equipe 5
YJPC,2025-01-10,,2025-05,Equipe 4
YJPC,2025-01-10,,2025-06,Equipe 4
YJPC,2025-01-10,,2025-07,Equipe 4
YJPC,2025-01-10,,2025-08,Equipe 4
YJPC,2025-01-10,,2025-09,Equipe 4
YJPC,2025-01-10,,2025-10,Equipe 4
YJPC,2025-01-10,,2025-11,Equipe 10
YJPC,2025-01-10,,2025-12,Equipe 10
U0J0,2025-09-01,,2025-09,Equipe 7
U0J0,2025-09-01,,2025-10,Equipe 7
U0J0,2025-09-01,,2025-11,Equipe 7
U0J0,2025-09-01,,2025-12,Equipe 7
N064,2025-11-21,,2025-12,Equipe 15
DI7N,2025-02-07,,2025-03,Equipe 3
DI7N,2025-02-07,,2025-04,Equipe 3
DI7N,2025-02-07,,2025-05,Equipe 18
DI7N,2025-02-07,,2025-06,Equipe 18
DI7N,2025-02-07,,2025-07,Equipe 18
DI7N,2025-02-07,,2025-08,Equipe 18
DI7N,2025-02-07,,2025-09,Equipe 18
DI7N,2025-02-07,,2025-10,Equipe 18
DI7N,2025-02-07,,2025-11,Equipe 18
DI7N,2025-02-07,,2025-12,Equipe 18
9U47,2025-11-27,,2025-12,Equipe 3
YUL3,2025-01-15,,2025-02,Equipe 13
YUL3,2025-01-15,,2025-03,Equipe 13
YUL3,2025-01-15,,2025-04,Equipe 13
YUL3,2025-01-15,,2025-05,Equipe 13
YUL3,2025-01-15,,2025-06,Equipe 13
YUL3,2025-01-15,,2025-07,Equipe 13
YUL3,2025-01-15,,2025-08,Equipe 13
YUL3,2025-01-15,,2025-09,Equipe 13
YUL3,2025-01-15,,2025-10,Equipe 13
YUL3,2025-01-15,,2025-11,Equipe 13
YUL3,2025-01-15,,2025-12,Equipe 13
8V8W,2025-02-03,2025-06-18,2025-03,Equipe 10
8V8W,2025-02-03,2025-06-18,2025-04,Equipe 10
8V8W,2025-02-03,2025-06-18,2025-05,Equipe 10
8V8W,2025-02-03,2025-06-18,2025-06,Equipe 10
Q4MP,2025-10-27,,2025-11,Equipe 11
Q4MP,2025-10-27,,2025-12,Equipe 11
R9TO,2025-07-13,,2025-08,Equipe 17
R9TO,2025-07-13,,2025-09,Equipe 17
R9TO,2025-07-13,,2025-10,Equipe 17
R9TO,2025-07-13,,2025-11,Equipe 17
R9TO,2025-07-13,,2025-12,Equipe 17
TSN5,2025-07-11,2025-12-04,2025-08,Equipe 20
TSN5,2025-07-11,2025-12-04,2025-09,Equipe 20
TSN5,2025-07-11,2025-12-04,2025-10,Equipe 20
TSN5,2025-07-11,2025-12-04,2025-11,Equipe 20
TSN5,2025-07-11,2025-12-04,2025-12,Equipe 20
U4W9,2025-01-21,,2025-02,Equipe 7
U4W9,2025-01-21,,2025-03,Equipe 19
U4W9,2025-01-21,,2025-04,Equipe 19
U4W9,2025-01-21,,2025-05,Equipe 19
U4W9,2025-01-21,,2025-06,Equipe 19
U4W9,2025-01-21,,2025-07,Equipe 19
U4W9,2025-01-21,,2025-08,Equipe 19
U4W9,2025-01-21,,2025-09,Equipe 19
U4W9,2025-01-21,,2025-10,Equipe 19
U4W9,2025-01-21,,2025-11,Equipe 19
U4W9,2025-01-21,,2025-12,Equipe 19
YZWJ,2025-02-10,,2025-03,Equipe 6
YZWJ,2025-02-10,,2025-04,Equipe 6
YZWJ,2025-02-10,,2025-05,Equipe 6
YZWJ,2025-02-10,,2025-06,Equipe 6
YZWJ,2025-02-10,,2025-07,Equipe 6
YZWJ,2025-02-10,,2025-08,Equipe 6
YZWJ,2025-02-10,,2025-09,Equipe 6
YZWJ,2025-02-10,,2025-10,Equipe 6
YZWJ,2025-02-10,,2025-11,Equipe 6
YZWJ,2025-02-10,,2025-12,Equipe 6
SCSF,2025-10-03,,2025-11,Equipe 18
SCSF,2025-10-03,,2025-12,Equipe 18
W2Q4,2025-07-13,,2025-08,Equipe 4
W2Q4,2025-07-13,,2025-09,Equipe 4
W2Q4,2025-07-13,,2025-10,Equipe 4
W2Q4,2025-07-13,,2025-11,Equipe 4
W2Q4,2025-07-13,,2025-12,Equipe 4
NM8R,2025-08-06,,2025-09,Equipe 1
NM8R,2025-08-06,,2025-10,Equipe 1
NM8R,2025-08-06,,2025-11,Equipe 1
NM8R,2025-08-06,,2025-12,Equipe 4
PPD7,2025-05-21,2025-10-01,2025-06,Equipe 7
PPD7,2025-05-21,2025-10-01,2025-07,Equipe 7
PPD7,2025-05-21,2025-10-01,2025-08,Equipe 7
PPD7,2025-05-21,2025-10-01,2025-09,Equipe 7
PPD7,2025-05-21,2025-10-01,2025-10,Equipe 7
0V4G,2025-07-18,,2025-08,Equipe 9
0V4G,2025-07-18,,2025-09,Equipe 9
0V4G,2025-07-18,,2025-10,Equipe 9
0V4G,2025-07-18,,2025-11,Equipe 9
0V4G,2025-07-18,,2025-12,Equipe 9
IA9K,2025-05-07,,2025-06,Equipe 11
IA9K,2025-05-07,,2025-07,Equipe 11
IA9K,2025-05-07,,2025-08,Equipe 11
IA9K,2025-05-07,,2025-09,Equipe 11
IA9K,2025-05-07,,2025-10,Equipe 11
IA9K,2025-05-07,,2025-11,Equipe 11
IA9K,2025-05-07,,2025-12,Equipe 11
044M,2025-04-14,,2025-05,Equipe 2
044M,2025-04-14,,2025-06,Equipe 2
044M,2025-04-14,,2025-07,Equipe 2
044M,2025-04-14,,2025-08,Equipe 12
044M,2025-04-14,,2025-09,Equipe 5
044M,2025-04-14,,2025-10,Equipe 5
044M,2025-04-14,,2025-11,Equipe 5
044M,2025-04-14,,2025-12,Equipe 5
SUSD,2025-03-06,2025-12-27,2025-04,Equipe 6
SUSD,2025-03-06,2025-12-27,2025-05,Equipe 6
SUSD,2025-03-06,2025-12-27,2025-06,Equipe 6
SUSD,2025-03-06,2025-12-27,2025-07,Equipe 6
SUSD,2025-03-06,2025-12-27,2025-08,Equipe 6
SUSD,2025-03-06,2025-12-27,2025-09,Equipe 6
SUSD,2025-03-06,2025-12-27,2025-10,Equipe 6
SUSD,2025-03-06,2025-12-27,2025-11,Equipe 6
SUSD,2025-03-06,2025-12-27,2025-12,Equipe 6
L0LC,2025-08-21,,2025-09,Equipe 7
L0LC,2025-08-21,,2025-10,Equipe 7
L0LC,2025-08-21,,2025-11,Equipe 7
L0LC,2025-08-21,,2025-12,Equipe 7
Z5LS,2025-11-03,,2025-12,Equipe 18
VS38,2025-06-05,,2025-07,Equipe 19
VS38,2025-06-05,,2025-08,Equipe 5
VS38,2025-06-05,,2025-09,Equipe 5
VS38,2025-06-05,,2025-10,Equipe 5
VS38,2025-06-05,,2025-11,Equipe 5
VS38,2025-06-05,,2025-12,Equipe 5
75I6,2025-02-10,,2025-03,Equipe 16
75I6,2025-02-10,,2025-04,Equipe 16
75I6,2025-02-10,,2025-05,Equipe 16
75I6,2025-02-10,,2025-06,Equipe 16
75I6,2025-02-10,,2025-07,Equipe 16
75I6,2025-02-10,,2025-08,Equipe 14
75I6,2025-02-10,,2025-09,Equipe 14
75I6,2025-02-10,,2025-10,Equipe 14
75I6,2025-02-10,,2025-11,Equipe 14
75I6,2025-02-10,,2025-12,Equipe 14
3RMH,2025-06-16,,2025-07,Equipe 4
3RMH,2025-06-16,,2025-08,Equipe 4
3RMH,2025-06-16,,2025-09,Equipe 4
3RMH,2025-06-16,,2025-10,Equipe 4
3RMH,2025-06-16,,2025-11,Equipe 4
3RMH,2025-06-16,,2025-12,Equipe 4
VK3Q,2025-11-10,,2025-12,Equipe 3
LAVS,2025-10-19,,2025-11,Equipe 13
LAVS,2025-10-19,,2025-12,Equipe 13
MLZ1,2025-07-06,2025-08-26,2025-08,Equipe 19
GLI4,2025-06-05,,2025-07,Equipe 17
GLI4,2025-06-05,,2025-08,Equipe 17
GLI4,2025-06-05,,2025-09,Equipe 17
GLI4,2025-06-05,,2025-10,Equipe 17
GLI4,2025-06-05,,2025-11,Equipe 17
GLI4,2025-06-05,,2025-12,Equipe 17
UPAQ,2025-08-15,,2025-09,Equipe 19
UPAQ,2025-08-15,,2025-10,Equipe 19
UPAQ,2025-08-15,,2025-11,Equipe 19
UPAQ,2025-08-15,,2025-12,Equipe 19
YP2R,2025-08-18,2025-12-03,2025-09,Equipe 18
YP2R,2025-08-18,2025-12-03,2025-10,Equipe 18
YP2R,2025-08-18,2025-12-03,2025-11,Equipe 18
YP2R,2025-08-18,2025-12-03,2025-12,Equipe 18
VTAQ,2025-03-18,2025-04-24,2025-04,Equipe 17
XPDH,2025-01-28,,2025-02,Equipe 11
XPDH,2025-01-28,,2025-03,Equipe 11
XPDH,2025-01-28,,2025-04,Equipe 11
XPDH,2025-01-28,,2025-05,Equipe 11
XPDH,2025-01-28,,2025-06,Equipe 11
XPDH,2025-01-28,,2025-07,Equipe 11
XPDH,2025-01-28,,2025-08,Equipe 11
XPDH,2025-01-28,,2025-09,Equipe 18
XPDH,2025-01-28,,2025-10,Equipe 18
XPDH,2025-01-28,,2025-11,Equipe 18
XPDH,2025-01-28,,2025-12,Equipe 18
3TKZ,2025-10-19,,2025-11,Equipe 1
3TKZ,2025-10-19,,2025-12,Equipe 1
6THS,2025-04-02,,2025-05,Equipe 8
6THS,2025-04-02,,2025-06,Equipe 8
6THS,2025-04-02,,2025-07,Equipe 8
6THS,2025-04-02,,2025-08,Equipe 8
6THS,2025-04-02,,2025-09,Equipe 8
6THS,2025-04-02,,2025-10,Equipe 8
6THS,2025-04-02,,2025-11,Equipe 8
6THS,2025-04-02,,2025-12,Equipe 8
XOOI,2025-09-16,,2025-10,Equipe 7
XOOI,2025-09-16,,2025-11,Equipe 7
XOOI,2025-09-16,,2025-12,Equipe 7
4J3X,2025-06-13,,2025-07,Equipe 13
4J3X,2025-06-13,,2025-08,Equipe 13
4J3X,2025-06-13,,2025-09,Equipe 13
4J3X,2025-06-13,,2025-10,Equipe 13
4J3X,2025-06-13,,2025-11,Equipe 13
4J3X,2025-06-13,,2025-12,Equipe 13
NPF7,2025-09-17,2025-11-17,2025-10,Equipe 4
NPF7,2025-09-17,2025-11-17,2025-11,Equipe 4
27XE,2025-11-08,,2025-12,Equipe 1
HD96,2025-11-06,,2025-12,Equipe 9
M8JK,2025-08-06,2025-12-22,2025-09,Equipe 13
M8JK,2025-08-06,2025-12-22,2025-10,Equipe 13
M8JK,2025-08-06,2025-12-22,2025-11,Equipe 13
M8JK,2025-08-06,2025-12-22,2025-12,Equipe 13
N5F6,2025-01-08,,2025-02,Equipe 2
N5F6,2025-01-08,,2025-03,Equipe 2
N5F6,2025-01-08,,2025-04,Equipe 2
N5F6,2025-01-08,,2025-05,Equipe 2
N5F6,2025-01-08,,2025-06,Equipe 2
N5F6,2025-01-08,,2025-07,Equipe 2
N5F6,2025-01-08,,2025-08,Equipe 2
N5F6,2025-01-08,,2025-09,Equipe 2
N5F6,2025-01-08,,2025-10,Equipe 2
N5F6,2025-01-08,,2025-11,Equipe 2
N5F6,2025-01-08,,2025-12,Equipe 2
2D3I,2025-02-09,,2025-03,Equipe 16
2D3I,2025-02-09,,2025-04,Equipe 16
2D3I,2025-02-09,,2025-05,Equipe 16
2D3I,2025-02-09,,2025-06,Equipe 16
2D3I,2025-02-09,,2025-07,Equipe 16
2D3I,2025-02-09,,2025-08,Equipe 16
2D3I,2025-02-09,,2025-09,Equipe 16
2D3I,2025-02-09,,2025-10,Equipe 16
2D3I,2025-02-09,,2025-11,Equipe 16
2D3I,2025-02-09,,2025-12,Equipe 16
603D,2025-11-07,,2025-12,Equipe 10
93TB,2025-07-16,,2025-08,Equipe 2
93TB,2025-07-16,,2025-09,Equipe 2
93TB,2025-07-16,,2025-10,Equipe 2
93TB,2025-07-16,,2025-11,Equipe 2
93TB,2025-07-16,,2025-12,Equipe 2
ZQAN,2025-01-21,,2025-02,Equipe 10
ZQAN,2025-01-21,,2025-03,Equipe 10
ZQAN,2025-01-21,,2025-04,Equipe 10
ZQAN,2025-01-21,,2025-05,Equipe 10
ZQAN,2025-01-21,,2025-06,Equipe 10
ZQAN,2025-01-21,,2025-07,Equipe 10
ZQAN,2025-01-21,,2025-08,Equipe 10
ZQAN,2025-01-21,,2025-09,Equipe 10
ZQAN,2025-01-21,,2025-10,Equipe 10
ZQAN,2025-01-21,,2025-11,Equipe 10
ZQAN,2025-01-21,,2025-12,Equipe 10
EC1W,2025-11-27,,2025-12,Equipe 6
E8DE,2025-10-18,,2025-11,Equipe 17
E8DE,2025-10-18,,2025-12,Equipe 17
4CS0,2025-11-13,,2025-12,Equipe 20
LI0X,2025-09-09,,2025-10,Equipe 11
LI0X,2025-09-09,,2025-11,Equipe 11
LI0X,2025-09-09,,2025-12,Equipe 11
Y2YY,2025-09-13,,2025-10,Equipe 16
Y2YY,2025-09-13,,2025-11,Equipe 16
Y2YY,2025-09-13,,2025-12,Equipe 16
F8IW,2025-08-26,,2025-09,Equipe 2
F8IW,2025-08-26,,2025-10,Equipe 2
F8IW,2025-08-26,,2025-11,Equipe 2
F8IW,2025-08-26,,2025-12,Equipe 2
HL8Z,2025-01-17,,2025-02,Equipe 9
HL8Z,2025-01-17,,2025-03,Equipe 5
HL8Z,2025-01-17,,2025-04,Equipe 5
HL8Z,2025-01-17,,2025-05,Equipe 5
HL8Z,2025-01-17,,2025-06,Equipe 5
HL8Z,2025-01-17,,2025-07,Equipe 5
HL8Z,2025-01-17,,2025-08,Equipe 5
HL8Z,2025-01-17,,2025-09,Equipe 5
HL8Z,2025-01-17,,2025-10,Equipe 5
HL8Z,2025-01-17,,2025-11,Equipe 5
HL8Z,2025-01-17,,2025-12,Equipe 5
7IOA,2025-03-08,2025-07-07,2025-04,Equipe 4
7IOA,2025-03-08,2025-07-07,2025-05,Equipe 4
7IOA,2025-03-08,2025-07-07,2025-06,Equipe 4
7IOA,2025-03-08,2025-07-07,2025-07,Equipe 4
BT38,2025-03-06,,2025-04,Equipe 13
BT38,2025-03-06,,2025-05,Equipe 13
BT38,2025-03-06,,2025-06,Equipe 13
BT38,2025-03-06,,2025-07,Equipe 13
BT38,2025-03-06,,2025-08,Equipe 13
BT38,2025-03-06,,2025-09,Equipe 13
BT38,2025-03-06,,2025-10,Equipe 13
BT38,2025-03-06,,2025-11,Equipe 13
BT38,2025-03-06,,2025-12,Equipe 13
18YO,2025-11-08,,2025-12,Equipe 12
RMHC,2025-08-07,,2025-09,Equipe 5
RMHC,2025-08-07,,2025-10,Equipe 5
RMHC,2025-08-07,,2025-11,Equipe 5
RMHC,2025-08-07,,2025-12,Equipe 5
0BPN,2025-01-08,2025-10-19,2025-02,Equipe 3
0BPN,2025-01-08,2025-10-19,2025-03,Equipe 13
0BPN,2025-01-08,2025-10-19,2025-04,Equipe 13
0BPN,2025-01-08,2025-10-19,2025-05,Equipe 13
0BPN,2025-01-08,2025-10-19,2025-06,Equipe 13
0BPN,2025-01-08,2025-10-19,2025-07,Equipe 13
0BPN,2025-01-08,2025-10-19,2025-08,Equipe 13
0BPN,2025-01-08,2025-10-19,2025-09,Equipe 13
0BPN,2025-01-08,2025-10-19,2025-10,Equipe 13
EGC2,2025-03-21,,2025-04,Equipe 14
EGC2,2025-03-21,,2025-05,Equipe 14
EGC2,2025-03-21,,2025-06,Equipe 14
EGC2,2025-03-21,,2025-07,Equipe 14
EGC2,2025-03-21,,2025-08,Equipe 14
EGC2,2025-03-21,,2025-09,Equipe 14
EGC2,2025-03-21,,2025-10,Equipe 17
EGC2,2025-03-21,,2025-11,Equipe 17
EGC2,2025-03-21,,2025-12,Equipe 17
DPCZ,2025-03-02,2025-05-17,2025-04,Equipe 8
DPCZ,2025-03-02,2025-05-17,2025-05,Equipe 8
2O8N,2025-10-19,,2025-11,Equipe 20
2O8N,2025-10-19,,2025-12,Equipe 20
DI6S,2025-02-07,,2025-03,Equipe 18
DI6S,2025-02-07,,2025-04,Equipe 18
DI6S,2025-02-07,,2025-05,Equipe 18
DI6S,2025-02-07,,2025-06,Equipe 18
DI6S,2025-02-07,,2025-07,Equipe 18
DI6S,2025-02-07,,2025-08,Equipe 18
DI6S,2025-02-07,,2025-09,Equipe 18
DI6S,2025-02-07,,2025-10,Equipe 18
DI6S,2025-02-07,,2025-11,Equipe 18
DI6S,2025-02-07,,2025-12,Equipe 18
OUUP,2025-08-06,,2025-09,Equipe 5
OUUP,2025-08-06,,2025-10,Equipe 5
OUUP,2025-08-06,,2025-11,Equipe 5
OUUP,2025-08-06,,2025-12,Equipe 5
TJ7O,2025-10-05,,2025-11,Equipe 3
TJ7O,2025-10-05,,2025-12,Equipe 3
0TRD,2025-10-22,,2025-11,Equipe 14
0TRD,2025-10-22,,2025-12,Equipe 14
5DWY,2025-10-19,2025-11-13,2025-11,Equipe 4
7U00,2025-02-01,,2025-02,Equipe 13
7U00,2025-02-01,,2025-03,Equipe 7
7U00,2025-02-01,,2025-04,Equipe 7
7U00,2025-02-01,,2025-05,Equipe 7
7U00,2025-02-01,,2025-06,Equipe 7
7U00,2025-02-01,,2025-07,Equipe 7
7U00,2025-02-01,,2025-08,Equipe 7
7U00,2025-02-01,,2025-09,Equipe 7
7U00,2025-02-01,,2025-10,Equipe 7
7U00,2025-02-01,,2025-11,Equipe 7
7U00,2025-02-01,,2025-12,Equipe 7
JTYL,2025-11-14,,2025-12,Equipe 6
84PO,2025-02-06,,2025-03,Equipe 12
84PO,2025-02-06,,2025-04,Equipe 12
84PO,2025-02-06,,2025-05,Equipe 12
84PO,2025-02-06,,2025-06,Equipe 19
84PO,2025-02-06,,2025-07,Equipe 19
84PO,2025-02-06,,2025-08,Equipe 19
84PO,2025-02-06,,2025-09,Equipe 19
84PO,2025-02-06,,2025-10,Equipe 19
84PO,2025-02-06,,2025-11,Equipe 19
84PO,2025-02-06,,2025-12,Equipe 19
TJ3D,2025-10-02,,2025-11,Equipe 9
TJ3D,2025-10-02,,2025-12,Equipe 9
9009,2025-09-25,2025-12-22,2025-10,Equipe 7
9009,2025-09-25,2025-12-22,2025-11,Equipe 7
9009,2025-09-25,2025-12-22,2025-12,Equipe 7
7IYP,2025-10-18,,2025-11,Equipe 13
7IYP,2025-10-18,,2025-12,Equipe 13
QNVF,2025-09-14,,2025-10,Equipe 3
QNVF,2025-09-14,,2025-11,Equipe 3
QNVF,2025-09-14,,2025-12,Equipe 3
MDRY,2025-07-12,,2025-08,Equipe 5
MDRY,2025-07-12,,2025-09,Equipe 5
MDRY,2025-07-12,,2025-10,Equipe 5
MDRY,2025-07-12,,2025-11,Equipe 5
MDRY,2025-07-12,,2025-12,Equipe 5
CEM9,2025-02-14,2025-09-25,2025-03,Equipe 8
CEM9,2025-02-14,2025-09-25,2025-04,Equipe 8
CEM9,2025-02-14,2025-09-25,2025-05,Equipe 8
CEM9,2025-02-14,2025-09-25,2025-06,Equipe 8
CEM9,2025-02-14,2025-09-25,2025-07,Equipe 8
CEM9,2025-02-14,2025-09-25,2025-08,Equipe 8
CEM9,2025-02-14,2025-09-25,2025-09,Equipe 8
N4NV,2025-02-10,,2025-03,Equipe 16
N4NV,2025-02-10,,2025-04,Equipe 16
N4NV,2025-02-10,,2025-05,Equipe 16
N4NV,2025-02-10,,2025-06,Equipe 16
N4NV,2025-02-10,,2025-07,Equipe 16
N4NV,2025-02-10,,2025-08,Equipe 16
N4NV,2025-02-10,,2025-09,Equipe 16
N4NV,2025-02-10,,2025-10,Equipe 16
N4NV,2025-02-10,,2025-11,Equipe 16
N4NV,2025-02-10,,2025-12,Equipe 16
TANM,2025-07-09,2025-12-24,2025-08,Equipe 7
TANM,2025-07-09,2025-12-24,2025-09,Equipe 7
TANM,2025-07-09,2025-12-24,2025-10,Equipe 7
TANM,2025-07-09,2025-12-24,2025-11,Equipe 7
TANM,2025-07-09,2025-12-24,2025-12,Equipe 7
SY38,2025-02-05,,2025-03,Equipe 2
SY38,2025-02-05,,2025-04,Equipe 2
SY38,2025-02-05,,2025-05,Equipe 2
SY38,2025-02-05,,2025-06,Equipe 2
SY38,2025-02-05,,2025-07,Equipe 2
SY38,2025-02-05,,2025-08,Equipe 2
SY38,2025-02-05,,2025-09,Equipe 2
SY38,2025-02-05,,2025-10,Equipe 2
SY38,2025-02-05,,2025-11,Equipe 2
SY38,2025-02-05,,2025-12,Equipe 2
WTQX,2025-05-09,,2025-06,Equipe 8
WTQX,2025-05-09,,2025-07,Equipe 8
WTQX,2025-05-09,,2025-08,Equipe 8
WTQX,2025-05-09,,2025-09,Equipe 8
WTQX,2025-05-09,,2025-10,Equipe 8
WTQX,2025-05-09,,2025-11,Equipe 13
WTQX,2025-05-09,,2025-12,Equipe 13
653G,2025-10-12,,2025-11,Equipe 3
653G,2025-10-12,,2025-12,Equipe 3
4UNX,2025-04-14,,2025-05,Equipe 20
4UNX,2025-04-14,,2025-06,Equipe 13
4UNX,2025-04-14,,2025-07,Equipe 13
4UNX,2025-04-14,,2025-08,Equipe 13
4UNX,2025-04-14,,2025-09,Equipe 18
4UNX,2025-04-14,,2025-10,Equipe 18
4UNX,2025-04-14,,2025-11,Equipe 18
4UNX,2025-04-14,,2025-12,Equipe 18
U0CO,2025-08-06,,2025-09,Equipe 7
U0CO,2025-08-06,,2025-10,Equipe 7
U0CO,2025-08-06,,2025-11,Equipe 7
U0CO,2025-08-06,,2025-12,Equipe 7
JBQ9,2025-08-09,,2025-09,Equipe 7
JBQ9,2025-08-09,,2025-10,Equipe 7
JBQ9,2025-08-09,,2025-11,Equipe 7
JBQ9,2025-08-09,,2025-12,Equipe 7
0SJM,2025-06-25,,2025-07,Equipe 8
0SJM,2025-06-25,,2025-08,Equipe 8
0SJM,2025-06-25,,2025-09,Equipe 8
0SJM,2025-06-25,,2025-10,Equipe 8
0SJM,2025-06-25,,2025-11,Equipe 8
0SJM,2025-06-25,,2025-12,Equipe 8
VOYP,2025-11-04,,2025-12,Equipe 13
553K,2025-09-20,,2025-10,Equipe 19
553K,2025-09-20,,2025-11,Equipe 19
553K,2025-09-20,,2025-12,Equipe 19
WKI8,2025-03-13,,2025-04,Equipe 10
WKI8,2025-03-13,,2025-05,Equipe 10
WKI8,2025-03-13,,2025-06,Equipe 10
WKI8,2025-03-13,,2025-07,Equipe 10
WKI8,2025-03-13,,2025-08,Equipe 10
WKI8,2025-03-13,,2025-09,Equipe 10
WKI8,2025-03-13,,2025-10,Equipe 10
WKI8,2025-03-13,,2025-11,Equipe 10
WKI8,2025-03-13,,2025-12,Equipe 10
5L8D,2025-02-27,2025-11-14,2025-03,Equipe 1
5L8D,2025-02-27,2025-11-14,2025-04,Equipe 1
5L8D,2025-02-27,2025-11-14,2025-05,Equipe 1
5L8D,2025-02-27,2025-11-14,2025-06,Equipe 1
5L8D,2025-02-27,2025-11-14,2025-07,Equipe 1
5L8D,2025-02-27,2025-11-14,2025-08,Equipe 1
5L8D,2025-02-27,2025-11-14,2025-09,Equipe 1
5L8D,2025-02-27,2025-11-14,2025-10,Equipe 1
5L8D,2025-02-27,2025-11-14,2025-11,Equipe 1
7CED,2025-02-09,,2025-03,Equipe 11
7CED,2025-02-09,,2025-04,Equipe 11
7CED,2025-02-09,,2025-05,Equipe 11
7CED,2025-02-09,,2025-06,Equipe 11
7CED,2025-02-09,,2025-07,Equipe 11
7CED,2025-02-09,,2025-08,Equipe 11
7CED,2025-02-09,,2025-09,Equipe 11
7CED,2025-02-09,,2025-10,Equipe 11
7CED,2025-02-09,,2025-11,Equipe 11
7CED,2025-02-09,,2025-12,Equipe 11
A0IO,2025-10-02,,2025-11,Equipe 11
A0IO,2025-10-02,,2025-12,Equipe 11
EJAN,2025-10-21,,2025-11,Equipe 15
EJAN,2025-10-21,,2025-12,Equipe 15
63XD,2025-01-25,,2025-02,Equipe 9
63XD,2025-01-25,,2025-03,Equipe 9
63XD,2025-01-25,,2025-04,Equipe 9
63XD,2025-01-25,,2025-05,Equipe 9
63XD,2025-01-25,,2025-06,Equipe 9
63XD,2025-01-25,,2025-07,Equipe 9
63XD,2025-01-25,,2025-08,Equipe 1
63XD,2025-01-25,,2025-09,Equipe 1
63XD,2025-01-25,,2025-10,Equipe 1
63XD,2025-01-25,,2025-11,Equipe 6
63XD,2025-01-25,,2025-12,Equipe 6
45BA,2025-08-01,,2025-08,Equipe 5
45BA,2025-08-01,,2025-09,Equipe 5
45BA,2025-08-01,,2025-10,Equipe 5
45BA,2025-08-01,,2025-11,Equipe 5
45BA,2025-08-01,,2025-12,Equipe 5
890A,2025-05-07,2025-08-20,2025-06,Equipe 6
890A,2025-05-07,2025-08-20,2025-07,Equipe 6
890A,2025-05-07,2025-08-20,2025-08,Equipe 6
B7R8,2025-11-02,,2025-12,Equipe 14
SB61,2025-03-03,,2025-04,Equipe 1
SB61,2025-03-03,,2025-05,Equipe 1
SB61,2025-03-03,,2025-06,Equipe 1
SB61,2025-03-03,,2025-07,Equipe 10
SB61,2025-03-03,,2025-08,Equipe 10
SB61,2025-03-03,,2025-09,Equipe 10
SB61,2025-03-03,,2025-10,Equipe 10
SB61,2025-03-03,,2025-11,Equipe 10
SB61,2025-03-03,,2025-12,Equipe 10
LGG7,2025-06-22,,2025-07,Equipe 20
LGG7,2025-06-22,,2025-08,Equipe 20
LGG7,2025-06-22,,2025-09,Equipe 20
LGG7,2025-06-22,,2025-10,Equipe 20
LGG7,2025-06-22,,2025-11,Equipe 20
LGG7,2025-06-22,,2025-12,Equipe 20
JPM7,2025-04-17,2025-05-03,2025-05,Equipe 8
