Card,Data da alteração,Objeto alterado,Valor anterior,Valor posterior
103522,2025-06-20,status,Lista de desejos,Backlog
103522,2025-06-24,status,Backlog,Triage
103522,2025-06-27,status,Triage,For Refinement
103522,2025-07-01,status,For Refinement,In Refinement
103522,2025-07-04,status,In Refinement,In Progress
103522,2025-07-08,status,In Progress,Done
108596,2025-07-10,status,Lista de desejos,Backlog
108596,2025-07-12,status,Backlog,Triage
108596,2025-07-14,status,Triage,For Refinement
108596,2025-07-17,status,For Refinement,In Refinement
108596,2025-07-19,status,In Refinement,In Progress
108596,2025-07-21,status,In Progress,Done
109380,2025-09-18,status,Lista de desejos,Backlog
109380,2025-09-21,status,Backlog,Triage
109380,2025-09-25,status,Triage,For Refinement
109380,2025-09-29,status,For Refinement,In Refinement
109380,2025-10-03,status,In Refinement,In Progress
109380,2025-10-06,status,In Progress,Done
103923,2025-06-06,status,Backlog,Triage
103923,2025-06-12,status,Triage,For Refinement
103923,2025-06-19,status,For Refinement,In Refinement
103923,2025-06-25,status,In Refinement,For Technical Analysis
103923,2025-07-01,status,For Technical Analysis,In Technical Analysis
103923,2025-07-08,status,In Technical Analysis,Ready for Development
103923,2025-07-14,status,Ready for Development,In Development
114620,2025-02-26,status,Backlog,Triage
114620,2025-03-01,status,Triage,For Refinement
114620,2025-03-03,status,For Refinement,In Refinement
114620,2025-03-06,status,In Refinement,For Technical Analysis
114620,2025-03-09,status,For Technical Analysis,In Technical Analysis
116044,2025-05-20,status,Lista de desejos,Backlog
116044,2025-05-22,status,Backlog,Triage
116044,2025-05-23,status,Triage,For Refinement
116044,2025-05-25,status,For Refinement,In Refinement
116044,2025-05-26,status,In Refinement,In Progress
116044,2025-05-27,status,In Progress,Done
116044,2025-05-29,status,Done,Canceled
118061,2025-07-19,status,Lista de desejos,Backlog
118061,2025-07-22,status,Backlog,Triage
118061,2025-07-25,status,Triage,For Refinement
118061,2025-07-29,status,For Refinement,In Refinement
118061,2025-08-02,status,In Refinement,In Progress
118061,2025-08-05,status,In Progress,Done
118061,2025-08-08,status,Done,Canceled
116406,2025-06-25,status,Lista de desejos,Backlog
116406,2025-06-28,status,Backlog,Triage
116406,2025-06-30,status,Triage,For Refinement
116406,2025-07-02,status,For Refinement,In Refinement
116406,2025-07-04,status,In Refinement,In Progress
116406,2025-07-07,status,In Progress,Done
120772,2025-01-12,status,Lista de desejos,Backlog
120772,2025-01-15,status,Backlog,Triage
120772,2025-01-17,status,Triage,For Refinement
120772,2025-01-20,status,For Refinement,In Refinement
120772,2025-01-22,status,In Refinement,In Progress
120772,2025-01-25,status,In Progress,Done
111084,2025-09-03,status,Backlog,Triage
111084,2025-09-04,status,Triage,For Refinement
111084,2025-09-05,status,For Refinement,In Refinement
111084,2025-09-06,status,In Refinement,For Technical Analysis
111084,2025-09-07,status,For Technical Analysis,In Technical Analysis
111084,2025-09-08,status,In Technical Analysis,Ready for Development
111084,2025-09-09,status,Ready for Development,In Development
111084,2025-09-10,status,In Development,For Release
111084,2025-09-11,status,For Release,Waiting Information
111084,2025-09-12,status,Waiting Information,Information Sent
112873,2025-11-17,status,Lista de desejos,Backlog
112873,2025-11-21,status,Backlog,Triage
112873,2025-11-25,status,Triage,For Refinement
112873,2025-11-29,status,For Refinement,In Refinement
112873,2025-12-03,status,In Refinement,In Progress
112873,2025-12-07,status,In Progress,Done
100249,2025-03-31,status,Lista de desejos,Backlog
100249,2025-04-03,status,Backlog,Triage
100249,2025-04-05,status,Triage,For Refinement
100249,2025-04-08,status,For Refinement,In Refinement
100249,2025-04-10,status,In Refinement,In Progress
100249,2025-04-13,status,In Progress,Done
107848,2025-05-30,status,Backlog,Triage
107848,2025-06-13,status,Triage,For Refinement
107848,2025-06-28,status,For Refinement,In Refinement
113757,2025-12-20,status,Lista de desejos,Backlog
113757,2025-12-21,status,Backlog,Triage
113757,2025-12-23,status,Triage,For Refinement
113757,2025-12-24,status,For Refinement,In Refinement
113757,2025-12-26,status,In Refinement,In Progress
113757,2025-12-27,status,In Progress,Done
116166,2025-04-01,status,Backlog,Triage
116166,2025-04-05,status,Triage,For Refinement
116166,2025-04-09,status,For Refinement,In Refinement
116166,2025-04-12,status,In Refinement,For Technical Analysis
116166,2025-04-16,status,For Technical Analysis,In Technical Analysis
116166,2025-04-20,status,In Technical Analysis,Ready for Development
109987,2025-06-04,status,Lista de desejos,Backlog
109987,2025-06-07,status,Backlog,Triage
109987,2025-06-09,status,Triage,For Refinement
109987,2025-06-12,status,For Refinement,In Refinement
109987,2025-06-14,status,In Refinement,In Progress
109987,2025-06-17,status,In Progress,Done
115773,2025-10-02,status,Lista de desejos,Backlog
115773,2025-10-05,status,Backlog,Triage
115773,2025-10-07,status,Triage,For Refinement
115773,2025-10-09,status,For Refinement,In Refinement
115773,2025-10-11,status,In Refinement,In Progress
115773,2025-10-14,status,In Progress,Done
120923,2025-05-30,status,Lista de desejos,Backlog
120923,2025-06-03,status,Backlog,Triage
120923,2025-06-07,status,Triage,For Refinement
120923,2025-06-10,status,For Refinement,In Refinement
120923,2025-06-14,status,In Refinement,In Progress
120923,2025-06-18,status,In Progress,Done
112007,2025-07-27,status,Lista de desejos,Backlog
112007,2025-07-29,status,Backlog,Triage
112007,2025-07-31,status,Triage,For Refinement
112007,2025-08-02,status,For Refinement,In Refinement
112007,2025-08-04,status,In Refinement,In Progress
112007,2025-08-06,status,In Progress,Done
120902,2025-12-20,status,Backlog,Triage
120902,2025-12-24,status,Triage,For Refinement
120902,2025-12-27,status,For Refinement,In Refinement
120902,2025-12-31,status,In Refinement,For Technical Analysis
120902,2026-01-03,status,For Technical Analysis,In Technical Analysis
120902,2026-01-07,status,In Technical Analysis,Ready for Development
101231,2025-06-10,status,Lista de desejos,Backlog
101231,2025-06-13,status,Backlog,Triage
101231,2025-06-17,status,Triage,For Refinement
101231,2025-06-20,status,For Refinement,In Refinement
101231,2025-06-24,status,In Refinement,In Progress
101231,2025-06-27,status,In Progress,Done
101760,2025-07-19,status,Lista de desejos,Backlog
101760,2025-07-23,status,Backlog,Triage
101760,2025-07-27,status,Triage,For Refinement
101760,2025-07-30,status,For Refinement,In Refinement
101760,2025-08-03,status,In Refinement,In Progress
101760,2025-08-07,status,In Progress,Done
121926,2025-01-13,status,Lista de desejos,Backlog
121926,2025-01-15,status,Backlog,Triage
121926,2025-01-18,status,Triage,For Refinement
121926,2025-01-21,status,For Refinement,In Refinement
121926,2025-01-24,status,In Refinement,In Progress
121926,2025-01-26,status,In Progress,Done
106098,2025-09-15,status,Lista de desejos,Backlog
106098,2025-09-19,status,Backlog,Triage
106098,2025-09-23,status,Triage,For Refinement
106098,2025-09-26,status,For Refinement,In Refinement
106098,2025-09-30,status,In Refinement,In Progress
106098,2025-10-04,status,In Progress,Done
120650,2025-05-22,status,Lista de desejos,Backlog
120650,2025-05-25,status,Backlog,Triage
120650,2025-05-28,status,Triage,For Refinement
120650,2025-05-31,status,For Refinement,In Refinement
120650,2025-06-03,status,In Refinement,In Progress
120650,2025-06-06,status,In Progress,Done
113106,2025-07-05,status,Lista de desejos,Backlog
113106,2025-07-06,status,Backlog,Triage
113106,2025-07-07,status,Triage,For Refinement
113106,2025-07-09,status,For Refinement,In Refinement
113106,2025-07-11,status,In Refinement,In Progress
113106,2025-07-12,status,In Progress,Done
113106,2025-07-13,status,Done,Canceled
118338,2025-09-15,status,Lista de desejos,Backlog
118338,2025-09-18,status,Backlog,Triage
118338,2025-09-21,status,Triage,For Refinement
118338,2025-09-24,status,For Refinement,In Refinement
118338,2025-09-27,status,In Refinement,In Progress
118338,2025-09-30,status,In Progress,Done
109784,2025-10-12,status,Lista de desejos,Backlog
109784,2025-10-13,status,Backlog,Triage
109784,2025-10-15,status,Triage,For Refinement
109784,2025-10-16,status,For Refinement,In Refinement
109784,2025-10-17,status,In Refinement,In Progress
109784,2025-10-19,status,In Progress,Done
109784,2025-10-20,status,Done,Canceled
110045,2025-04-12,status,Lista de desejos,Backlog
110045,2025-04-24,status,Backlog,Triage
110045,2025-05-05,status,Triage,For Refinement
110045,2025-05-17,status,For Refinement,In Refinement
110671,2025-05-02,status,Lista de desejos,Backlog
110671,2025-05-05,status,Backlog,Triage
110671,2025-05-08,status,Triage,For Refinement
110671,2025-05-12,status,For Refinement,In Refinement
110671,2025-05-15,status,In Refinement,In Progress
110671,2025-05-18,status,In Progress,Done
102774,2025-12-03,status,Lista de desejos,Backlog
102774,2025-12-06,status,Backlog,Triage
102774,2025-12-09,status,Triage,For Refinement
102774,2025-12-11,status,For Refinement,In Refinement
102774,2025-12-14,status,In Refinement,In Progress
102774,2025-12-17,status,In Progress,Done
103208,2025-11-17,status,Lista de desejos,Backlog
103208,2025-11-20,status,Backlog,Triage
103208,2025-11-23,status,Triage,For Refinement
103208,2025-11-26,status,For Refinement,In Refinement
103208,2025-11-29,status,In Refinement,In Progress
103208,2025-12-02,status,In Progress,Done
117725,2025-10-04,status,Lista de desejos,Backlog
117725,2025-10-07,status,Backlog,Triage
117725,2025-10-11,status,Triage,For Refinement
117725,2025-10-15,status,For Refinement,In Refinement
117725,2025-10-19,status,In Refinement,In Progress
117725,2025-10-22,status,In Progress,Done
124888,2025-05-22,status,Lista de desejos,Backlog
124888,2025-05-27,status,Backlog,Triage
124888,2025-05-31,status,Triage,For Refinement
124888,2025-06-04,status,For Refinement,In Refinement
124888,2025-06-08,status,In Refinement,In Progress
124888,2025-06-13,status,In Progress,Done
121091,2025-04-10,status,Lista de desejos,Backlog
121091,2025-04-14,status,Backlog,Triage
121091,2025-04-18,status,Triage,For Refinement
121091,2025-04-22,status,For Refinement,In Refinement
121091,2025-04-26,status,In Refinement,In Progress
121091,2025-04-30,status,In Progress,Done
111355,2025-01-13,status,Lista de desejos,Backlog
111355,2025-01-17,status,Backlog,Triage
111355,2025-01-21,status,Triage,For Refinement
111355,2025-01-25,status,For Refinement,In Refinement
111355,2025-01-29,status,In Refinement,In Progress
111355,2025-02-02,status,In Progress,Done
105659,2025-07-06,status,Lista de desejos,Backlog
105659,2025-07-09,status,Backlog,Triage
105659,2025-07-13,status,Triage,For Refinement
105659,2025-07-17,status,For Refinement,In Refinement
105659,2025-07-21,status,In Refinement,In Progress
105659,2025-07-24,status,In Progress,Done
109609,2025-09-06,status,Lista de desejos,Backlog
109609,2025-09-10,status,Backlog,Triage
109609,2025-09-13,status,Triage,For Refinement
109609,2025-09-17,status,For Refinement,In Refinement
109609,2025-09-21,status,In Refinement,In Progress
109609,2025-09-24,status,In Progress,Done
109609,2025-09-28,status,Done,Canceled
115846,2025-09-24,status,Lista de desejos,Backlog
115846,2025-09-27,status,Backlog,Triage
115846,2025-09-29,status,Triage,For Refinement
115846,2025-10-02,status,For Refinement,In Refinement
115846,2025-10-04,status,In Refinement,In Progress
115846,2025-10-07,status,In Progress,Done
124337,2025-02-10,status,Backlog,Triage
124337,2025-02-12,status,Triage,For Refinement
124337,2025-02-15,status,For Refinement,In Refinement
124337,2025-02-18,status,In Refinement,For Technical Analysis
124337,2025-02-20,status,For Technical Analysis,In Technical Analysis
100692,2025-05-16,status,Lista de desejos,Backlog
100692,2025-05-18,status,Backlog,Triage
100692,2025-05-21,status,Triage,For Refinement
100692,2025-05-24,status,For Refinement,In Refinement
100692,2025-05-27,status,In Refinement,In Progress
100692,2025-05-29,status,In Progress,Done
104232,2025-09-23,status,Backlog,Triage
104232,2025-09-29,status,Triage,For Refinement
104232,2025-10-06,status,For Refinement,In Refinement
104232,2025-10-12,status,In Refinement,For Technical Analysis
104232,2025-10-19,status,For Technical Analysis,In Technical Analysis
104232,2025-10-26,status,In Technical Analysis,Ready for Development
104232,2025-11-01,status,Ready for Development,In Development
105183,2025-06-01,status,Backlog,Triage
105183,2025-06-08,status,Triage,For Refinement
105183,2025-06-15,status,For Refinement,In Refinement
105183,2025-06-22,status,In Refinement,For Technical Analysis
105183,2025-06-30,status,For Technical Analysis,In Technical Analysis
105183,2025-07-07,status,In Technical Analysis,Ready for Development
105183,2025-07-14,status,Ready for Development,In Development
120312,2025-01-09,status,Lista de desejos,Backlog
120312,2025-01-12,status,Backlog,Triage
120312,2025-01-16,status,Triage,For Refinement
120312,2025-01-19,status,For Refinement,In Refinement
120312,2025-01-23,status,In Refinement,In Progress
120312,2025-01-26,status,In Progress,Done
123522,2025-04-17,status,Lista de desejos,Backlog
123522,2025-04-21,status,Backlog,Triage
123522,2025-04-25,status,Triage,For Refinement
123522,2025-04-28,status,For Refinement,In Refinement
123522,2025-05-02,status,In Refinement,In Progress
123522,2025-05-06,status,In Progress,Done
106655,2025-07-18,status,Lista de desejos,Backlog
106655,2025-07-22,status,Backlog,Triage
106655,2025-07-26,status,Triage,For Refinement
106655,2025-07-31,status,For Refinement,In Refinement
106655,2025-08-04,status,In Refinement,In Progress
106655,2025-08-08,status,In Progress,Done
101174,2025-10-17,status,Lista de desejos,Backlog
101174,2025-10-19,status,Backlog,Triage
101174,2025-10-22,status,Triage,For Refinement
101174,2025-10-24,status,For Refinement,In Refinement
101174,2025-10-27,status,In Refinement,In Progress
101174,2025-10-30,status,In Progress,Done
101174,2025-11-01,status,Done,Canceled
121914,2025-02-01,status,Lista de desejos,Backlog
121914,2025-02-04,status,Backlog,Triage
121914,2025-02-08,status,Triage,For Refinement
121914,2025-02-11,status,For Refinement,In Refinement
121914,2025-02-14,status,In Refinement,In Progress
121914,2025-02-18,status,In Progress,Done
121914,2025-02-21,status,Done,Canceled
124585,2025-05-07,status,Lista de desejos,Backlog
124585,2025-05-10,status,Backlog,Triage
124585,2025-05-12,status,Triage,For Refinement
124585,2025-05-14,status,For Refinement,In Refinement
124585,2025-05-16,status,In Refinement,In Progress
124585,2025-05-19,status,In Progress,Done
101365,2025-10-03,status,Backlog,Triage
101881,2025-03-04,status,Lista de desejos,Backlog
101881,2025-03-07,status,Backlog,Triage
101881,2025-03-11,status,Triage,For Refinement
101881,2025-03-15,status,For Refinement,In Refinement
101881,2025-03-19,status,In Refinement,In Progress
101881,2025-03-22,status,In Progress,Done
106561,2025-07-01,status,Backlog,Triage
106561,2025-07-03,status,Triage,For Refinement
106561,2025-07-05,status,For Refinement,In Refinement
106561,2025-07-08,status,In Refinement,For Technical Analysis
106561,2025-07-10,status,For Technical Analysis,In Technical Analysis
106561,2025-07-12,status,In Technical Analysis,Ready for Development
120861,2025-08-02,status,Lista de desejos,Backlog
120861,2025-08-03,status,Backlog,Triage
120861,2025-08-05,status,Triage,For Refinement
120861,2025-08-06,status,For Refinement,In Refinement
120861,2025-08-07,status,In Refinement,In Progress
120861,2025-08-09,status,In Progress,Done
120861,2025-08-10,status,Done,Canceled
111932,2025-01-12,status,Lista de desejos,Backlog
111932,2025-01-16,status,Backlog,Triage
111932,2025-01-20,status,Triage,For Refinement
111932,2025-01-23,status,For Refinement,In Refinement
111932,2025-01-27,status,In Refinement,In Progress
111932,2025-01-31,status,In Progress,Done
122990,2025-11-03,status,Backlog,Triage
122990,2025-11-13,status,Triage,For Refinement
122990,2025-11-22,status,For Refinement,In Refinement
122990,2025-12-02,status,In Refinement,For Technical Analysis
103235,2025-12-08,status,Lista de desejos,Backlog
103235,2025-12-11,status,Backlog,Triage
103235,2025-12-15,status,Triage,For Refinement
103235,2025-12-18,status,For Refinement,In Refinement
103235,2025-12-22,status,In Refinement,In Progress
103235,2025-12-25,status,In Progress,Done
115897,2025-06-13,status,Lista de desejos,Backlog
115897,2025-06-15,status,Backlog,Triage
115897,2025-06-18,status,Triage,For Refinement
115897,2025-06-20,status,For Refinement,In Refinement
115897,2025-06-23,status,In Refinement,In Progress
115897,2025-06-25,status,In Progress,Done
117211,2025-03-24,status,Backlog,Triage
122944,2025-04-08,status,Backlog,Triage
122944,2025-04-09,status,Triage,For Refinement
122944,2025-04-10,status,For Refinement,In Refinement
122944,2025-04-11,status,In Refinement,For Technical Analysis
122944,2025-04-12,status,For Technical Analysis,In Technical Analysis
122944,2025-04-14,status,In Technical Analysis,Ready for Development
122944,2025-04-15,status,Ready for Development,In Development
122944,2025-04-16,status,In Development,For Release
122944,2025-04-17,status,For Release,Waiting Information
122944,2025-04-18,status,Waiting Information,Information Sent
111373,2025-10-23,status,Lista de desejos,Backlog
111373,2025-10-25,status,Backlog,Triage
111373,2025-10-27,status,Triage,For Refinement
111373,2025-10-30,status,For Refinement,In Refinement
111373,2025-11-01,status,In Refinement,In Progress
111373,2025-11-03,status,In Progress,Done
111421,2025-11-15,status,Lista de desejos,Backlog
111421,2025-11-19,status,Backlog,Triage
111421,2025-11-22,status,Triage,For Refinement
111421,2025-11-25,status,For Refinement,In Refinement
111421,2025-11-28,status,In Refinement,In Progress
111421,2025-12-02,status,In Progress,Done
103426,2025-06-12,status,Lista de desejos,Backlog
103426,2025-06-14,status,Backlog,Triage
103426,2025-06-16,status,Triage,For Refinement
103426,2025-06-17,status,For Refinement,In Refinement
103426,2025-06-19,status,In Refinement,In Progress
103426,2025-06-21,status,In Progress,Done
105492,2025-01-28,status,Lista de desejos,Backlog
105492,2025-01-31,status,Backlog,Triage
105492,2025-02-04,status,Triage,For Refinement
105492,2025-02-08,status,For Refinement,In Refinement
105492,2025-02-12,status,In Refinement,In Progress
105492,2025-02-15,status,In Progress,Done
100476,2025-07-16,status,Backlog,Triage
100476,2025-07-18,status,Triage,For Refinement
100476,2025-07-21,status,For Refinement,In Refinement
100476,2025-07-23,status,In Refinement,For Technical Analysis
115445,2025-02-09,status,Lista de desejos,Backlog
115445,2025-02-13,status,Backlog,Triage
115445,2025-02-16,status,Triage,For Refinement
115445,2025-02-19,status,For Refinement,In Refinement
115445,2025-02-22,status,In Refinement,In Progress
115445,2025-02-26,status,In Progress,Done
106383,2025-03-10,status,Lista de desejos,Backlog
106383,2025-03-12,status,Backlog,Triage
106383,2025-03-15,status,Triage,For Refinement
106383,2025-03-18,status,For Refinement,In Refinement
106383,2025-03-21,status,In Refinement,In Progress
106383,2025-03-23,status,In Progress,Done
121003,2025-02-02,status,Lista de desejos,Backlog
121003,2025-02-06,status,Backlog,Triage
121003,2025-02-09,status,Triage,For Refinement
121003,2025-02-13,status,For Refinement,In Refinement
121003,2025-02-16,status,In Refinement,In Progress
121003,2025-02-20,status,In Progress,Done
119293,2025-07-14,status,Lista de desejos,Backlog
119293,2025-07-16,status,Backlog,Triage
119293,2025-07-18,status,Triage,For Refinement
119293,2025-07-19,status,For Refinement,In Refinement
119293,2025-07-21,status,In Refinement,In Progress
119293,2025-07-23,status,In Progress,Done
108007,2025-10-14,status,Backlog,Triage
108007,2025-10-17,status,Triage,For Refinement
108007,2025-10-20,status,For Refinement,In Refinement
108007,2025-10-23,status,In Refinement,For Technical Analysis
108007,2025-10-25,status,For Technical Analysis,In Technical Analysis
108007,2025-10-28,status,In Technical Analysis,Ready for Development
108007,2025-10-31,status,Ready for Development,In Development
112953,2025-08-11,status,Lista de desejos,Backlog
112953,2025-08-14,status,Backlog,Triage
112953,2025-08-16,status,Triage,For Refinement
112953,2025-08-18,status,For Refinement,In Refinement
112953,2025-08-20,status,In Refinement,In Progress
112953,2025-08-23,status,In Progress,Done
115064,2025-05-03,status,Lista de desejos,Backlog
115064,2025-05-05,status,Backlog,Triage
115064,2025-05-07,status,Triage,For Refinement
115064,2025-05-08,status,For Refinement,In Refinement
115064,2025-05-10,status,In Refinement,In Progress
115064,2025-05-12,status,In Progress,Done
124859,2025-05-25,status,Lista de desejos,Backlog
124859,2025-05-27,status,Backlog,Triage
124859,2025-05-29,status,Triage,For Refinement
124859,2025-05-30,status,For Refinement,In Refinement
124859,2025-06-01,status,In Refinement,In Progress
124859,2025-06-03,status,In Progress,Done
106044,2025-09-27,status,Lista de desejos,Backlog
106044,2025-09-30,status,Backlog,Triage
106044,2025-10-02,status,Triage,For Refinement
106044,2025-10-04,status,For Refinement,In Refinement
106044,2025-10-06,status,In Refinement,In Progress
106044,2025-10-09,status,In Progress,Done
105058,2025-11-03,status,Lista de desejos,Backlog
105058,2025-11-04,status,Backlog,Triage
105058,2025-11-06,status,Triage,For Refinement
105058,2025-11-08,status,For Refinement,In Refinement
105058,2025-11-10,status,In Refinement,In Progress
105058,2025-11-11,status,In Progress,Done
112761,2025-05-27,status,Lista de desejos,Backlog
112761,2025-05-29,status,Backlog,Triage
112761,2025-05-30,status,Triage,For Refinement
112761,2025-06-01,status,For Refinement,In Refinement
112761,2025-06-02,status,In Refinement,In Progress
112761,2025-06-04,status,In Progress,Done
111263,2025-08-11,status,Lista de desejos,Backlog
111263,2025-08-14,status,Backlog,Triage
111263,2025-08-18,status,Triage,For Refinement
111263,2025-08-21,status,For Refinement,In Refinement
111263,2025-08-25,status,In Refinement,In Progress
111263,2025-08-28,status,In Progress,Done
118532,2025-06-20,status,Lista de desejos,Backlog
118532,2025-06-23,status,Backlog,Triage
118532,2025-06-27,status,Triage,For Refinement
118532,2025-06-30,status,For Refinement,In Refinement
118532,2025-07-04,status,In Refinement,In Progress
118532,2025-07-07,status,In Progress,Done
105091,2025-06-19,status,Lista de desejos,Backlog
105091,2025-06-22,status,Backlog,Triage
105091,2025-06-26,status,Triage,For Refinement
105091,2025-06-29,status,For Refinement,In Refinement
105091,2025-07-03,status,In Refinement,In Progress
105091,2025-07-06,status,In Progress,Done
101618,2025-07-06,status,Lista de desejos,Backlog
101618,2025-07-09,status,Backlog,Triage
101618,2025-07-11,status,Triage,For Refinement
101618,2025-07-14,status,For Refinement,In Refinement
101618,2025-07-17,status,In Refinement,In Progress
101618,2025-07-19,status,In Progress,Done
101618,2025-07-22,status,Done,Canceled
120607,2025-02-03,status,Lista de desejos,Backlog
120607,2025-02-05,status,Backlog,Triage
120607,2025-02-07,status,Triage,For Refinement
120607,2025-02-09,status,For Refinement,In Refinement
120607,2025-02-11,status,In Refinement,In Progress
120607,2025-02-13,status,In Progress,Done
111515,2025-09-25,status,Lista de desejos,Backlog
111515,2025-09-28,status,Backlog,Triage
111515,2025-10-01,status,Triage,For Refinement
111515,2025-10-05,status,For Refinement,In Refinement
111515,2025-10-08,status,In Refinement,In Progress
111515,2025-10-11,status,In Progress,Done
103453,2025-06-23,status,Backlog,Triage
103453,2025-06-24,status,Triage,For Refinement
103453,2025-06-25,status,For Refinement,In Refinement
103453,2025-06-26,status,In Refinement,For Technical Analysis
103453,2025-06-27,status,For Technical Analysis,In Technical Analysis
103453,2025-06-28,status,In Technical Analysis,Ready for Development
103453,2025-06-29,status,Ready for Development,In Development
103453,2025-06-30,status,In Development,For Release
103453,2025-07-01,status,For Release,Waiting Information
103453,2025-07-02,status,Waiting Information,Information Sent
116345,2025-09-13,status,Lista de desejos,Backlog
116345,2025-09-15,status,Backlog,Triage
116345,2025-09-17,status,Triage,For Refinement
116345,2025-09-20,status,For Refinement,In Refinement
116345,2025-09-22,status,In Refinement,In Progress
116345,2025-09-24,status,In Progress,Done
123502,2025-06-27,status,Backlog,Triage
123502,2025-07-02,status,Triage,For Refinement
123502,2025-07-08,status,For Refinement,In Refinement
123502,2025-07-13,status,In Refinement,For Technical Analysis
123502,2025-07-19,status,For Technical Analysis,In Technical Analysis
123502,2025-07-25,status,In Technical Analysis,Ready for Development
123502,2025-07-30,status,Ready for Development,In Development
100872,2025-07-28,status,Lista de desejos,Backlog
100872,2025-07-31,status,Backlog,Triage
100872,2025-08-03,status,Triage,For Refinement
100872,2025-08-07,status,For Refinement,In Refinement
100872,2025-08-10,status,In Refinement,In Progress
100872,2025-08-13,status,In Progress,Done
110379,2025-08-11,status,Lista de desejos,Backlog
110379,2025-08-12,status,Backlog,Triage
110379,2025-08-14,status,Triage,For Refinement
110379,2025-08-16,status,For Refinement,In Refinement
110379,2025-08-18,status,In Refinement,In Progress
110379,2025-08-19,status,In Progress,Done
116612,2025-03-27,status,Backlog,Triage
116612,2025-03-30,status,Triage,For Refinement
116612,2025-04-02,status,For Refinement,In Refinement
116612,2025-04-06,status,In Refinement,For Technical Analysis
116612,2025-04-09,status,For Technical Analysis,In Technical Analysis
116612,2025-04-12,status,In Technical Analysis,Ready for Development
113879,2025-07-31,status,Lista de desejos,Backlog
113879,2025-08-02,status,Backlog,Triage
113879,2025-08-05,status,Triage,For Refinement
113879,2025-08-07,status,For Refinement,In Refinement
113879,2025-08-09,status,In Refinement,In Progress
113879,2025-08-12,status,In Progress,Done
113879,2025-08-14,status,Done,Canceled
124553,2025-08-10,status,Backlog,Triage
124553,2025-08-21,status,Triage,For Refinement
124553,2025-09-01,status,For Refinement,In Refinement
124553,2025-09-12,status,In Refinement,For Technical Analysis
121153,2025-11-15,status,Lista de desejos,Backlog
121153,2025-11-17,status,Backlog,Triage
121153,2025-11-20,status,Triage,For Refinement
121153,2025-11-23,status,For Refinement,In Refinement
121153,2025-11-26,status,In Refinement,In Progress
121153,2025-11-28,status,In Progress,Done
106207,2025-08-19,status,Backlog,Triage
106207,2025-08-24,status,Triage,For Refinement
106207,2025-08-30,status,For Refinement,In Refinement
106207,2025-09-05,status,In Refinement,For Technical Analysis
106207,2025-09-10,status,For Technical Analysis,In Technical Analysis
106207,2025-09-16,status,In Technical Analysis,Ready for Development
106207,2025-09-22,status,Ready for Development,In Development
106207,2025-09-27,status,In Development,For Release
103439,2025-12-14,status,Lista de desejos,Backlog
103439,2025-12-17,status,Backlog,Triage
103439,2025-12-19,status,Triage,For Refinement
103439,2025-12-22,status,For Refinement,In Refinement
103439,2025-12-24,status,In Refinement,In Progress
103439,2025-12-27,status,In Progress,Done
102361,2025-07-14,status,Lista de desejos,Backlog
102361,2025-07-18,status,Backlog,Triage
102361,2025-07-21,status,Triage,For Refinement
102361,2025-07-25,status,For Refinement,In Refinement
102361,2025-07-28,status,In Refinement,In Progress
102361,2025-08-01,status,In Progress,Done
118827,2025-04-25,status,Backlog,Triage
112970,2025-08-11,status,Lista de desejos,Backlog
112970,2025-08-12,status,Backlog,Triage
112970,2025-08-14,status,Triage,For Refinement
112970,2025-08-15,status,For Refinement,In Refinement
112970,2025-08-17,status,In Refinement,In Progress
112970,2025-08-18,status,In Progress,Done
121420,2025-10-26,status,Backlog,Triage
121420,2025-11-06,status,Triage,For Refinement
121420,2025-11-17,status,For Refinement,In Refinement
112981,2025-03-28,status,Backlog,Triage
110004,2025-12-08,status,Backlog,Triage
110004,2025-12-13,status,Triage,For Refinement
110004,2025-12-17,status,For Refinement,In Refinement
110004,2025-12-22,status,In Refinement,For Technical Analysis
112341,2025-05-29,status,Lista de desejos,Backlog
112341,2025-06-02,status,Backlog,Triage
112341,2025-06-06,status,Triage,For Refinement
112341,2025-06-10,status,For Refinement,In Refinement
112341,2025-06-14,status,In Refinement,In Progress
112341,2025-06-18,status,In Progress,Done
116921,2025-09-23,status,Lista de desejos,Backlog
116921,2025-09-25,status,Backlog,Triage
116921,2025-09-28,status,Triage,For Refinement
116921,2025-10-01,status,For Refinement,In Refinement
116921,2025-10-04,status,In Refinement,In Progress
116921,2025-10-06,status,In Progress,Done
120158,2025-08-03,status,Lista de desejos,Backlog
120158,2025-08-05,status,Backlog,Triage
120158,2025-08-07,status,Triage,For Refinement
120158,2025-08-08,status,For Refinement,In Refinement
120158,2025-08-10,status,In Refinement,In Progress
120158,2025-08-12,status,In Progress,Done
114705,2025-04-06,status,Lista de desejos,Backlog
114705,2025-04-08,status,Backlog,Triage
114705,2025-04-11,status,Triage,For Refinement
114705,2025-04-14,status,For Refinement,In Refinement
114705,2025-04-17,status,In Refinement,In Progress
114705,2025-04-19,status,In Progress,Done
102772,2025-04-24,status,Lista de desejos,Backlog
102772,2025-04-27,status,Backlog,Triage
102772,2025-04-30,status,Triage,For Refinement
102772,2025-05-04,status,For Refinement,In Refinement
102772,2025-05-07,status,In Refinement,In Progress
102772,2025-05-10,status,In Progress,Done
118499,2025-04-12,status,Lista de desejos,Backlog
118499,2025-04-14,status,Backlog,Triage
118499,2025-04-17,status,Triage,For Refinement
118499,2025-04-19,status,For Refinement,In Refinement
118499,2025-04-22,status,In Refinement,In Progress
118499,2025-04-24,status,In Progress,Done
102520,2025-08-14,status,Lista de desejos,Backlog
102520,2025-08-17,status,Backlog,Triage
102520,2025-08-19,status,Triage,For Refinement
102520,2025-08-21,status,For Refinement,In Refinement
102520,2025-08-23,status,In Refinement,In Progress
102520,2025-08-26,status,In Progress,Done
107904,2025-07-13,status,Lista de desejos,Backlog
107904,2025-07-16,status,Backlog,Triage
107904,2025-07-19,status,Triage,For Refinement
107904,2025-07-23,status,For Refinement,In Refinement
107904,2025-07-27,status,In Refinement,In Progress
107904,2025-07-30,status,In Progress,Done
107904,2025-08-02,status,Done,Canceled
111562,2025-07-30,status,Lista de desejos,Backlog
111562,2025-08-01,status,Backlog,Triage
111562,2025-08-04,status,Triage,For Refinement
111562,2025-08-06,status,For Refinement,In Refinement
111562,2025-08-09,status,In Refinement,In Progress
111562,2025-08-11,status,In Progress,Done
109168,2025-02-20,status,Lista de desejos,Backlog
109168,2025-02-22,status,Backlog,Triage
109168,2025-02-25,status,Triage,For Refinement
109168,2025-02-27,status,For Refinement,In Refinement
109168,2025-03-02,status,In Refinement,In Progress
109168,2025-03-05,status,In Progress,Done
109168,2025-03-07,status,Done,Canceled
110079,2025-08-16,status,Backlog,Triage
110079,2025-08-24,status,Triage,For Refinement
110079,2025-09-01,status,For Refinement,In Refinement
110079,2025-09-08,status,In Refinement,For Technical Analysis
110079,2025-09-16,status,For Technical Analysis,In Technical Analysis
110182,2025-06-19,status,Backlog,Triage
110182,2025-06-25,status,Triage,For Refinement
110182,2025-06-30,status,For Refinement,In Refinement
110182,2025-07-06,status,In Refinement,For Technical Analysis
109862,2025-09-18,status,Lista de desejos,Backlog
109862,2025-09-22,status,Backlog,Triage
109862,2025-09-26,status,Triage,For Refinement
109862,2025-10-01,status,For Refinement,In Refinement
109862,2025-10-05,status,In Refinement,In Progress
109862,2025-10-09,status,In Progress,Done
111093,2025-05-07,status,Lista de desejos,Backlog
111093,2025-05-10,status,Backlog,Triage
111093,2025-05-13,status,Triage,For Refinement
105136,2025-05-10,status,Backlog,Triage
105136,2025-05-12,status,Triage,For Refinement
105136,2025-05-15,status,For Refinement,In Refinement
105136,2025-05-17,status,In Refinement,For Technical Analysis
105136,2025-05-19,status,For Technical Analysis,In Technical Analysis
105136,2025-05-21,status,In Technical Analysis,Ready for Development
105136,2025-05-24,status,Ready for Development,In Development
105136,2025-05-26,status,In Development,For Release
121293,2025-11-23,status,Backlog,Triage
121293,2025-12-02,status,Triage,For Refinement
121293,2025-12-11,status,For Refinement,In Refinement
121293,2025-12-20,status,In Refinement,For Technical Analysis
121293,2025-12-29,status,For Technical Analysis,In Technical Analysis
101466,2025-07-27,status,Lista de desejos,Backlog
101466,2025-08-01,status,Backlog,Triage
101466,2025-08-05,status,Triage,For Refinement
101466,2025-08-09,status,For Refinement,In Refinement
101466,2025-08-13,status,In Refinement,In Progress
101466,2025-08-18,status,In Progress,Done
121946,2025-01-29,status,Lista de desejos,Backlog
121946,2025-02-01,status,Backlog,Triage
121946,2025-02-05,status,Triage,For Refinement
121946,2025-02-09,status,For Refinement,In Refinement
121946,2025-02-13,status,In Refinement,In Progress
121946,2025-02-16,status,In Progress,Done
110849,2025-06-09,status,Lista de desejos,Backlog
110849,2025-06-13,status,Backlog,Triage
110849,2025-06-17,status,Triage,For Refinement
110849,2025-06-21,status,For Refinement,In Refinement
110849,2025-06-25,status,In Refinement,In Progress
110849,2025-06-29,status,In Progress,Done
110440,2025-09-06,status,Lista de desejos,Backlog
110440,2025-09-10,status,Backlog,Triage
110440,2025-09-14,status,Triage,For Refinement
110440,2025-09-17,status,For Refinement,In Refinement
110440,2025-09-21,status,In Refinement,In Progress
110440,2025-09-25,status,In Progress,Done
102830,2025-06-08,status,Lista de desejos,Backlog
102830,2025-06-17,status,Backlog,Triage
102830,2025-06-27,status,Triage,For Refinement
105577,2025-04-25,status,Backlog,Triage
109787,2025-07-06,status,Lista de desejos,Backlog
109787,2025-07-09,status,Backlog,Triage
109787,2025-07-13,status,Triage,For Refinement
109787,2025-07-16,status,For Refinement,In Refinement
109787,2025-07-20,status,In Refinement,In Progress
109787,2025-07-24,status,In Progress,Done
109787,2025-07-27,status,Done,Canceled
121640,2025-02-01,status,Backlog,Triage
121640,2025-02-05,status,Triage,For Refinement
121640,2025-02-09,status,For Refinement,In Refinement
121640,2025-02-12,status,In Refinement,For Technical Analysis
121640,2025-02-16,status,For Technical Analysis,In Technical Analysis
121640,2025-02-20,status,In Technical Analysis,Ready for Development
113595,2025-07-24,status,Lista de desejos,Backlog
113595,2025-07-27,status,Backlog,Triage
113595,2025-07-29,status,Triage,For Refinement
113595,2025-07-31,status,For Refinement,In Refinement
113595,2025-08-02,status,In Refinement,In Progress
113595,2025-08-05,status,In Progress,Done
111418,2025-06-17,status,Backlog,Triage
111418,2025-06-18,status,Triage,For Refinement
111418,2025-06-20,status,For Refinement,In Refinement
111418,2025-06-22,status,In Refinement,For Technical Analysis
111418,2025-06-24,status,For Technical Analysis,In Technical Analysis
111418,2025-06-25,status,In Technical Analysis,Ready for Development
111418,2025-06-27,status,Ready for Development,In Development
111418,2025-06-29,status,In Development,For Release
111418,2025-07-01,status,For Release,Waiting Information
111418,2025-07-02,status,Waiting Information,Information Sent
124637,2025-06-28,status,Lista de desejos,Backlog
124637,2025-07-01,status,Backlog,Triage
124637,2025-07-05,status,Triage,For Refinement
124637,2025-07-09,status,For Refinement,In Refinement
124637,2025-07-13,status,In Refinement,In Progress
124637,2025-07-16,status,In Progress,Done
110715,2025-07-27,status,Lista de desejos,Backlog
110715,2025-07-29,status,Backlog,Triage
110715,2025-07-31,status,Triage,For Refinement
110715,2025-08-01,status,For Refinement,In Refinement
110715,2025-08-03,status,In Refinement,In Progress
110715,2025-08-05,status,In Progress,Done
122437,2025-07-15,status,Lista de desejos,Backlog
122437,2025-07-17,status,Backlog,Triage
122437,2025-07-19,status,Triage,For Refinement
122437,2025-07-20,status,For Refinement,In Refinement
122437,2025-07-22,status,In Refinement,In Progress
122437,2025-07-24,status,In Progress,Done
109278,2025-11-25,status,Lista de desejos,Backlog
109278,2025-11-29,status,Backlog,Triage
109278,2025-12-03,status,Triage,For Refinement
109278,2025-12-08,status,For Refinement,In Refinement
109278,2025-12-12,status,In Refinement,In Progress
109278,2025-12-16,status,In Progress,Done
116351,2025-06-07,status,Lista de desejos,Backlog
116351,2025-06-10,status,Backlog,Triage
116351,2025-06-13,status,Triage,For Refinement
116351,2025-06-16,status,For Refinement,In Refinement
116351,2025-06-19,status,In Refinement,In Progress
116351,2025-06-22,status,In Progress,Done
116182,2025-04-03,status,Lista de desejos,Backlog
116182,2025-04-06,status,Backlog,Triage
116182,2025-04-08,status,Triage,For Refinement
116182,2025-04-10,status,For Refinement,In Refinement
116182,2025-04-12,status,In Refinement,In Progress
116182,2025-04-15,status,In Progress,Done
110247,2025-08-05,status,Lista de desejos,Backlog
110247,2025-08-07,status,Backlog,Triage
110247,2025-08-09,status,Triage,For Refinement
110247,2025-08-11,status,For Refinement,In Refinement
110247,2025-08-14,status,In Refinement,In Progress
110247,2025-08-16,status,In Progress,Done
110247,2025-08-18,status,Done,Canceled
122395,2025-08-14,status,Lista de desejos,Backlog
122395,2025-08-19,status,Backlog,Triage
122395,2025-08-23,status,Triage,For Refinement
122395,2025-08-27,status,For Refinement,In Refinement
122395,2025-08-31,status,In Refinement,In Progress
122395,2025-09-05,status,In Progress,Done
114343,2025-09-03,status,Lista de desejos,Backlog
114343,2025-09-06,status,Backlog,Triage
114343,2025-09-10,status,Triage,For Refinement
114343,2025-09-13,status,For Refinement,In Refinement
114343,2025-09-17,status,In Refinement,In Progress
114343,2025-09-20,status,In Progress,Done
120808,2025-09-18,status,Lista de desejos,Backlog
120808,2025-09-22,status,Backlog,Triage
120808,2025-09-25,status,Triage,For Refinement
120808,2025-09-28,status,For Refinement,In Refinement
120808,2025-10-01,status,In Refinement,In Progress
120808,2025-10-05,status,In Progress,Done
124972,2025-01-15,status,Backlog,Triage
124972,2025-01-24,status,Triage,For Refinement
124972,2025-02-03,status,For Refinement,In Refinement
124972,2025-02-13,status,In Refinement,For Technical Analysis
124972,2025-02-22,status,For Technical Analysis,In Technical Analysis
109853,2025-10-06,status,Backlog,Triage
109853,2025-10-09,status,Triage,For Refinement
109853,2025-10-11,status,For Refinement,In Refinement
109853,2025-10-14,status,In Refinement,For Technical Analysis
109853,2025-10-17,status,For Technical Analysis,In Technical Analysis
109853,2025-10-20,status,In Technical Analysis,Ready for Development
109853,2025-10-23,status,Ready for Development,In Development
109853,2025-10-26,status,In Development,For Release
109853,2025-10-28,status,For Release,Waiting Information
109853,2025-10-31,status,Waiting Information,Information Sent
102724,2025-05-24,status,Backlog,Triage
116074,2025-03-11,status,Lista de desejos,Backlog
116074,2025-03-15,status,Backlog,Triage
116074,2025-03-19,status,Triage,For Refinement
116074,2025-03-23,status,For Refinement,In Refinement
116074,2025-03-27,status,In Refinement,In Progress
116074,2025-03-31,status,In Progress,Done
112916,2025-09-02,status,Backlog,Triage
112916,2025-09-05,status,Triage,For Refinement
112916,2025-09-08,status,For Refinement,In Refinement
112916,2025-09-10,status,In Refinement,For Technical Analysis
112916,2025-09-12,status,For Technical Analysis,In Technical Analysis
115043,2025-09-29,status,Backlog,Triage
115043,2025-10-04,status,Triage,For Refinement
115043,2025-10-10,status,For Refinement,In Refinement
115043,2025-10-16,status,In Refinement,For Technical Analysis
115043,2025-10-21,status,For Technical Analysis,In Technical Analysis
116180,2025-11-16,status,Lista de desejos,Backlog
116180,2025-11-19,status,Backlog,Triage
116180,2025-11-21,status,Triage,For Refinement
116180,2025-11-24,status,For Refinement,In Refinement
116180,2025-11-26,status,In Refinement,In Progress
116180,2025-11-29,status,In Progress,Done
117762,2025-10-26,status,Backlog,Triage
117762,2025-11-01,status,Triage,For Refinement
108542,2025-02-18,status,Backlog,Triage
108542,2025-02-28,status,Triage,For Refinement
118796,2025-08-21,status,Backlog,Triage
118796,2025-08-31,status,Triage,For Refinement
107990,2025-07-20,status,Lista de desejos,Backlog
107990,2025-07-24,status,Backlog,Triage
107990,2025-07-27,status,Triage,For Refinement
107990,2025-07-30,status,For Refinement,In Refinement
107990,2025-08-02,status,In Refinement,In Progress
107990,2025-08-06,status,In Progress,Done
111385,2025-09-14,status,Lista de desejos,Backlog
111385,2025-09-18,status,Backlog,Triage
111385,2025-09-22,status,Triage,For Refinement
111385,2025-09-26,status,For Refinement,In Refinement
111385,2025-09-30,status,In Refinement,In Progress
111385,2025-10-04,status,In Progress,Done
123845,2025-02-22,status,Backlog,Triage
123845,2025-03-06,status,Triage,For Refinement
123845,2025-03-18,status,For Refinement,In Refinement
108195,2025-06-05,status,Lista de desejos,Backlog
108195,2025-06-08,status,Backlog,Triage
108195,2025-06-10,status,Triage,For Refinement
108195,2025-06-13,status,For Refinement,In Refinement
108195,2025-06-15,status,In Refinement,In Progress
108195,2025-06-18,status,In Progress,Done
100490,2025-09-09,status,Lista de desejos,Backlog
100490,2025-09-10,status,Backlog,Triage
100490,2025-09-11,status,Triage,For Refinement
100490,2025-09-13,status,For Refinement,In Refinement
100490,2025-09-15,status,In Refinement,In Progress
100490,2025-09-16,status,In Progress,Done
100490,2025-09-17,status,Done,Canceled
103080,2025-12-10,status,Backlog,Triage
103080,2025-12-13,status,Triage,For Refinement
103080,2025-12-17,status,For Refinement,In Refinement
103080,2025-12-20,status,In Refinement,For Technical Analysis
103080,2025-12-23,status,For Technical Analysis,In Technical Analysis
103080,2025-12-27,status,In Technical Analysis,Ready for Development
103080,2025-12-30,status,Ready for Development,In Development
118812,2025-08-19,status,Lista de desejos,Backlog
118812,2025-08-22,status,Backlog,Triage
118812,2025-08-24,status,Triage,For Refinement
118812,2025-08-27,status,For Refinement,In Refinement
118812,2025-08-29,status,In Refinement,In Progress
118812,2025-08-31,status,In Progress,Done
118812,2025-09-03,status,Done,Canceled
123604,2025-06-22,status,Lista de desejos,Backlog
123604,2025-06-25,status,Backlog,Triage
123604,2025-06-27,status,Triage,For Refinement
123604,2025-06-30,status,For Refinement,In Refinement
121753,2025-06-29,status,Lista de desejos,Backlog
121753,2025-07-02,status,Backlog,Triage
121753,2025-07-06,status,Triage,For Refinement
121753,2025-07-09,status,For Refinement,In Refinement
121753,2025-07-13,status,In Refinement,In Progress
121753,2025-07-16,status,In Progress,Done
111068,2025-08-17,status,Lista de desejos,Backlog
111068,2025-08-18,status,Backlog,Triage
111068,2025-08-20,status,Triage,For Refinement
111068,2025-08-21,status,For Refinement,In Refinement
111068,2025-08-23,status,In Refinement,In Progress
111068,2025-08-24,status,In Progress,Done
106679,2025-04-17,status,Lista de desejos,Backlog
106679,2025-04-18,status,Backlog,Triage
106679,2025-04-20,status,Triage,For Refinement
106679,2025-04-22,status,For Refinement,In Refinement
106679,2025-04-24,status,In Refinement,In Progress
106679,2025-04-25,status,In Progress,Done
101188,2025-10-10,status,Lista de desejos,Backlog
101188,2025-10-11,status,Backlog,Triage
101188,2025-10-13,status,Triage,For Refinement
101188,2025-10-15,status,For Refinement,In Refinement
101188,2025-10-17,status,In Refinement,In Progress
101188,2025-10-18,status,In Progress,Done
110347,2025-09-21,status,Lista de desejos,Backlog
110347,2025-09-23,status,Backlog,Triage
110347,2025-09-25,status,Triage,For Refinement
110347,2025-09-28,status,For Refinement,In Refinement
110347,2025-09-30,status,In Refinement,In Progress
110347,2025-10-02,status,In Progress,Done
113549,2025-03-17,status,Backlog,Triage
113549,2025-03-23,status,Triage,For Refinement
113549,2025-03-30,status,For Refinement,In Refinement
113549,2025-04-05,status,In Refinement,For Technical Analysis
113549,2025-04-11,status,For Technical Analysis,In Technical Analysis
113549,2025-04-17,status,In Technical Analysis,Ready for Development
113549,2025-04-24,status,Ready for Development,In Development
113549,2025-04-30,status,In Development,For Release
109666,2025-04-23,status,Lista de desejos,Backlog
109666,2025-04-27,status,Backlog,Triage
109666,2025-04-30,status,Triage,For Refinement
109666,2025-05-04,status,For Refinement,In Refinement
109666,2025-05-07,status,In Refinement,In Progress
109666,2025-05-11,status,In Progress,Done
121980,2025-06-23,status,Lista de desejos,Backlog
121980,2025-06-26,status,Backlog,Triage
121980,2025-06-29,status,Triage,For Refinement
121980,2025-07-03,status,For Refinement,In Refinement
121980,2025-07-06,status,In Refinement,In Progress
121980,2025-07-09,status,In Progress,Done
105010,2025-07-03,status,Lista de desejos,Backlog
105010,2025-07-07,status,Backlog,Triage
105010,2025-07-10,status,Triage,For Refinement
105010,2025-07-13,status,For Refinement,In Refinement
105010,2025-07-16,status,In Refinement,In Progress
105010,2025-07-20,status,In Progress,Done
109660,2025-03-31,status,Lista de desejos,Backlog
109660,2025-04-04,status,Backlog,Triage
109660,2025-04-07,status,Triage,For Refinement
109660,2025-04-10,status,For Refinement,In Refinement
109660,2025-04-13,status,In Refinement,In Progress
109660,2025-04-17,status,In Progress,Done
108924,2025-04-21,status,Lista de desejos,Backlog
108924,2025-04-25,status,Backlog,Triage
108924,2025-04-29,status,Triage,For Refinement
108924,2025-05-03,status,For Refinement,In Refinement
108924,2025-05-07,status,In Refinement,In Progress
108924,2025-05-11,status,In Progress,Done
121073,2025-04-01,status,Lista de desejos,Backlog
121073,2025-04-04,status,Backlog,Triage
121073,2025-04-07,status,Triage,For Refinement
121073,2025-04-10,status,For Refinement,In Refinement
121073,2025-04-13,status,In Refinement,In Progress
121073,2025-04-16,status,In Progress,Done
122406,2025-10-17,status,Lista de desejos,Backlog
122406,2025-10-18,status,Backlog,Triage
122406,2025-10-20,status,Triage,For Refinement
122406,2025-10-22,status,For Refinement,In Refinement
122406,2025-10-24,status,In Refinement,In Progress
122406,2025-10-25,status,In Progress,Done
119272,2025-12-28,status,Lista de desejos,Backlog
119272,2025-12-30,status,Backlog,Triage
119272,2026-01-01,status,Triage,For Refinement
119272,2026-01-02,status,For Refinement,In Refinement
119272,2026-01-04,status,In Refinement,In Progress
119272,2026-01-06,status,In Progress,Done
107628,2025-07-16,status,Lista de desejos,Backlog
107628,2025-07-18,status,Backlog,Triage
107628,2025-07-20,status,Triage,For Refinement
107628,2025-07-22,status,For Refinement,In Refinement
107628,2025-07-24,status,In Refinement,In Progress
107628,2025-07-26,status,In Progress,Done
105077,2025-03-10,status,Backlog,Triage
105077,2025-03-15,status,Triage,For Refinement
105077,2025-03-19,status,For Refinement,In Refinement
105077,2025-03-23,status,In Refinement,For Technical Analysis
105077,2025-03-28,status,For Technical Analysis,In Technical Analysis
105077,2025-04-01,status,In Technical Analysis,Ready for Development
105077,2025-04-05,status,Ready for Development,In Development
105077,2025-04-10,status,In Development,For Release
116611,2025-05-20,status,Lista de desejos,Backlog
116611,2025-05-22,status,Backlog,Triage
116611,2025-05-24,status,Triage,For Refinement
116611,2025-05-25,status,For Refinement,In Refinement
116611,2025-05-27,status,In Refinement,In Progress
116611,2025-05-29,status,In Progress,Done
113394,2025-08-15,status,Lista de desejos,Backlog
113394,2025-08-19,status,Backlog,Triage
113394,2025-08-22,status,Triage,For Refinement
113394,2025-08-25,status,For Refinement,In Refinement
113394,2025-08-28,status,In Refinement,In Progress
113394,2025-09-01,status,In Progress,Done
111184,2025-03-20,status,Backlog,Triage
111184,2025-03-24,status,Triage,For Refinement
111184,2025-03-28,status,For Refinement,In Refinement
111184,2025-04-01,status,In Refinement,For Technical Analysis
111184,2025-04-05,status,For Technical Analysis,In Technical Analysis
111184,2025-04-09,status,In Technical Analysis,Ready for Development
111184,2025-04-13,status,Ready for Development,In Development
111184,2025-04-17,status,In Development,For Release
111184,2025-04-21,status,For Release,Waiting Information
111184,2025-04-25,status,Waiting Information,Information Sent
108001,2025-02-08,status,Lista de desejos,Backlog
108001,2025-02-12,status,Backlog,Triage
108001,2025-02-16,status,Triage,For Refinement
108001,2025-02-20,status,For Refinement,In Refinement
108001,2025-02-24,status,In Refinement,In Progress
108001,2025-02-28,status,In Progress,Done
102436,2025-11-28,status,Lista de desejos,Backlog
102436,2025-12-01,status,Backlog,Triage
102436,2025-12-05,status,Triage,For Refinement
102436,2025-12-09,status,For Refinement,In Refinement
102436,2025-12-13,status,In Refinement,In Progress
102436,2025-12-16,status,In Progress,Done
114306,2025-03-16,status,Lista de desejos,Backlog
114306,2025-03-20,status,Backlog,Triage
114306,2025-03-23,status,Triage,For Refinement
114306,2025-03-27,status,For Refinement,In Refinement
114306,2025-03-30,status,In Refinement,In Progress
114306,2025-04-02,status,In Progress,Done
114306,2025-04-06,status,Done,Canceled
104738,2025-06-24,status,Backlog,Triage
106545,2025-10-09,status,Lista de desejos,Backlog
106545,2025-10-11,status,Backlog,Triage
106545,2025-10-12,status,Triage,For Refinement
106545,2025-10-14,status,For Refinement,In Refinement
106545,2025-10-15,status,In Refinement,In Progress
106545,2025-10-17,status,In Progress,Done
117486,2025-05-10,status,Backlog,Triage
117486,2025-05-22,status,Triage,For Refinement
121925,2025-06-18,status,Lista de desejos,Backlog
121925,2025-06-19,status,Backlog,Triage
121925,2025-06-21,status,Triage,For Refinement
121925,2025-06-22,status,For Refinement,In Refinement
121925,2025-06-24,status,In Refinement,In Progress
121925,2025-06-26,status,In Progress,Done
121925,2025-06-27,status,Done,Canceled
106506,2025-09-12,status,Lista de desejos,Backlog
106506,2025-09-14,status,Backlog,Triage
106506,2025-09-17,status,Triage,For Refinement
106506,2025-09-20,status,For Refinement,In Refinement
106506,2025-09-23,status,In Refinement,In Progress
106506,2025-09-25,status,In Progress,Done
123719,2025-07-11,status,Lista de desejos,Backlog
123719,2025-07-12,status,Backlog,Triage
123719,2025-07-14,status,Triage,For Refinement
123719,2025-07-16,status,For Refinement,In Refinement
123719,2025-07-18,status,In Refinement,In Progress
123719,2025-07-19,status,In Progress,Done
117642,2025-11-23,status,Backlog,Triage
117642,2025-11-25,status,Triage,For Refinement
117642,2025-11-27,status,For Refinement,In Refinement
117642,2025-11-30,status,In Refinement,For Technical Analysis
117642,2025-12-02,status,For Technical Analysis,In Technical Analysis
117642,2025-12-04,status,In Technical Analysis,Ready for Development
118435,2025-06-18,status,Lista de desejos,Backlog
118435,2025-06-21,status,Backlog,Triage
118435,2025-06-25,status,Triage,For Refinement
118435,2025-06-28,status,For Refinement,In Refinement
118435,2025-07-02,status,In Refinement,In Progress
118435,2025-07-05,status,In Progress,Done
104528,2025-07-17,status,Backlog,Triage
104528,2025-07-24,status,Triage,For Refinement
104528,2025-07-30,status,For Refinement,In Refinement
104528,2025-08-06,status,In Refinement,For Technical Analysis
104528,2025-08-12,status,For Technical Analysis,In Technical Analysis
104528,2025-08-19,status,In Technical Analysis,Ready for Development
114645,2025-05-25,status,Lista de desejos,Backlog
114645,2025-05-30,status,Backlog,Triage
114645,2025-06-03,status,Triage,For Refinement
114645,2025-06-07,status,For Refinement,In Refinement
114645,2025-06-11,status,In Refinement,In Progress
114645,2025-06-16,status,In Progress,Done
107095,2025-08-21,status,Lista de desejos,Backlog
107095,2025-08-25,status,Backlog,Triage
107095,2025-08-29,status,Triage,For Refinement
107095,2025-09-02,status,For Refinement,In Refinement
107095,2025-09-06,status,In Refinement,In Progress
107095,2025-09-10,status,In Progress,Done
106075,2025-02-17,status,Backlog,Triage
106075,2025-02-24,status,Triage,For Refinement
106075,2025-03-03,status,For Refinement,In Refinement
101670,2025-02-20,status,Backlog,Triage
101670,2025-02-26,status,Triage,For Refinement
101670,2025-03-04,status,For Refinement,In Refinement
101670,2025-03-10,status,In Refinement,For Technical Analysis
101670,2025-03-17,status,For Technical Analysis,In Technical Analysis
101670,2025-03-23,status,In Technical Analysis,Ready for Development
101670,2025-03-29,status,Ready for Development,In Development
116270,2025-08-01,status,Lista de desejos,Backlog
116270,2025-08-04,status,Backlog,Triage
116270,2025-08-07,status,Triage,For Refinement
116270,2025-08-09,status,For Refinement,In Refinement
116270,2025-08-12,status,In Refinement,In Progress
116270,2025-08-15,status,In Progress,Done
105265,2025-04-14,status,Backlog,Triage
105265,2025-04-17,status,Triage,For Refinement
105265,2025-04-20,status,For Refinement,In Refinement
105265,2025-04-23,status,In Refinement,For Technical Analysis
105265,2025-04-26,status,For Technical Analysis,In Technical Analysis
105265,2025-04-29,status,In Technical Analysis,Ready for Development
105265,2025-05-02,status,Ready for Development,In Development
105265,2025-05-05,status,In Development,For Release
105265,2025-05-08,status,For Release,Waiting Information
105265,2025-05-11,status,Waiting Information,Information Sent
110133,2025-02-03,status,Lista de desejos,Backlog
110133,2025-02-06,status,Backlog,Triage
110133,2025-02-09,status,Triage,For Refinement
110133,2025-02-11,status,For Refinement,In Refinement
110133,2025-02-13,status,In Refinement,In Progress
110133,2025-02-16,status,In Progress,Done
110133,2025-02-19,status,Done,Canceled
106313,2025-12-20,status,Backlog,Triage
106313,2025-12-26,status,Triage,For Refinement
106313,2026-01-02,status,For Refinement,In Refinement
106313,2026-01-08,status,In Refinement,For Technical Analysis
106313,2026-01-15,status,For Technical Analysis,In Technical Analysis
106313,2026-01-21,status,In Technical Analysis,Ready for Development
114750,2025-06-24,status,Lista de desejos,Backlog
114750,2025-06-27,status,Backlog,Triage
114750,2025-06-29,status,Triage,For Refinement
114750,2025-07-02,status,For Refinement,In Refinement
114750,2025-07-05,status,In Refinement,In Progress
114750,2025-07-07,status,In Progress,Done
114750,2025-07-10,status,Done,Canceled
113284,2025-07-06,status,Lista de desejos,Backlog
113284,2025-07-08,status,Backlog,Triage
113284,2025-07-10,status,Triage,For Refinement
113284,2025-07-11,status,For Refinement,In Refinement
113284,2025-07-13,status,In Refinement,In Progress
113284,2025-07-15,status,In Progress,Done
104893,2025-09-19,status,Backlog,Triage
104893,2025-09-22,status,Triage,For Refinement
104893,2025-09-25,status,For Refinement,In Refinement
104893,2025-09-29,status,In Refinement,For Technical Analysis
104893,2025-10-02,status,For Technical Analysis,In Technical Analysis
104893,2025-10-05,status,In Technical Analysis,Ready for Development
103969,2025-08-21,status,Backlog,Triage
103969,2025-08-28,status,Triage,For Refinement
103969,2025-09-04,status,For Refinement,In Refinement
103969,2025-09-11,status,In Refinement,For Technical Analysis
103969,2025-09-17,status,For Technical Analysis,In Technical Analysis
103969,2025-09-24,status,In Technical Analysis,Ready for Development
103969,2025-10-01,status,Ready for Development,In Development
105920,2025-06-13,status,Lista de desejos,Backlog
105920,2025-06-17,status,Backlog,Triage
105920,2025-06-21,status,Triage,For Refinement
105920,2025-06-24,status,For Refinement,In Refinement
105920,2025-06-28,status,In Refinement,In Progress
105920,2025-07-02,status,In Progress,Done
108135,2025-05-06,status,Lista de desejos,Backlog
108135,2025-05-07,status,Backlog,Triage
108135,2025-05-09,status,Triage,For Refinement
108135,2025-05-10,status,For Refinement,In Refinement
108135,2025-05-12,status,In Refinement,In Progress
108135,2025-05-13,status,In Progress,Done
105946,2025-05-12,status,Backlog,Triage
105946,2025-05-20,status,Triage,For Refinement
105946,2025-05-29,status,For Refinement,In Refinement
105946,2025-06-07,status,In Refinement,For Technical Analysis
105946,2025-06-15,status,For Technical Analysis,In Technical Analysis
114997,2025-12-17,status,Lista de desejos,Backlog
114997,2025-12-20,status,Backlog,Triage
114997,2025-12-24,status,Triage,For Refinement
114997,2025-12-27,status,For Refinement,In Refinement
114997,2025-12-31,status,In Refinement,In Progress
114997,2026-01-03,status,In Progress,Done
112685,2025-05-17,status,Lista de desejos,Backlog
112685,2025-05-19,status,Backlog,Triage
112685,2025-05-22,status,Triage,For Refinement
112685,2025-05-25,status,For Refinement,In Refinement
112685,2025-05-28,status,In Refinement,In Progress
112685,2025-05-30,status,In Progress,Done
100904,2025-11-05,status,Backlog,Triage
100904,2025-11-08,status,Triage,For Refinement
100904,2025-11-11,status,For Refinement,In Refinement
100904,2025-11-14,status,In Refinement,For Technical Analysis
100904,2025-11-17,status,For Technical Analysis,In Technical Analysis
100904,2025-11-20,status,In Technical Analysis,Ready for Development
100904,2025-11-23,status,Ready for Development,In Development
113101,2025-07-14,status,Lista de desejos,Backlog
113101,2025-07-29,status,Backlog,Triage
113101,2025-08-12,status,Triage,For Refinement
101309,2025-05-28,status,Lista de desejos,Backlog
101309,2025-05-31,status,Backlog,Triage
101309,2025-06-04,status,Triage,For Refinement
101309,2025-06-07,status,For Refinement,In Refinement
101309,2025-06-11,status,In Refinement,In Progress
101309,2025-06-14,status,In Progress,Done
111423,2025-10-28,status,Lista de desejos,Backlog
111423,2025-11-02,status,Backlog,Triage
111423,2025-11-06,status,Triage,For Refinement
111423,2025-11-10,status,For Refinement,In Refinement
111423,2025-11-14,status,In Refinement,In Progress
111423,2025-11-19,status,In Progress,Done
103775,2025-09-29,status,Lista de desejos,Backlog
103775,2025-10-02,status,Backlog,Triage
103775,2025-10-06,status,Triage,For Refinement
103775,2025-10-10,status,For Refinement,In Refinement
103775,2025-10-14,status,In Refinement,In Progress
103775,2025-10-17,status,In Progress,Done
114076,2025-06-26,status,Lista de desejos,Backlog
114076,2025-06-27,status,Backlog,Triage
114076,2025-06-29,status,Triage,For Refinement
114076,2025-07-01,status,For Refinement,In Refinement
114076,2025-07-03,status,In Refinement,In Progress
114076,2025-07-04,status,In Progress,Done
100436,2025-11-25,status,Backlog,Triage
100436,2025-11-29,status,Triage,For Refinement
100436,2025-12-04,status,For Refinement,In Refinement
100436,2025-12-09,status,In Refinement,For Technical Analysis
100436,2025-12-13,status,For Technical Analysis,In Technical Analysis
114825,2025-07-04,status,Lista de desejos,Backlog
114825,2025-07-07,status,Backlog,Triage
114825,2025-07-09,status,Triage,For Refinement
114825,2025-07-12,status,For Refinement,In Refinement
114825,2025-07-14,status,In Refinement,In Progress
114825,2025-07-17,status,In Progress,Done
100629,2025-08-09,status,Lista de desejos,Backlog
100629,2025-08-13,status,Backlog,Triage
100629,2025-08-16,status,Triage,For Refinement
100629,2025-08-20,status,For Refinement,In Refinement
100629,2025-08-23,status,In Refinement,In Progress
100629,2025-08-26,status,In Progress,Done
100629,2025-08-30,status,Done,Canceled
115575,2025-09-24,status,Lista de desejos,Backlog
115575,2025-09-27,status,Backlog,Triage
115575,2025-09-29,status,Triage,For Refinement
115575,2025-10-01,status,For Refinement,In Refinement
115575,2025-10-03,status,In Refinement,In Progress
115575,2025-10-06,status,In Progress,Done
124712,2025-06-08,status,Lista de desejos,Backlog
124712,2025-06-10,status,Backlog,Triage
124712,2025-06-12,status,Triage,For Refinement
124712,2025-06-13,status,For Refinement,In Refinement
124712,2025-06-15,status,In Refinement,In Progress
124712,2025-06-17,status,In Progress,Done
113932,2025-05-20,status,Backlog,Triage
104981,2025-08-30,status,Lista de desejos,Backlog
104981,2025-09-03,status,Backlog,Triage
104981,2025-09-06,status,Triage,For Refinement
104981,2025-09-09,status,For Refinement,In Refinement
104981,2025-09-12,status,In Refinement,In Progress
104981,2025-09-16,status,In Progress,Done
122256,2025-07-26,status,Lista de desejos,Backlog
122256,2025-07-28,status,Backlog,Triage
122256,2025-07-30,status,Triage,For Refinement
122256,2025-08-02,status,For Refinement,In Refinement
122256,2025-08-04,status,In Refinement,In Progress
122256,2025-08-06,status,In Progress,Done
116869,2025-08-08,status,Backlog,Triage
116869,2025-08-14,status,Triage,For Refinement
121055,2025-04-01,status,Lista de desejos,Backlog
121055,2025-04-05,status,Backlog,Triage
121055,2025-04-08,status,Triage,For Refinement
121055,2025-04-11,status,For Refinement,In Refinement
121055,2025-04-14,status,In Refinement,In Progress
121055,2025-04-18,status,In Progress,Done
124576,2025-09-14,status,Lista de desejos,Backlog
124576,2025-09-17,status,Backlog,Triage
124576,2025-09-20,status,Triage,For Refinement
124576,2025-09-24,status,For Refinement,In Refinement
124576,2025-09-27,status,In Refinement,In Progress
124576,2025-09-30,status,In Progress,Done
103156,2025-10-13,status,Backlog,Triage
103156,2025-10-22,status,Triage,For Refinement
103156,2025-10-31,status,For Refinement,In Refinement
123049,2025-06-10,status,Lista de desejos,Backlog
123049,2025-06-13,status,Backlog,Triage
123049,2025-06-16,status,Triage,For Refinement
123049,2025-06-18,status,For Refinement,In Refinement
123049,2025-06-21,status,In Refinement,In Progress
123049,2025-06-24,status,In Progress,Done
113794,2025-02-23,status,Lista de desejos,Backlog
113794,2025-02-25,status,Backlog,Triage
113794,2025-02-27,status,Triage,For Refinement
113794,2025-03-01,status,For Refinement,In Refinement
113794,2025-03-03,status,In Refinement,In Progress
113794,2025-03-05,status,In Progress,Done
113636,2025-12-09,status,Lista de desejos,Backlog
113636,2025-12-10,status,Backlog,Triage
113636,2025-12-12,status,Triage,For Refinement
113636,2025-12-14,status,For Refinement,In Refinement
113636,2025-12-16,status,In Refinement,In Progress
113636,2025-12-17,status,In Progress,Done
122005,2025-05-19,status,Lista de desejos,Backlog
122005,2025-05-22,status,Backlog,Triage
122005,2025-05-24,status,Triage,For Refinement
122005,2025-05-26,status,For Refinement,In Refinement
122005,2025-05-28,status,In Refinement,In Progress
122005,2025-05-31,status,In Progress,Done
120561,2025-08-15,status,Lista de desejos,Backlog
120561,2025-08-18,status,Backlog,Triage
120561,2025-08-22,status,Triage,For Refinement
120561,2025-08-25,status,For Refinement,In Refinement
120561,2025-08-29,status,In Refinement,In Progress
120561,2025-09-01,status,In Progress,Done
116159,2025-07-22,status,Lista de desejos,Backlog
116159,2025-07-24,status,Backlog,Triage
116159,2025-07-25,status,Triage,For Refinement
116159,2025-07-27,status,For Refinement,In Refinement
116159,2025-07-29,status,In Refinement,In Progress
116159,2025-07-30,status,In Progress,Done
116159,2025-08-01,status,Done,Canceled
114918,2025-07-14,status,Backlog,Triage
114918,2025-07-20,status,Triage,For Refinement
114918,2025-07-25,status,For Refinement,In Refinement
114918,2025-07-31,status,In Refinement,For Technical Analysis
121254,2025-08-18,status,Backlog,Triage
121254,2025-08-23,status,Triage,For Refinement
121254,2025-08-29,status,For Refinement,In Refinement
121254,2025-09-03,status,In Refinement,For Technical Analysis
121254,2025-09-09,status,For Technical Analysis,In Technical Analysis
121254,2025-09-14,status,In Technical Analysis,Ready for Development
104484,2025-03-05,status,Lista de desejos,Backlog
104484,2025-03-06,status,Backlog,Triage
104484,2025-03-08,status,Triage,For Refinement
104484,2025-03-10,status,For Refinement,In Refinement
104484,2025-03-12,status,In Refinement,In Progress
104484,2025-03-13,status,In Progress,Done
116077,2025-09-27,status,Backlog,Triage
116077,2025-10-02,status,Triage,For Refinement
116077,2025-10-08,status,For Refinement,In Refinement
116077,2025-10-13,status,In Refinement,For Technical Analysis
116077,2025-10-19,status,For Technical Analysis,In Technical Analysis
116077,2025-10-24,status,In Technical Analysis,Ready for Development
116077,2025-10-30,status,Ready for Development,In Development
116077,2025-11-04,status,In Development,For Release
100660,2025-09-23,status,Backlog,Triage
100660,2025-10-04,status,Triage,For Refinement
116700,2025-06-20,status,Lista de desejos,Backlog
116700,2025-06-23,status,Backlog,Triage
116700,2025-06-26,status,Triage,For Refinement
116700,2025-06-30,status,For Refinement,In Refinement
116700,2025-07-04,status,In Refinement,In Progress
116700,2025-07-07,status,In Progress,Done
116700,2025-07-10,status,Done,Canceled
109269,2025-08-15,status,Lista de desejos,Backlog
109269,2025-08-17,status,Backlog,Triage
109269,2025-08-19,status,Triage,For Refinement
109269,2025-08-20,status,For Refinement,In Refinement
109269,2025-08-22,status,In Refinement,In Progress
109269,2025-08-24,status,In Progress,Done
110975,2025-07-03,status,Backlog,Triage
107334,2025-05-26,status,Lista de desejos,Backlog
107334,2025-05-31,status,Backlog,Triage
107334,2025-06-05,status,Triage,For Refinement
107334,2025-06-11,status,For Refinement,In Refinement
107334,2025-06-17,status,In Refinement,In Progress
103847,2025-11-18,status,Lista de desejos,Backlog
103847,2025-11-20,status,Backlog,Triage
103847,2025-11-23,status,Triage,For Refinement
103847,2025-11-25,status,For Refinement,In Refinement
103847,2025-11-28,status,In Refinement,In Progress
103847,2025-11-30,status,In Progress,Done
123593,2025-05-24,status,Lista de desejos,Backlog
123593,2025-05-25,status,Backlog,Triage
123593,2025-05-27,status,Triage,For Refinement
123593,2025-05-28,status,For Refinement,In Refinement
123593,2025-05-30,status,In Refinement,In Progress
123593,2025-05-31,status,In Progress,Done
119433,2025-05-25,status,Backlog,Triage
119433,2025-06-02,status,Triage,For Refinement
119433,2025-06-10,status,For Refinement,In Refinement
100551,2025-05-25,status,Lista de desejos,Backlog
100551,2025-05-28,status,Backlog,Triage
100551,2025-05-31,status,Triage,For Refinement
100551,2025-06-03,status,For Refinement,In Refinement
100551,2025-06-06,status,In Refinement,In Progress
100551,2025-06-09,status,In Progress,Done
118125,2025-06-26,status,Lista de desejos,Backlog
118125,2025-06-30,status,Backlog,Triage
118125,2025-07-03,status,Triage,For Refinement
118125,2025-07-06,status,For Refinement,In Refinement
118125,2025-07-09,status,In Refinement,In Progress
118125,2025-07-13,status,In Progress,Done
106369,2025-10-17,status,Lista de desejos,Backlog
106369,2025-10-20,status,Backlog,Triage
106369,2025-10-24,status,Triage,For Refinement
106369,2025-10-27,status,For Refinement,In Refinement
106369,2025-10-31,status,In Refinement,In Progress
106369,2025-11-03,status,In Progress,Done
107037,2025-04-09,status,Lista de desejos,Backlog
107037,2025-04-12,status,Backlog,Triage
107037,2025-04-16,status,Triage,For Refinement
107037,2025-04-19,status,For Refinement,In Refinement
107037,2025-04-22,status,In Refinement,In Progress
107037,2025-04-26,status,In Progress,Done
107037,2025-04-29,status,Done,Canceled
112034,2025-05-02,status,Lista de desejos,Backlog
112731,2025-05-28,status,Lista de desejos,Backlog
112731,2025-05-31,status,Backlog,Triage
112731,2025-06-03,status,Triage,For Refinement
112731,2025-06-07,status,For Refinement,In Refinement
112731,2025-06-10,status,In Refinement,In Progress
112731,2025-06-13,status,In Progress,Done
112528,2025-10-19,status,Lista de desejos,Backlog
112528,2025-10-23,status,Backlog,Triage
112528,2025-10-26,status,Triage,For Refinement
112528,2025-10-30,status,For Refinement,In Refinement
112528,2025-11-02,status,In Refinement,In Progress
112528,2025-11-05,status,In Progress,Done
112528,2025-11-09,status,Done,Canceled
100224,2025-04-09,status,Lista de desejos,Backlog
100224,2025-04-12,status,Backlog,Triage
100224,2025-04-15,status,Triage,For Refinement
100224,2025-04-17,status,For Refinement,In Refinement
100224,2025-04-20,status,In Refinement,In Progress
100224,2025-04-23,status,In Progress,Done
121520,2025-09-07,status,Lista de desejos,Backlog
121520,2025-09-09,status,Backlog,Triage
121520,2025-09-11,status,Triage,For Refinement
121520,2025-09-13,status,For Refinement,In Refinement
121520,2025-09-15,status,In Refinement,In Progress
121520,2025-09-17,status,In Progress,Done
101950,2025-01-29,status,Lista de desejos,Backlog
101950,2025-02-02,status,Backlog,Triage
101950,2025-02-06,status,Triage,For Refinement
101950,2025-02-11,status,For Refinement,In Refinement
101950,2025-02-15,status,In Refinement,In Progress
101950,2025-02-19,status,In Progress,Done
120898,2025-04-04,status,Lista de desejos,Backlog
120898,2025-04-06,status,Backlog,Triage
120898,2025-04-08,status,Triage,For Refinement
120898,2025-04-09,status,For Refinement,In Refinement
120898,2025-04-11,status,In Refinement,In Progress
120898,2025-04-13,status,In Progress,Done
121811,2025-11-28,status,Lista de desejos,Backlog
121811,2025-12-01,status,Backlog,Triage
121811,2025-12-04,status,Triage,For Refinement
121811,2025-12-06,status,For Refinement,In Refinement
121811,2025-12-09,status,In Refinement,In Progress
121811,2025-12-12,status,In Progress,Done
105353,2025-06-14,status,Backlog,Triage
105353,2025-06-20,status,Triage,For Refinement
105353,2025-06-25,status,For Refinement,In Refinement
105353,2025-07-01,status,In Refinement,For Technical Analysis
105353,2025-07-07,status,For Technical Analysis,In Technical Analysis
105353,2025-07-13,status,In Technical Analysis,Ready for Development
105353,2025-07-18,status,Ready for Development,In Development
105353,2025-07-24,status,In Development,For Release
118219,2025-07-13,status,Backlog,Triage
118219,2025-07-17,status,Triage,For Refinement
118219,2025-07-21,status,For Refinement,In Refinement
118219,2025-07-24,status,In Refinement,For Technical Analysis
118219,2025-07-28,status,For Technical Analysis,In Technical Analysis
118219,2025-08-01,status,In Technical Analysis,Ready for Development
122624,2025-03-24,status,Lista de desejos,Backlog
122624,2025-03-25,status,Backlog,Triage
122624,2025-03-26,status,Triage,For Refinement
122624,2025-03-28,status,For Refinement,In Refinement
122624,2025-03-30,status,In Refinement,In Progress
122624,2025-03-31,status,In Progress,Done
122624,2025-04-01,status,Done,Canceled
109816,2025-06-21,status,Lista de desejos,Backlog
109816,2025-06-25,status,Backlog,Triage
109816,2025-06-29,status,Triage,For Refinement
109816,2025-07-04,status,For Refinement,In Refinement
109816,2025-07-08,status,In Refinement,In Progress
109816,2025-07-12,status,In Progress,Done
121103,2025-03-20,status,Backlog,Triage
121103,2025-03-27,status,Triage,For Refinement
121103,2025-04-02,status,For Refinement,In Refinement
121103,2025-04-09,status,In Refinement,For Technical Analysis
121103,2025-04-16,status,For Technical Analysis,In Technical Analysis
121103,2025-04-22,status,In Technical Analysis,Ready for Development
121103,2025-04-29,status,Ready for Development,In Development
106364,2025-09-01,status,Lista de desejos,Backlog
106364,2025-09-04,status,Backlog,Triage
106364,2025-09-07,status,Triage,For Refinement
106364,2025-09-09,status,For Refinement,In Refinement
106364,2025-09-12,status,In Refinement,In Progress
106364,2025-09-15,status,In Progress,Done
113315,2025-09-13,status,Lista de desejos,Backlog
113315,2025-09-17,status,Backlog,Triage
113315,2025-09-21,status,Triage,For Refinement
113315,2025-09-24,status,For Refinement,In Refinement
113315,2025-09-28,status,In Refinement,In Progress
113315,2025-10-02,status,In Progress,Done
105350,2025-03-13,status,Backlog,Triage
105350,2025-03-26,status,Triage,For Refinement
105350,2025-04-09,status,For Refinement,In Refinement
101508,2025-08-06,status,Lista de desejos,Backlog
101508,2025-08-09,status,Backlog,Triage
101508,2025-08-12,status,Triage,For Refinement
101508,2025-08-16,status,For Refinement,In Refinement
101508,2025-08-19,status,In Refinement,In Progress
101508,2025-08-22,status,In Progress,Done
116799,2025-08-30,status,Lista de desejos,Backlog
116799,2025-09-03,status,Backlog,Triage
116799,2025-09-07,status,Triage,For Refinement
116799,2025-09-11,status,For Refinement,In Refinement
116799,2025-09-15,status,In Refinement,In Progress
116799,2025-09-19,status,In Progress,Done
124525,2025-08-22,status,Lista de desejos,Backlog
124525,2025-08-26,status,Backlog,Triage
124525,2025-08-30,status,Triage,For Refinement
124525,2025-09-03,status,For Refinement,In Refinement
124525,2025-09-07,status,In Refinement,In Progress
124525,2025-09-11,status,In Progress,Done
117693,2025-07-07,status,Backlog,Triage
117693,2025-07-15,status,Triage,For Refinement
117693,2025-07-22,status,For Refinement,In Refinement
117693,2025-07-29,status,In Refinement,For Technical Analysis
117693,2025-08-05,status,For Technical Analysis,In Technical Analysis
117693,2025-08-13,status,In Technical Analysis,Ready for Development
111186,2025-09-13,status,Lista de desejos,Backlog
111186,2025-09-15,status,Backlog,Triage
111186,2025-09-18,status,Triage,For Refinement
111186,2025-09-21,status,For Refinement,In Refinement
111186,2025-09-24,status,In Refinement,In Progress
111186,2025-09-26,status,In Progress,Done
104681,2025-06-12,status,Lista de desejos,Backlog
104681,2025-06-16,status,Backlog,Triage
104681,2025-06-20,status,Triage,For Refinement
104681,2025-06-23,status,For Refinement,In Refinement
104681,2025-06-27,status,In Refinement,In Progress
104681,2025-07-01,status,In Progress,Done
100447,2025-11-22,status,Lista de desejos,Backlog
100447,2025-11-26,status,Backlog,Triage
100447,2025-11-30,status,Triage,For Refinement
100447,2025-12-03,status,For Refinement,In Refinement
100447,2025-12-07,status,In Refinement,In Progress
100447,2025-12-11,status,In Progress,Done
105271,2025-04-11,status,Lista de desejos,Backlog
105271,2025-04-13,status,Backlog,Triage
105271,2025-04-15,status,Triage,For Refinement
105271,2025-04-18,status,For Refinement,In Refinement
105271,2025-04-20,status,In Refinement,In Progress
105271,2025-04-22,status,In Progress,Done
112027,2025-09-02,status,Backlog,Triage
111737,2025-07-27,status,Backlog,Triage
111737,2025-08-06,status,Triage,For Refinement
111737,2025-08-16,status,For Refinement,In Refinement
111737,2025-08-26,status,In Refinement,For Technical Analysis
108658,2025-05-11,status,Lista de desejos,Backlog
108658,2025-05-13,status,Backlog,Triage
108658,2025-05-16,status,Triage,For Refinement
108658,2025-05-18,status,For Refinement,In Refinement
108658,2025-05-21,status,In Refinement,In Progress
108658,2025-05-24,status,In Progress,Done
108658,2025-05-26,status,Done,Canceled
119763,2025-07-16,status,Lista de desejos,Backlog
119763,2025-07-19,status,Backlog,Triage
119763,2025-07-23,status,Triage,For Refinement
119763,2025-07-27,status,For Refinement,In Refinement
119763,2025-07-31,status,In Refinement,In Progress
119763,2025-08-03,status,In Progress,Done
111649,2025-07-28,status,Lista de desejos,Backlog
111649,2025-07-29,status,Backlog,Triage
111649,2025-07-31,status,Triage,For Refinement
111649,2025-08-01,status,For Refinement,In Refinement
111649,2025-08-03,status,In Refinement,In Progress
111649,2025-08-04,status,In Progress,Done
118188,2025-08-22,status,Lista de desejos,Backlog
118188,2025-08-24,status,Backlog,Triage
118188,2025-08-27,status,Triage,For Refinement
118188,2025-08-29,status,For Refinement,In Refinement
118188,2025-09-01,status,In Refinement,In Progress
118188,2025-09-03,status,In Progress,Done
102249,2025-09-12,status,Backlog,Triage
102249,2025-09-15,status,Triage,For Refinement
102249,2025-09-18,status,For Refinement,In Refinement
102249,2025-09-20,status,In Refinement,For Technical Analysis
102249,2025-09-22,status,For Technical Analysis,In Technical Analysis
102249,2025-09-25,status,In Technical Analysis,Ready for Development
102249,2025-09-28,status,Ready for Development,In Development
105433,2025-07-02,status,Lista de desejos,Backlog
105433,2025-07-05,status,Backlog,Triage
105433,2025-07-08,status,Triage,For Refinement
105433,2025-07-10,status,For Refinement,In Refinement
105433,2025-07-13,status,In Refinement,In Progress
105433,2025-07-16,status,In Progress,Done
115838,2025-06-20,status,Lista de desejos,Backlog
115838,2025-06-24,status,Backlog,Triage
115838,2025-06-27,status,Triage,For Refinement
115838,2025-06-30,status,For Refinement,In Refinement
115838,2025-07-03,status,In Refinement,In Progress
115838,2025-07-07,status,In Progress,Done
109476,2025-02-16,status,Lista de desejos,Backlog
109476,2025-02-20,status,Backlog,Triage
109476,2025-02-23,status,Triage,For Refinement
109476,2025-02-27,status,For Refinement,In Refinement
109476,2025-03-02,status,In Refinement,In Progress
109476,2025-03-06,status,In Progress,Done
105048,2025-03-29,status,Backlog,Triage
108082,2025-04-19,status,Lista de desejos,Backlog
108082,2025-04-21,status,Backlog,Triage
108082,2025-04-24,status,Triage,For Refinement
108082,2025-04-26,status,For Refinement,In Refinement
108082,2025-04-29,status,In Refinement,In Progress
108082,2025-05-02,status,In Progress,Done
108082,2025-05-04,status,Done,Canceled
117919,2025-06-10,status,Lista de desejos,Backlog
117919,2025-06-14,status,Backlog,Triage
117919,2025-06-17,status,Triage,For Refinement
117919,2025-06-20,status,For Refinement,In Refinement
117919,2025-06-23,status,In Refinement,In Progress
117919,2025-06-27,status,In Progress,Done
111613,2025-06-27,status,Lista de desejos,Backlog
111613,2025-07-01,status,Backlog,Triage
111613,2025-07-05,status,Triage,For Refinement
111613,2025-07-08,status,For Refinement,In Refinement
111613,2025-07-12,status,In Refinement,In Progress
111613,2025-07-16,status,In Progress,Done
123317,2025-10-31,status,Lista de desejos,Backlog
123317,2025-11-03,status,Backlog,Triage
123317,2025-11-07,status,Triage,For Refinement
123317,2025-11-10,status,For Refinement,In Refinement
123317,2025-11-14,status,In Refinement,In Progress
123317,2025-11-17,status,In Progress,Done
108239,2025-11-16,status,Lista de desejos,Backlog
108239,2025-11-19,status,Backlog,Triage
108239,2025-11-22,status,Triage,For Refinement
108239,2025-11-25,status,For Refinement,In Refinement
108239,2025-11-28,status,In Refinement,In Progress
108239,2025-12-01,status,In Progress,Done
104309,2025-04-11,status,Lista de desejos,Backlog
104309,2025-04-13,status,Backlog,Triage
104309,2025-04-15,status,Triage,For Refinement
104309,2025-04-17,status,For Refinement,In Refinement
104309,2025-04-19,status,In Refinement,In Progress
104309,2025-04-21,status,In Progress,Done
116377,2025-01-04,status,Lista de desejos,Backlog
116377,2025-01-07,status,Backlog,Triage
116377,2025-01-09,status,Triage,For Refinement
116377,2025-01-12,status,For Refinement,In Refinement
116377,2025-01-14,status,In Refinement,In Progress
116377,2025-01-17,status,In Progress,Done
124635,2025-08-04,status,Lista de desejos,Backlog
124635,2025-08-06,status,Backlog,Triage
124635,2025-08-09,status,Triage,For Refinement
124635,2025-08-12,status,For Refinement,In Refinement
124635,2025-08-15,status,In Refinement,In Progress
124635,2025-08-17,status,In Progress,Done
101374,2025-08-24,status,Lista de desejos,Backlog
101374,2025-08-27,status,Backlog,Triage
101374,2025-08-29,status,Triage,For Refinement
101374,2025-09-01,status,For Refinement,In Refinement
101374,2025-09-03,status,In Refinement,In Progress
101374,2025-09-06,status,In Progress,Done
119252,2025-05-27,status,Lista de desejos,Backlog
119252,2025-05-30,status,Backlog,Triage
119252,2025-06-03,status,Triage,For Refinement
119252,2025-06-06,status,For Refinement,In Refinement
119252,2025-06-10,status,In Refinement,In Progress
119252,2025-06-13,status,In Progress,Done
124870,2025-05-15,status,Lista de desejos,Backlog
124870,2025-05-18,status,Backlog,Triage
124870,2025-05-22,status,Triage,For Refinement
124870,2025-05-25,status,For Refinement,In Refinement
124870,2025-05-29,status,In Refinement,In Progress
124870,2025-06-02,status,In Progress,Done
124870,2025-06-05,status,Done,Canceled
109477,2025-02-05,status,Lista de desejos,Backlog
109477,2025-02-09,status,Backlog,Triage
109477,2025-02-13,status,Triage,For Refinement
109477,2025-02-18,status,For Refinement,In Refinement
109477,2025-02-22,status,In Refinement,In Progress
109477,2025-02-26,status,In Progress,Done
122373,2025-10-16,status,Backlog,Triage
113554,2025-11-04,status,Lista de desejos,Backlog
113554,2025-11-08,status,Backlog,Triage
113554,2025-11-12,status,Triage,For Refinement
113554,2025-11-16,status,For Refinement,In Refinement
113554,2025-11-20,status,In Refinement,In Progress
113554,2025-11-24,status,In Progress,Done
121486,2025-12-10,status,Backlog,Triage
121486,2025-12-15,status,Triage,For Refinement
121486,2025-12-20,status,For Refinement,In Refinement
121486,2025-12-25,status,In Refinement,For Technical Analysis
111844,2025-08-31,status,Lista de desejos,Backlog
111844,2025-09-04,status,Backlog,Triage
111844,2025-09-08,status,Triage,For Refinement
111844,2025-09-13,status,For Refinement,In Refinement
111844,2025-09-17,status,In Refinement,In Progress
111844,2025-09-21,status,In Progress,Done
117094,2025-09-17,status,Backlog,Triage
124762,2025-04-17,status,Backlog,Triage
124567,2025-02-07,status,Lista de desejos,Backlog
124567,2025-02-12,status,Backlog,Triage
124567,2025-02-16,status,Triage,For Refinement
124567,2025-02-20,status,For Refinement,In Refinement
124567,2025-02-24,status,In Refinement,In Progress
124567,2025-03-01,status,In Progress,Done
104819,2025-03-23,status,Lista de desejos,Backlog
104819,2025-03-26,status,Backlog,Triage
104819,2025-03-30,status,Triage,For Refinement
104819,2025-04-02,status,For Refinement,In Refinement
104819,2025-04-06,status,In Refinement,In Progress
104819,2025-04-09,status,In Progress,Done
103733,2025-09-30,status,Backlog,Triage
103733,2025-10-12,status,Triage,For Refinement
118911,2026-01-01,status,Lista de desejos,Backlog
118911,2026-01-05,status,Backlog,Triage
118911,2026-01-09,status,Triage,For Refinement
118911,2026-01-12,status,For Refinement,In Refinement
118911,2026-01-16,status,In Refinement,In Progress
118911,2026-01-20,status,In Progress,Done
114868,2025-07-21,status,Lista de desejos,Backlog
114868,2025-07-23,status,Backlog,Triage
114868,2025-07-26,status,Triage,For Refinement
114868,2025-07-29,status,For Refinement,In Refinement
114868,2025-08-01,status,In Refinement,In Progress
114868,2025-08-03,status,In Progress,Done
113330,2025-07-03,status,Backlog,Triage
113330,2025-07-07,status,Triage,For Refinement
113330,2025-07-10,status,For Refinement,In Refinement
113330,2025-07-14,status,In Refinement,For Technical Analysis
113330,2025-07-17,status,For Technical Analysis,In Technical Analysis
113330,2025-07-20,status,In Technical Analysis,Ready for Development
113330,2025-07-24,status,Ready for Development,In Development
120049,2025-06-04,status,Lista de desejos,Backlog
120049,2025-06-07,status,Backlog,Triage
120049,2025-06-09,status,Triage,For Refinement
120049,2025-06-11,status,For Refinement,In Refinement
120049,2025-06-13,status,In Refinement,In Progress
120049,2025-06-16,status,In Progress,Done
103232,2025-07-02,status,Backlog,Triage
103232,2025-07-11,status,Triage,For Refinement
103232,2025-07-19,status,For Refinement,In Refinement
103232,2025-07-27,status,In Refinement,For Technical Analysis
103232,2025-08-05,status,For Technical Analysis,In Technical Analysis
102096,2025-07-04,status,Lista de desejos,Backlog
102096,2025-07-08,status,Backlog,Triage
102096,2025-07-12,status,Triage,For Refinement
102096,2025-07-16,status,For Refinement,In Refinement
102096,2025-07-20,status,In Refinement,In Progress
102096,2025-07-24,status,In Progress,Done
106825,2025-07-13,status,Lista de desejos,Backlog
106825,2025-07-15,status,Backlog,Triage
106825,2025-07-18,status,Triage,For Refinement
106825,2025-07-21,status,For Refinement,In Refinement
106825,2025-07-24,status,In Refinement,In Progress
106825,2025-07-26,status,In Progress,Done
107049,2025-04-08,status,Lista de desejos,Backlog
107049,2025-04-11,status,Backlog,Triage
107049,2025-04-14,status,Triage,For Refinement
107049,2025-04-18,status,For Refinement,In Refinement
107049,2025-04-21,status,In Refinement,In Progress
107049,2025-04-24,status,In Progress,Done
121395,2025-06-10,status,Lista de desejos,Backlog
121395,2025-06-13,status,Backlog,Triage
121395,2025-06-15,status,Triage,For Refinement
121395,2025-06-18,status,For Refinement,In Refinement
121395,2025-06-20,status,In Refinement,In Progress
121395,2025-06-23,status,In Progress,Done
102666,2025-08-07,status,Lista de desejos,Backlog
102666,2025-08-10,status,Backlog,Triage
102666,2025-08-14,status,Triage,For Refinement
102666,2025-08-18,status,For Refinement,In Refinement
102666,2025-08-22,status,In Refinement,In Progress
102666,2025-08-25,status,In Progress,Done
114838,2025-04-21,status,Lista de desejos,Backlog
114838,2025-04-25,status,Backlog,Triage
114838,2025-04-28,status,Triage,For Refinement
114838,2025-05-01,status,For Refinement,In Refinement
114838,2025-05-04,status,In Refinement,In Progress
114838,2025-05-08,status,In Progress,Done
101040,2025-06-23,status,Lista de desejos,Backlog
101040,2025-06-27,status,Backlog,Triage
101040,2025-06-30,status,Triage,For Refinement
101040,2025-07-04,status,For Refinement,In Refinement
101040,2025-07-07,status,In Refinement,In Progress
101040,2025-07-10,status,In Progress,Done
101040,2025-07-14,status,Done,Canceled
118593,2025-04-30,status,Lista de desejos,Backlog
118593,2025-05-04,status,Backlog,Triage
118593,2025-05-08,status,Triage,For Refinement
118593,2025-05-11,status,For Refinement,In Refinement
118593,2025-05-15,status,In Refinement,In Progress
118593,2025-05-19,status,In Progress,Done
124760,2025-12-26,status,Backlog,Triage
124760,2026-01-02,status,Triage,For Refinement
124760,2026-01-09,status,For Refinement,In Refinement
124760,2026-01-17,status,In Refinement,For Technical Analysis
124760,2026-01-25,status,For Technical Analysis,In Technical Analysis
124964,2025-04-29,status,Lista de desejos,Backlog
124964,2025-05-01,status,Backlog,Triage
124964,2025-05-04,status,Triage,For Refinement
124964,2025-05-06,status,For Refinement,In Refinement
124964,2025-05-08,status,In Refinement,In Progress
124964,2025-05-11,status,In Progress,Done
124964,2025-05-13,status,Done,Canceled
110114,2025-05-19,status,Lista de desejos,Backlog
110114,2025-05-21,status,Backlog,Triage
110114,2025-05-23,status,Triage,For Refinement
110114,2025-05-25,status,For Refinement,In Refinement
110114,2025-05-27,status,In Refinement,In Progress
110114,2025-05-29,status,In Progress,Done
105864,2025-09-04,status,Backlog,Triage
105864,2025-09-08,status,Triage,For Refinement
105864,2025-09-11,status,For Refinement,In Refinement
105864,2025-09-15,status,In Refinement,For Technical Analysis
105864,2025-09-18,status,For Technical Analysis,In Technical Analysis
105864,2025-09-22,status,In Technical Analysis,Ready for Development
122483,2025-07-17,status,Lista de desejos,Backlog
122483,2025-07-19,status,Backlog,Triage
122483,2025-07-21,status,Triage,For Refinement
122483,2025-07-23,status,For Refinement,In Refinement
122483,2025-07-25,status,In Refinement,In Progress
122483,2025-07-27,status,In Progress,Done
121611,2025-09-26,status,Lista de desejos,Backlog
121611,2025-09-29,status,Backlog,Triage
121611,2025-10-03,status,Triage,For Refinement
121611,2025-10-06,status,For Refinement,In Refinement
121611,2025-10-10,status,In Refinement,In Progress
121611,2025-10-13,status,In Progress,Done
100137,2025-05-25,status,Lista de desejos,Backlog
100137,2025-05-26,status,Backlog,Triage
100137,2025-05-28,status,Triage,For Refinement
100137,2025-05-30,status,For Refinement,In Refinement
100137,2025-06-01,status,In Refinement,In Progress
100137,2025-06-02,status,In Progress,Done
101732,2025-06-10,status,Backlog,Triage
101732,2025-06-15,status,Triage,For Refinement
101732,2025-06-19,status,For Refinement,In Refinement
101732,2025-06-24,status,In Refinement,For Technical Analysis
101732,2025-06-29,status,For Technical Analysis,In Technical Analysis
101732,2025-07-04,status,In Technical Analysis,Ready for Development
101732,2025-07-09,status,Ready for Development,In Development
101732,2025-07-14,status,In Development,For Release
101732,2025-07-18,status,For Release,Waiting Information
101732,2025-07-23,status,Waiting Information,Information Sent
113038,2025-03-22,status,Backlog,Triage
113038,2025-03-29,status,Triage,For Refinement
113038,2025-04-05,status,For Refinement,In Refinement
122130,2025-01-25,status,Lista de desejos,Backlog
122130,2025-01-29,status,Backlog,Triage
122130,2025-02-01,status,Triage,For Refinement
122130,2025-02-05,status,For Refinement,In Refinement
122130,2025-02-08,status,In Refinement,In Progress
122130,2025-02-12,status,In Progress,Done
106664,2025-11-16,status,Lista de desejos,Backlog
106664,2025-11-19,status,Backlog,Triage
106664,2025-11-23,status,Triage,For Refinement
106664,2025-11-27,status,For Refinement,In Refinement
106664,2025-12-01,status,In Refinement,In Progress
106664,2025-12-04,status,In Progress,Done
117956,2025-11-18,status,Lista de desejos,Backlog
117956,2025-11-19,status,Backlog,Triage
117956,2025-11-21,status,Triage,For Refinement
117956,2025-11-22,status,For Refinement,In Refinement
117956,2025-11-23,status,In Refinement,In Progress
117956,2025-11-25,status,In Progress,Done
117956,2025-11-26,status,Done,Canceled
122456,2025-02-13,status,Lista de desejos,Backlog
122456,2025-02-16,status,Backlog,Triage
122456,2025-02-18,status,Triage,For Refinement
122456,2025-02-20,status,For Refinement,In Refinement
122456,2025-02-22,status,In Refinement,In Progress
122456,2025-02-25,status,In Progress,Done
111614,2025-09-01,status,Lista de desejos,Backlog
111614,2025-09-06,status,Backlog,Triage
111614,2025-09-10,status,Triage,For Refinement
111614,2025-09-14,status,For Refinement,In Refinement
111614,2025-09-18,status,In Refinement,In Progress
111614,2025-09-23,status,In Progress,Done
122289,2025-06-30,status,Backlog,Triage
122289,2025-07-08,status,Triage,For Refinement
122289,2025-07-15,status,For Refinement,In Refinement
122289,2025-07-23,status,In Refinement,For Technical Analysis
122289,2025-07-30,status,For Technical Analysis,In Technical Analysis
122289,2025-08-06,status,In Technical Analysis,Ready for Development
122289,2025-08-14,status,Ready for Development,In Development
111809,2025-07-06,status,Lista de desejos,Backlog
111809,2025-07-10,status,Backlog,Triage
111809,2025-07-13,status,Triage,For Refinement
111809,2025-07-17,status,For Refinement,In Refinement
111809,2025-07-20,status,In Refinement,In Progress
111809,2025-07-24,status,In Progress,Done
123732,2025-01-27,status,Lista de desejos,Backlog
123732,2025-01-28,status,Backlog,Triage
123732,2025-01-30,status,Triage,For Refinement
123732,2025-01-31,status,For Refinement,In Refinement
123732,2025-02-02,status,In Refinement,In Progress
123732,2025-02-03,status,In Progress,Done
105001,2025-06-03,status,Lista de desejos,Backlog
105001,2025-06-05,status,Backlog,Triage
105001,2025-06-07,status,Triage,For Refinement
105001,2025-06-10,status,For Refinement,In Refinement
105001,2025-06-12,status,In Refinement,In Progress
105001,2025-06-14,status,In Progress,Done
106409,2025-07-27,status,Lista de desejos,Backlog
106409,2025-07-30,status,Backlog,Triage
106409,2025-08-02,status,Triage,For Refinement
106409,2025-08-05,status,For Refinement,In Refinement
106409,2025-08-08,status,In Refinement,In Progress
106409,2025-08-11,status,In Progress,Done
123183,2025-09-11,status,Lista de desejos,Backlog
123183,2025-09-15,status,Backlog,Triage
123183,2025-09-18,status,Triage,For Refinement
123183,2025-09-22,status,For Refinement,In Refinement
123183,2025-09-25,status,In Refinement,In Progress
123183,2025-09-29,status,In Progress,Done
103761,2025-05-07,status,Backlog,Triage
103761,2025-05-22,status,Triage,For Refinement
103761,2025-06-05,status,For Refinement,In Refinement
113696,2025-01-31,status,Backlog,Triage
119373,2025-10-20,status,Lista de desejos,Backlog
119373,2025-10-23,status,Backlog,Triage
119373,2025-10-26,status,Triage,For Refinement
119373,2025-10-29,status,For Refinement,In Refinement
119373,2025-11-01,status,In Refinement,In Progress
119373,2025-11-04,status,In Progress,Done
112695,2025-05-02,status,Backlog,Triage
102626,2025-06-01,status,Lista de desejos,Backlog
102626,2025-06-03,status,Backlog,Triage
102626,2025-06-05,status,Triage,For Refinement
102626,2025-06-08,status,For Refinement,In Refinement
102626,2025-06-10,status,In Refinement,In Progress
102626,2025-06-12,status,In Progress,Done
123475,2025-09-28,status,Backlog,Triage
123475,2025-10-01,status,Triage,For Refinement
123475,2025-10-04,status,For Refinement,In Refinement
119719,2025-04-11,status,Backlog,Triage
119719,2025-04-20,status,Triage,For Refinement
119719,2025-04-28,status,For Refinement,In Refinement
122617,2025-08-25,status,Lista de desejos,Backlog
122617,2025-08-30,status,Backlog,Triage
122617,2025-09-03,status,Triage,For Refinement
122617,2025-09-07,status,For Refinement,In Refinement
122617,2025-09-11,status,In Refinement,In Progress
122617,2025-09-16,status,In Progress,Done
103490,2025-09-25,status,Lista de desejos,Backlog
103490,2025-09-28,status,Backlog,Triage
103490,2025-10-01,status,Triage,For Refinement
103490,2025-10-05,status,For Refinement,In Refinement
103490,2025-10-08,status,In Refinement,In Progress
103490,2025-10-11,status,In Progress,Done
108129,2025-07-21,status,Backlog,Triage
108129,2025-07-24,status,Triage,For Refinement
108129,2025-07-27,status,For Refinement,In Refinement
108129,2025-07-30,status,In Refinement,For Technical Analysis
108129,2025-08-02,status,For Technical Analysis,In Technical Analysis
108129,2025-08-05,status,In Technical Analysis,Ready for Development
108129,2025-08-08,status,Ready for Development,In Development
108129,2025-08-11,status,In Development,For Release
104843,2025-11-15,status,Lista de desejos,Backlog
104843,2025-11-16,status,Backlog,Triage
104843,2025-11-18,status,Triage,For Refinement
104843,2025-11-20,status,For Refinement,In Refinement
104843,2025-11-22,status,In Refinement,In Progress
104843,2025-11-23,status,In Progress,Done
110732,2025-07-02,status,Lista de desejos,Backlog
110732,2025-07-06,status,Backlog,Triage
110732,2025-07-10,status,Triage,For Refinement
110732,2025-07-13,status,For Refinement,In Refinement
110732,2025-07-17,status,In Refinement,In Progress
110732,2025-07-21,status,In Progress,Done
109798,2025-09-02,status,Lista de desejos,Backlog
109798,2025-09-04,status,Backlog,Triage
109798,2025-09-06,status,Triage,For Refinement
109798,2025-09-08,status,For Refinement,In Refinement
109798,2025-09-10,status,In Refinement,In Progress
109798,2025-09-12,status,In Progress,Done
124184,2025-07-25,status,Backlog,Triage
124184,2025-07-29,status,Triage,For Refinement
124184,2025-08-02,status,For Refinement,In Refinement
124184,2025-08-05,status,In Refinement,For Technical Analysis
124184,2025-08-09,status,For Technical Analysis,In Technical Analysis
110291,2025-06-22,status,Backlog,Triage
110291,2025-06-28,status,Triage,For Refinement
110291,2025-07-03,status,For Refinement,In Refinement
110291,2025-07-09,status,In Refinement,For Technical Analysis
110291,2025-07-15,status,For Technical Analysis,In Technical Analysis
110291,2025-07-20,status,In Technical Analysis,Ready for Development
110291,2025-07-26,status,Ready for Development,In Development
108758,2025-06-08,status,Lista de desejos,Backlog
108758,2025-06-12,status,Backlog,Triage
108758,2025-06-15,status,Triage,For Refinement
108758,2025-06-19,status,For Refinement,In Refinement
108758,2025-06-23,status,In Refinement,In Progress
108758,2025-06-26,status,In Progress,Done
108758,2025-06-30,status,Done,Canceled
113484,2025-05-03,status,Lista de desejos,Backlog
113484,2025-05-06,status,Backlog,Triage
113484,2025-05-09,status,Triage,For Refinement
113484,2025-05-12,status,For Refinement,In Refinement
113484,2025-05-15,status,In Refinement,In Progress
113484,2025-05-18,status,In Progress,Done
106216,2025-10-03,status,Backlog,Triage
122774,2025-03-15,status,Lista de desejos,Backlog
122774,2025-03-18,status,Backlog,Triage
122774,2025-03-20,status,Triage,For Refinement
122774,2025-03-22,status,For Refinement,In Refinement
122774,2025-03-24,status,In Refinement,In Progress
122774,2025-03-27,status,In Progress,Done
109348,2025-10-17,status,Lista de desejos,Backlog
109348,2025-10-19,status,Backlog,Triage
109348,2025-10-22,status,Triage,For Refinement
109348,2025-10-25,status,For Refinement,In Refinement
109348,2025-10-28,status,In Refinement,In Progress
109348,2025-10-30,status,In Progress,Done
110825,2025-05-07,status,Lista de desejos,Backlog
110825,2025-05-09,status,Backlog,Triage
110825,2025-05-11,status,Triage,For Refinement
110825,2025-05-12,status,For Refinement,In Refinement
110825,2025-05-14,status,In Refinement,In Progress
110825,2025-05-16,status,In Progress,Done
102819,2025-11-01,status,Backlog,Triage
102819,2025-11-07,status,Triage,For Refinement
102819,2025-11-13,status,For Refinement,In Refinement
102819,2025-11-19,status,In Refinement,For Technical Analysis
102167,2025-07-11,status,Lista de desejos,Backlog
102167,2025-07-15,status,Backlog,Triage
102167,2025-07-19,status,Triage,For Refinement
102167,2025-07-23,status,For Refinement,In Refinement
102167,2025-07-27,status,In Refinement,In Progress
102167,2025-07-31,status,In Progress,Done
115931,2025-05-19,status,Lista de desejos,Backlog
115931,2025-05-22,status,Backlog,Triage
115931,2025-05-24,status,Triage,For Refinement
115931,2025-05-27,status,For Refinement,In Refinement
115931,2025-05-29,status,In Refinement,In Progress
115931,2025-05-31,status,In Progress,Done
115931,2025-06-03,status,Done,Canceled
121239,2025-03-07,status,Backlog,Triage
100525,2025-06-05,status,Lista de desejos,Backlog
100525,2025-06-08,status,Backlog,Triage
100525,2025-06-11,status,Triage,For Refinement
100525,2025-06-15,status,For Refinement,In Refinement
100525,2025-06-18,status,In Refinement,In Progress
100525,2025-06-21,status,In Progress,Done
119602,2025-03-09,status,Backlog,Triage
119602,2025-03-19,status,Triage,For Refinement
119602,2025-03-30,status,For Refinement,In Refinement
119602,2025-04-09,status,In Refinement,For Technical Analysis
124795,2025-05-12,status,Lista de desejos,Backlog
124795,2025-05-14,status,Backlog,Triage
124795,2025-05-16,status,Triage,For Refinement
124795,2025-05-18,status,For Refinement,In Refinement
124795,2025-05-19,status,In Refinement,In Progress
124795,2025-05-21,status,In Progress,Done
124795,2025-05-23,status,Done,Canceled
113858,2025-09-10,status,Lista de desejos,Backlog
113858,2025-09-11,status,Backlog,Triage
113858,2025-09-13,status,Triage,For Refinement
113858,2025-09-14,status,For Refinement,In Refinement
113858,2025-09-16,status,In Refinement,In Progress
113858,2025-09-18,status,In Progress,Done
113858,2025-09-19,status,Done,Canceled
104189,2025-12-26,status,Lista de desejos,Backlog
104189,2025-12-28,status,Backlog,Triage
104189,2025-12-31,status,Triage,For Refinement
104189,2026-01-03,status,For Refinement,In Refinement
104189,2026-01-06,status,In Refinement,In Progress
104189,2026-01-08,status,In Progress,Done
104869,2025-09-14,status,Lista de desejos,Backlog
104869,2025-09-17,status,Backlog,Triage
104869,2025-09-20,status,Triage,For Refinement
104869,2025-09-24,status,For Refinement,In Refinement
104869,2025-09-27,status,In Refinement,In Progress
104869,2025-09-30,status,In Progress,Done
108182,2025-12-03,status,Backlog,Triage
108182,2025-12-11,status,Triage,For Refinement
108182,2025-12-20,status,For Refinement,In Refinement
108182,2025-12-28,status,In Refinement,For Technical Analysis
107519,2025-03-26,status,Backlog,Triage
107519,2025-04-02,status,Triage,For Refinement
107519,2025-04-09,status,For Refinement,In Refinement
107519,2025-04-16,status,In Refinement,For Technical Analysis
104107,2025-05-07,status,Backlog,Triage
104107,2025-05-14,status,Triage,For Refinement
104107,2025-05-20,status,For Refinement,In Refinement
104107,2025-05-27,status,In Refinement,For Technical Analysis
104107,2025-06-02,status,For Technical Analysis,In Technical Analysis
104107,2025-06-08,status,In Technical Analysis,Ready for Development
104107,2025-06-15,status,Ready for Development,In Development
107055,2025-06-18,status,Lista de desejos,Backlog
107055,2025-06-22,status,Backlog,Triage
107055,2025-06-26,status,Triage,For Refinement
107055,2025-07-01,status,For Refinement,In Refinement
107055,2025-07-05,status,In Refinement,In Progress
107055,2025-07-09,status,In Progress,Done
113459,2025-08-21,status,Lista de desejos,Backlog
113459,2025-08-28,status,Backlog,Triage
113459,2025-09-04,status,Triage,For Refinement
113459,2025-09-10,status,For Refinement,In Refinement
113459,2025-09-16,status,In Refinement,In Progress
120515,2025-12-04,status,Lista de desejos,Backlog
120515,2025-12-07,status,Backlog,Triage
120515,2025-12-11,status,Triage,For Refinement
120515,2025-12-15,status,For Refinement,In Refinement
120515,2025-12-19,status,In Refinement,In Progress
120515,2025-12-22,status,In Progress,Done
119905,2025-10-16,status,Lista de desejos,Backlog
119905,2025-10-20,status,Backlog,Triage
119905,2025-10-23,status,Triage,For Refinement
119905,2025-10-27,status,For Refinement,In Refinement
119905,2025-10-30,status,In Refinement,In Progress
119905,2025-11-03,status,In Progress,Done
122676,2025-09-14,status,Lista de desejos,Backlog
122676,2025-09-17,status,Backlog,Triage
122676,2025-09-20,status,Triage,For Refinement
122676,2025-09-22,status,For Refinement,In Refinement
122676,2025-09-24,status,In Refinement,In Progress
122676,2025-09-27,status,In Progress,Done
122676,2025-09-30,status,Done,Canceled
118682,2025-04-16,status,Backlog,Triage
118682,2025-04-20,status,Triage,For Refinement
118682,2025-04-23,status,For Refinement,In Refinement
118682,2025-04-27,status,In Refinement,For Technical Analysis
117316,2025-09-13,status,Backlog,Triage
114236,2025-07-09,status,Backlog,Triage
114236,2025-07-11,status,Triage,For Refinement
114236,2025-07-13,status,For Refinement,In Refinement
114236,2025-07-15,status,In Refinement,For Technical Analysis
114236,2025-07-17,status,For Technical Analysis,In Technical Analysis
114236,2025-07-19,status,In Technical Analysis,Ready for Development
114236,2025-07-21,status,Ready for Development,In Development
114236,2025-07-23,status,In Development,For Release
117493,2025-10-19,status,Backlog,Triage
117493,2025-10-22,status,Triage,For Refinement
117493,2025-10-25,status,For Refinement,In Refinement
117493,2025-10-28,status,In Refinement,For Technical Analysis
117493,2025-11-01,status,For Technical Analysis,In Technical Analysis
117493,2025-11-04,status,In Technical Analysis,Ready for Development
117493,2025-11-07,status,Ready for Development,In Development
104400,2025-07-06,status,Lista de desejos,Backlog
104400,2025-07-09,status,Backlog,Triage
104400,2025-07-13,status,Triage,For Refinement
104400,2025-07-16,status,For Refinement,In Refinement
104400,2025-07-20,status,In Refinement,In Progress
104400,2025-07-23,status,In Progress,Done
108517,2025-12-29,status,Lista de desejos,Backlog
108517,2026-01-01,status,Backlog,Triage
108517,2026-01-04,status,Triage,For Refinement
108517,2026-01-06,status,For Refinement,In Refinement
108517,2026-01-09,status,In Refinement,In Progress
108517,2026-01-12,status,In Progress,Done
108989,2025-12-17,status,Lista de desejos,Backlog
108989,2025-12-19,status,Backlog,Triage
108989,2025-12-21,status,Triage,For Refinement
108989,2025-12-22,status,For Refinement,In Refinement
108989,2025-12-24,status,In Refinement,In Progress
108989,2025-12-26,status,In Progress,Done
119280,2025-10-30,status,Lista de desejos,Backlog
119280,2025-11-01,status,Backlog,Triage
119280,2025-11-04,status,Triage,For Refinement
119280,2025-11-06,status,For Refinement,In Refinement
119280,2025-11-09,status,In Refinement,In Progress
119280,2025-11-12,status,In Progress,Done
119280,2025-11-14,status,Done,Canceled
115357,2025-08-07,status,Backlog,Triage
115357,2025-08-14,status,Triage,For Refinement
115357,2025-08-21,status,For Refinement,In Refinement
115357,2025-08-29,status,In Refinement,For Technical Analysis
115357,2025-09-06,status,For Technical Analysis,In Technical Analysis
105083,2025-09-12,status,Lista de desejos,Backlog
105083,2025-09-13,status,Backlog,Triage
105083,2025-09-15,status,Triage,For Refinement
105083,2025-09-17,status,For Refinement,In Refinement
105083,2025-09-19,status,In Refinement,In Progress
105083,2025-09-20,status,In Progress,Done
102853,2025-05-31,status,Lista de desejos,Backlog
102853,2025-06-03,status,Backlog,Triage
102853,2025-06-05,status,Triage,For Refinement
102853,2025-06-08,status,For Refinement,In Refinement
102853,2025-06-10,status,In Refinement,In Progress
102853,2025-06-13,status,In Progress,Done
111501,2025-03-06,status,Backlog,Triage
111501,2025-03-13,status,Triage,For Refinement
111501,2025-03-19,status,For Refinement,In Refinement
111501,2025-03-25,status,In Refinement,For Technical Analysis
111501,2025-03-31,status,For Technical Analysis,In Technical Analysis
111501,2025-04-07,status,In Technical Analysis,Ready for Development
109861,2025-02-02,status,Lista de desejos,Backlog
109861,2025-02-06,status,Backlog,Triage
109861,2025-02-10,status,Triage,For Refinement
109861,2025-02-14,status,For Refinement,In Refinement
109861,2025-02-18,status,In Refinement,In Progress
109861,2025-02-22,status,In Progress,Done
119697,2025-10-07,status,Backlog,Triage
119697,2025-10-21,status,Triage,For Refinement
119697,2025-11-05,status,For Refinement,In Refinement
110038,2025-06-29,status,Lista de desejos,Backlog
110038,2025-07-01,status,Backlog,Triage
110038,2025-07-03,status,Triage,For Refinement
110038,2025-07-04,status,For Refinement,In Refinement
110038,2025-07-06,status,In Refinement,In Progress
110038,2025-07-08,status,In Progress,Done
116856,2025-05-16,status,Backlog,Triage
116856,2025-05-21,status,Triage,For Refinement
116856,2025-05-27,status,For Refinement,In Refinement
116856,2025-06-01,status,In Refinement,For Technical Analysis
116856,2025-06-06,status,For Technical Analysis,In Technical Analysis
116856,2025-06-11,status,In Technical Analysis,Ready for Development
116856,2025-06-17,status,Ready for Development,In Development
116856,2025-06-22,status,In Development,For Release
108232,2025-07-14,status,Backlog,Triage
102869,2025-12-12,status,Lista de desejos,Backlog
102869,2025-12-16,status,Backlog,Triage
102869,2025-12-20,status,Triage,For Refinement
102869,2025-12-25,status,For Refinement,In Refinement
102869,2025-12-29,status,In Refinement,In Progress
102869,2026-01-02,status,In Progress,Done
111592,2025-06-02,status,Backlog,Triage
111592,2025-06-08,status,Triage,For Refinement
111592,2025-06-15,status,For Refinement,In Refinement
111592,2025-06-22,status,In Refinement,For Technical Analysis
111592,2025-06-29,status,For Technical Analysis,In Technical Analysis
111592,2025-07-05,status,In Technical Analysis,Ready for Development
113219,2025-04-26,status,Lista de desejos,Backlog
113219,2025-04-30,status,Backlog,Triage
113219,2025-05-03,status,Triage,For Refinement
113219,2025-05-07,status,For Refinement,In Refinement
113219,2025-05-10,status,In Refinement,In Progress
113219,2025-05-14,status,In Progress,Done
105453,2025-07-02,status,Backlog,Triage
105453,2025-07-07,status,Triage,For Refinement
105453,2025-07-12,status,For Refinement,In Refinement
105453,2025-07-17,status,In Refinement,For Technical Analysis
105453,2025-07-22,status,For Technical Analysis,In Technical Analysis
105453,2025-07-27,status,In Technical Analysis,Ready for Development
103037,2025-07-24,status,Lista de desejos,Backlog
103037,2025-07-26,status,Backlog,Triage
103037,2025-07-29,status,Triage,For Refinement
103037,2025-07-31,status,For Refinement,In Refinement
103037,2025-08-03,status,In Refinement,In Progress
103037,2025-08-05,status,In Progress,Done
106401,2025-08-13,status,Lista de desejos,Backlog
106401,2025-08-17,status,Backlog,Triage
106401,2025-08-20,status,Triage,For Refinement
106401,2025-08-24,status,For Refinement,In Refinement
106401,2025-08-27,status,In Refinement,In Progress
106401,2025-08-31,status,In Progress,Done
108873,2025-08-27,status,Lista de desejos,Backlog
108873,2025-08-30,status,Backlog,Triage
108873,2025-09-01,status,Triage,For Refinement
108873,2025-09-03,status,For Refinement,In Refinement
108873,2025-09-05,status,In Refinement,In Progress
108873,2025-09-08,status,In Progress,Done
105250,2025-04-23,status,Lista de desejos,Backlog
105250,2025-04-25,status,Backlog,Triage
105250,2025-04-27,status,Triage,For Refinement
105250,2025-04-28,status,For Refinement,In Refinement
105250,2025-04-30,status,In Refinement,In Progress
105250,2025-05-02,status,In Progress,Done
110517,2025-06-18,status,Lista de desejos,Backlog
111510,2025-09-27,status,Backlog,Triage
111510,2025-09-30,status,Triage,For Refinement
111510,2025-10-03,status,For Refinement,In Refinement
111510,2025-10-06,status,In Refinement,For Technical Analysis
111510,2025-10-09,status,For Technical Analysis,In Technical Analysis
111510,2025-10-12,status,In Technical Analysis,Ready for Development
111510,2025-10-15,status,Ready for Development,In Development
124603,2025-07-02,status,Lista de desejos,Backlog
124603,2025-07-04,status,Backlog,Triage
124603,2025-07-07,status,Triage,For Refinement
124603,2025-07-10,status,For Refinement,In Refinement
124603,2025-07-13,status,In Refinement,In Progress
124603,2025-07-15,status,In Progress,Done
105333,2025-10-26,status,Lista de desejos,Backlog
105333,2025-10-29,status,Backlog,Triage
105333,2025-10-31,status,Triage,For Refinement
105333,2025-11-02,status,For Refinement,In Refinement
105333,2025-11-04,status,In Refinement,In Progress
105333,2025-11-07,status,In Progress,Done
108296,2025-03-24,status,Lista de desejos,Backlog
108296,2025-03-27,status,Backlog,Triage
108296,2025-03-30,status,Triage,For Refinement
108296,2025-04-03,status,For Refinement,In Refinement
108296,2025-04-06,status,In Refinement,In Progress
108296,2025-04-09,status,In Progress,Done
106270,2025-02-15,status,Lista de desejos,Backlog
106270,2025-02-18,status,Backlog,Triage
106270,2025-02-22,status,Triage,For Refinement
106270,2025-02-26,status,For Refinement,In Refinement
106270,2025-03-02,status,In Refinement,In Progress
106270,2025-03-05,status,In Progress,Done
111384,2025-08-10,status,Backlog,Triage
111384,2025-08-13,status,Triage,For Refinement
111384,2025-08-16,status,For Refinement,In Refinement
111384,2025-08-19,status,In Refinement,For Technical Analysis
111384,2025-08-22,status,For Technical Analysis,In Technical Analysis
107953,2025-10-10,status,Lista de desejos,Backlog
107953,2025-10-14,status,Backlog,Triage
107953,2025-10-17,status,Triage,For Refinement
107953,2025-10-20,status,For Refinement,In Refinement
107953,2025-10-23,status,In Refinement,In Progress
107953,2025-10-27,status,In Progress,Done
102544,2025-04-21,status,Lista de desejos,Backlog
102544,2025-04-23,status,Backlog,Triage
102544,2025-04-25,status,Triage,For Refinement
102544,2025-04-28,status,For Refinement,In Refinement
102544,2025-04-30,status,In Refinement,In Progress
102544,2025-05-02,status,In Progress,Done
121030,2025-03-31,status,Backlog,Triage
121030,2025-04-05,status,Triage,For Refinement
121030,2025-04-11,status,For Refinement,In Refinement
121030,2025-04-16,status,In Refinement,For Technical Analysis
121030,2025-04-21,status,For Technical Analysis,In Technical Analysis
121030,2025-04-27,status,In Technical Analysis,Ready for Development
121030,2025-05-02,status,Ready for Development,In Development
114014,2025-07-26,status,Lista de desejos,Backlog
114014,2025-07-29,status,Backlog,Triage
114014,2025-08-01,status,Triage,For Refinement
114014,2025-08-04,status,For Refinement,In Refinement
114014,2025-08-07,status,In Refinement,In Progress
114014,2025-08-10,status,In Progress,Done
101969,2025-06-24,status,Backlog,Triage
101969,2025-06-29,status,Triage,For Refinement
122351,2025-03-31,status,Backlog,Triage
122351,2025-04-02,status,Triage,For Refinement
122351,2025-04-04,status,For Refinement,In Refinement
122351,2025-04-06,status,In Refinement,For Technical Analysis
122351,2025-04-09,status,For Technical Analysis,In Technical Analysis
122351,2025-04-11,status,In Technical Analysis,Ready for Development
122351,2025-04-13,status,Ready for Development,In Development
113102,2025-09-18,status,Lista de desejos,Backlog
113102,2025-09-20,status,Backlog,Triage
113102,2025-09-23,status,Triage,For Refinement
113102,2025-09-25,status,For Refinement,In Refinement
113102,2025-09-28,status,In Refinement,In Progress
113102,2025-09-30,status,In Progress,Done
113869,2025-04-23,status,Lista de desejos,Backlog
113869,2025-04-25,status,Backlog,Triage
113869,2025-04-28,status,Triage,For Refinement
113869,2025-04-30,status,For Refinement,In Refinement
113869,2025-05-03,status,In Refinement,In Progress
113869,2025-05-05,status,In Progress,Done
116910,2025-07-11,status,Lista de desejos,Backlog
116910,2025-07-12,status,Backlog,Triage
116910,2025-07-14,status,Triage,For Refinement
116910,2025-07-16,status,For Refinement,In Refinement
116910,2025-07-18,status,In Refinement,In Progress
116910,2025-07-19,status,In Progress,Done
118965,2025-05-21,status,Backlog,Triage
118965,2025-05-28,status,Triage,For Refinement
117750,2025-03-21,status,Lista de desejos,Backlog
117750,2025-03-22,status,Backlog,Triage
117750,2025-03-24,status,Triage,For Refinement
117750,2025-03-26,status,For Refinement,In Refinement
117750,2025-03-28,status,In Refinement,In Progress
117750,2025-03-29,status,In Progress,Done
107542,2025-07-23,status,Backlog,Triage
107542,2025-07-29,status,Triage,For Refinement
107542,2025-08-05,status,For Refinement,In Refinement
107542,2025-08-11,status,In Refinement,For Technical Analysis
107542,2025-08-17,status,For Technical Analysis,In Technical Analysis
107542,2025-08-24,status,In Technical Analysis,Ready for Development
107542,2025-08-30,status,Ready for Development,In Development
114485,2025-10-27,status,Lista de desejos,Backlog
114485,2025-10-30,status,Backlog,Triage
114485,2025-11-01,status,Triage,For Refinement
114485,2025-11-03,status,For Refinement,In Refinement
114485,2025-11-05,status,In Refinement,In Progress
114485,2025-11-08,status,In Progress,Done
104808,2025-09-17,status,Lista de desejos,Backlog
104808,2025-09-19,status,Backlog,Triage
104808,2025-09-20,status,Triage,For Refinement
104808,2025-09-22,status,For Refinement,In Refinement
104808,2025-09-23,status,In Refinement,In Progress
104808,2025-09-25,status,In Progress,Done
100614,2025-05-03,status,Lista de desejos,Backlog
100614,2025-05-06,status,Backlog,Triage
100614,2025-05-09,status,Triage,For Refinement
100614,2025-05-12,status,For Refinement,In Refinement
100614,2025-05-15,status,In Refinement,In Progress
100614,2025-05-18,status,In Progress,Done
116770,2025-04-20,status,Backlog,Triage
116770,2025-04-24,status,Triage,For Refinement
116770,2025-04-27,status,For Refinement,In Refinement
116770,2025-04-30,status,In Refinement,For Technical Analysis
116770,2025-05-04,status,For Technical Analysis,In Technical Analysis
110391,2025-11-26,status,Backlog,Triage
110391,2025-12-02,status,Triage,For Refinement
110391,2025-12-07,status,For Refinement,In Refinement
110391,2025-12-13,status,In Refinement,For Technical Analysis
110391,2025-12-18,status,For Technical Analysis,In Technical Analysis
110391,2025-12-24,status,In Technical Analysis,Ready for Development
110391,2025-12-29,status,Ready for Development,In Development
110391,2026-01-04,status,In Development,For Release
110391,2026-01-09,status,For Release,Waiting Information
110391,2026-01-15,status,Waiting Information,Information Sent
111770,2025-05-24,status,Backlog,Triage
111770,2025-06-10,status,Triage,For Refinement
100790,2025-05-31,status,Lista de desejos,Backlog
100790,2025-06-02,status,Backlog,Triage
100790,2025-06-04,status,Triage,For Refinement
100790,2025-06-05,status,For Refinement,In Refinement
100790,2025-06-07,status,In Refinement,In Progress
100790,2025-06-09,status,In Progress,Done
116057,2025-08-12,status,Lista de desejos,Backlog
116057,2025-08-14,status,Backlog,Triage
116057,2025-08-16,status,Triage,For Refinement
116057,2025-08-18,status,For Refinement,In Refinement
116057,2025-08-20,status,In Refinement,In Progress
116057,2025-08-22,status,In Progress,Done
100427,2025-05-13,status,Backlog,Triage
100427,2025-05-19,status,Triage,For Refinement
100427,2025-05-24,status,For Refinement,In Refinement
100427,2025-05-29,status,In Refinement,For Technical Analysis
100427,2025-06-03,status,For Technical Analysis,In Technical Analysis
100427,2025-06-09,status,In Technical Analysis,Ready for Development
114422,2025-08-20,status,Lista de desejos,Backlog
114422,2025-08-22,status,Backlog,Triage
114422,2025-08-23,status,Triage,For Refinement
114422,2025-08-25,status,For Refinement,In Refinement
114422,2025-08-26,status,In Refinement,In Progress
114422,2025-08-28,status,In Progress,Done
110177,2025-11-14,status,Backlog,Triage
110177,2025-11-20,status,Triage,For Refinement
110177,2025-11-26,status,For Refinement,In Refinement
110177,2025-12-02,status,In Refinement,For Technical Analysis
110177,2025-12-08,status,For Technical Analysis,In Technical Analysis
110177,2025-12-14,status,In Technical Analysis,Ready for Development
110177,2025-12-20,status,Ready for Development,In Development
108422,2025-04-11,status,Backlog,Triage
108422,2025-04-14,status,Triage,For Refinement
108422,2025-04-16,status,For Refinement,In Refinement
108422,2025-04-19,status,In Refinement,For Technical Analysis
123379,2025-09-14,status,Lista de desejos,Backlog
123379,2025-09-16,status,Backlog,Triage
123379,2025-09-19,status,Triage,For Refinement
123379,2025-09-22,status,For Refinement,In Refinement
123379,2025-09-25,status,In Refinement,In Progress
123379,2025-09-27,status,In Progress,Done
104912,2025-02-24,status,Lista de desejos,Backlog
104912,2025-02-28,status,Backlog,Triage
104912,2025-03-04,status,Triage,For Refinement
104912,2025-03-07,status,For Refinement,In Refinement
104912,2025-03-11,status,In Refinement,In Progress
104912,2025-03-15,status,In Progress,Done
114902,2025-07-15,status,Backlog,Triage
114902,2025-07-19,status,Triage,For Refinement
114902,2025-07-22,status,For Refinement,In Refinement
114902,2025-07-26,status,In Refinement,For Technical Analysis
114902,2025-07-30,status,For Technical Analysis,In Technical Analysis
114902,2025-08-03,status,In Technical Analysis,Ready for Development
114902,2025-08-06,status,Ready for Development,In Development
114902,2025-08-10,status,In Development,For Release
124507,2025-05-05,status,Lista de desejos,Backlog
124507,2025-05-13,status,Backlog,Triage
124507,2025-05-21,status,Triage,For Refinement
124507,2025-05-29,status,For Refinement,In Refinement
124507,2025-06-06,status,In Refinement,In Progress
124549,2025-03-17,status,Lista de desejos,Backlog
124549,2025-03-18,status,Backlog,Triage
124549,2025-03-20,status,Triage,For Refinement
124549,2025-03-21,status,For Refinement,In Refinement
124549,2025-03-23,status,In Refinement,In Progress
124549,2025-03-24,status,In Progress,Done
104017,2025-03-09,status,Lista de desejos,Backlog
104017,2025-03-13,status,Backlog,Triage
104017,2025-03-17,status,Triage,For Refinement
104017,2025-03-22,status,For Refinement,In Refinement
104017,2025-03-26,status,In Refinement,In Progress
104017,2025-03-30,status,In Progress,Done
118729,2025-01-15,status,Lista de desejos,Backlog
118729,2025-01-17,status,Backlog,Triage
118729,2025-01-19,status,Triage,For Refinement
118729,2025-01-22,status,For Refinement,In Refinement
118729,2025-01-24,status,In Refinement,In Progress
118729,2025-01-26,status,In Progress,Done
118133,2025-10-17,status,Backlog,Triage
118133,2025-10-24,status,Triage,For Refinement
118133,2025-11-01,status,For Refinement,In Refinement
118133,2025-11-08,status,In Refinement,For Technical Analysis
118133,2025-11-15,status,For Technical Analysis,In Technical Analysis
121577,2025-10-06,status,Backlog,Triage
121577,2025-10-09,status,Triage,For Refinement
121577,2025-10-12,status,For Refinement,In Refinement
121577,2025-10-15,status,In Refinement,For Technical Analysis
121577,2025-10-17,status,For Technical Analysis,In Technical Analysis
121577,2025-10-20,status,In Technical Analysis,Ready for Development
121577,2025-10-23,status,Ready for Development,In Development
121577,2025-10-26,status,In Development,For Release
123051,2025-05-01,status,Lista de desejos,Backlog
123051,2025-05-02,status,Backlog,Triage
123051,2025-05-03,status,Triage,For Refinement
123051,2025-05-05,status,For Refinement,In Refinement
123051,2025-05-07,status,In Refinement,In Progress
123051,2025-05-08,status,In Progress,Done
123051,2025-05-09,status,Done,Canceled
107631,2025-11-25,status,Lista de desejos,Backlog
107631,2025-11-28,status,Backlog,Triage
107631,2025-11-30,status,Triage,For Refinement
107631,2025-12-02,status,For Refinement,In Refinement
107631,2025-12-04,status,In Refinement,In Progress
107631,2025-12-07,status,In Progress,Done
111601,2025-04-30,status,Lista de desejos,Backlog
111601,2025-05-02,status,Backlog,Triage
111601,2025-05-05,status,Triage,For Refinement
111601,2025-05-07,status,For Refinement,In Refinement
111601,2025-05-10,status,In Refinement,In Progress
111601,2025-05-12,status,In Progress,Done
111052,2025-04-19,status,Backlog,Triage
111052,2025-04-23,status,Triage,For Refinement
103211,2025-09-15,status,Backlog,Triage
103211,2025-09-25,status,Triage,For Refinement
103211,2025-10-06,status,For Refinement,In Refinement
103211,2025-10-16,status,In Refinement,For Technical Analysis
110882,2025-03-17,status,Lista de desejos,Backlog
110882,2025-03-19,status,Backlog,Triage
110882,2025-03-21,status,Triage,For Refinement
110882,2025-03-23,status,For Refinement,In Refinement
110882,2025-03-25,status,In Refinement,In Progress
110882,2025-03-27,status,In Progress,Done
109536,2025-05-06,status,Backlog,Triage
102644,2025-06-05,status,Lista de desejos,Backlog
102644,2025-06-08,status,Backlog,Triage
102644,2025-06-11,status,Triage,For Refinement
102644,2025-06-13,status,For Refinement,In Refinement
102644,2025-06-15,status,In Refinement,In Progress
102644,2025-06-18,status,In Progress,Done
102644,2025-06-21,status,Done,Canceled
111799,2025-07-07,status,Lista de desejos,Backlog
111799,2025-07-10,status,Backlog,Triage
111799,2025-07-12,status,Triage,For Refinement
111799,2025-07-15,status,For Refinement,In Refinement
111799,2025-07-18,status,In Refinement,In Progress
111799,2025-07-20,status,In Progress,Done
111799,2025-07-23,status,Done,Canceled
120775,2025-12-01,status,Backlog,Triage
120775,2025-12-03,status,Triage,For Refinement
120775,2025-12-05,status,For Refinement,In Refinement
120775,2025-12-07,status,In Refinement,For Technical Analysis
120775,2025-12-10,status,For Technical Analysis,In Technical Analysis
120775,2025-12-12,status,In Technical Analysis,Ready for Development
120775,2025-12-14,status,Ready for Development,In Development
104119,2025-05-03,status,Backlog,Triage
104119,2025-05-20,status,Triage,For Refinement
110836,2025-06-26,status,Lista de desejos,Backlog
110836,2025-06-29,status,Backlog,Triage
110836,2025-07-01,status,Triage,For Refinement
110836,2025-07-04,status,For Refinement,In Refinement
110836,2025-07-06,status,In Refinement,In Progress
110836,2025-07-09,status,In Progress,Done
110688,2025-02-23,status,Backlog,Triage
110688,2025-03-09,status,Triage,For Refinement
102848,2025-10-04,status,Lista de desejos,Backlog
102848,2025-10-08,status,Backlog,Triage
102848,2025-10-12,status,Triage,For Refinement
102848,2025-10-17,status,For Refinement,In Refinement
102848,2025-10-21,status,In Refinement,In Progress
102848,2025-10-25,status,In Progress,Done
103518,2025-08-15,status,Backlog,Triage
103518,2025-08-24,status,Triage,For Refinement
103518,2025-09-01,status,For Refinement,In Refinement
103518,2025-09-09,status,In Refinement,For Technical Analysis
103518,2025-09-17,status,For Technical Analysis,In Technical Analysis
103518,2025-09-26,status,In Technical Analysis,Ready for Development
122790,2025-06-11,status,Lista de desejos,Backlog
122790,2025-06-13,status,Backlog,Triage
122790,2025-06-16,status,Triage,For Refinement
122790,2025-06-18,status,For Refinement,In Refinement
122790,2025-06-21,status,In Refinement,In Progress
122790,2025-06-23,status,In Progress,Done
104667,2025-05-30,status,Backlog,Triage
104667,2025-06-04,status,Triage,For Refinement
104667,2025-06-09,status,For Refinement,In Refinement
104667,2025-06-13,status,In Refinement,For Technical Analysis
104667,2025-06-17,status,For Technical Analysis,In Technical Analysis
124871,2025-12-19,status,Backlog,Triage
124871,2025-12-29,status,Triage,For Refinement
124871,2026-01-09,status,For Refinement,In Refinement
124871,2026-01-19,status,In Refinement,For Technical Analysis
122744,2025-08-05,status,Backlog,Triage
122744,2025-08-16,status,Triage,For Refinement
118257,2025-04-12,status,Lista de desejos,Backlog
118257,2025-04-14,status,Backlog,Triage
118257,2025-04-17,status,Triage,For Refinement
118257,2025-04-20,status,For Refinement,In Refinement
118257,2025-04-23,status,In Refinement,In Progress
118257,2025-04-25,status,In Progress,Done
107473,2025-08-07,status,Lista de desejos,Backlog
107473,2025-08-10,status,Backlog,Triage
107473,2025-08-13,status,Triage,For Refinement
107473,2025-08-15,status,For Refinement,In Refinement
107473,2025-08-18,status,In Refinement,In Progress
107473,2025-08-21,status,In Progress,Done
115110,2025-06-27,status,Backlog,Triage
115110,2025-07-02,status,Triage,For Refinement
108343,2025-12-12,status,Backlog,Triage
108343,2025-12-16,status,Triage,For Refinement
108343,2025-12-20,status,For Refinement,In Refinement
108343,2025-12-24,status,In Refinement,For Technical Analysis
108343,2025-12-28,status,For Technical Analysis,In Technical Analysis
108343,2026-01-01,status,In Technical Analysis,Ready for Development
122152,2025-03-15,status,Backlog,Triage
122152,2025-03-17,status,Triage,For Refinement
122152,2025-03-18,status,For Refinement,In Refinement
122152,2025-03-20,status,In Refinement,For Technical Analysis
122152,2025-03-22,status,For Technical Analysis,In Technical Analysis
122152,2025-03-24,status,In Technical Analysis,Ready for Development
122152,2025-03-26,status,Ready for Development,In Development
122152,2025-03-28,status,In Development,For Release
122152,2025-03-29,status,For Release,Waiting Information
122152,2025-03-31,status,Waiting Information,Information Sent
120267,2025-05-29,status,Lista de desejos,Backlog
120267,2025-05-31,status,Backlog,Triage
120267,2025-06-02,status,Triage,For Refinement
120267,2025-06-05,status,For Refinement,In Refinement
120267,2025-06-07,status,In Refinement,In Progress
120267,2025-06-09,status,In Progress,Done
105066,2025-05-17,status,Lista de desejos,Backlog
105066,2025-05-20,status,Backlog,Triage
105066,2025-05-22,status,Triage,For Refinement
105066,2025-05-24,status,For Refinement,In Refinement
105066,2025-05-26,status,In Refinement,In Progress
105066,2025-05-29,status,In Progress,Done
115877,2025-09-29,status,Backlog,Triage
115877,2025-10-04,status,Triage,For Refinement
115877,2025-10-09,status,For Refinement,In Refinement
115877,2025-10-14,status,In Refinement,For Technical Analysis
115877,2025-10-18,status,For Technical Analysis,In Technical Analysis
115877,2025-10-23,status,In Technical Analysis,Ready for Development
115877,2025-10-28,status,Ready for Development,In Development
121345,2025-07-01,status,Lista de desejos,Backlog
121345,2025-07-06,status,Backlog,Triage
121345,2025-07-10,status,Triage,For Refinement
121345,2025-07-14,status,For Refinement,In Refinement
121345,2025-07-18,status,In Refinement,In Progress
121345,2025-07-23,status,In Progress,Done
104295,2025-07-03,status,Lista de desejos,Backlog
104295,2025-07-07,status,Backlog,Triage
104295,2025-07-11,status,Triage,For Refinement
104295,2025-07-15,status,For Refinement,In Refinement
104295,2025-07-19,status,In Refinement,In Progress
104295,2025-07-23,status,In Progress,Done
109513,2025-04-15,status,Backlog,Triage
109513,2025-04-19,status,Triage,For Refinement
120785,2025-06-02,status,Lista de desejos,Backlog
120785,2025-06-05,status,Backlog,Triage
120785,2025-06-08,status,Triage,For Refinement
120785,2025-06-11,status,For Refinement,In Refinement
120785,2025-06-14,status,In Refinement,In Progress
120785,2025-06-17,status,In Progress,Done
118281,2025-05-03,status,Lista de desejos,Backlog
118281,2025-05-05,status,Backlog,Triage
118281,2025-05-07,status,Triage,For Refinement
118281,2025-05-09,status,For Refinement,In Refinement
118281,2025-05-11,status,In Refinement,In Progress
118281,2025-05-13,status,In Progress,Done
108289,2025-02-21,status,Backlog,Triage
108289,2025-03-11,status,Triage,For Refinement
118482,2025-06-25,status,Backlog,Triage
118482,2025-07-03,status,Triage,For Refinement
118482,2025-07-11,status,For Refinement,In Refinement
118482,2025-07-19,status,In Refinement,For Technical Analysis
118482,2025-07-27,status,For Technical Analysis,In Technical Analysis
118482,2025-08-04,status,In Technical Analysis,Ready for Development
120683,2025-05-21,status,Lista de desejos,Backlog
120683,2025-05-25,status,Backlog,Triage
120683,2025-05-29,status,Triage,For Refinement
120683,2025-06-01,status,For Refinement,In Refinement
120683,2025-06-05,status,In Refinement,In Progress
120683,2025-06-09,status,In Progress,Done
115463,2025-07-11,status,Lista de desejos,Backlog
115463,2025-07-13,status,Backlog,Triage
115463,2025-07-15,status,Triage,For Refinement
115463,2025-07-16,status,For Refinement,In Refinement
115463,2025-07-18,status,In Refinement,In Progress
115463,2025-07-20,status,In Progress,Done
119927,2025-07-28,status,Lista de desejos,Backlog
119927,2025-08-01,status,Backlog,Triage
119927,2025-08-04,status,Triage,For Refinement
119927,2025-08-07,status,For Refinement,In Refinement
119927,2025-08-10,status,In Refinement,In Progress
119927,2025-08-14,status,In Progress,Done
124344,2025-03-27,status,Lista de desejos,Backlog
124344,2025-03-30,status,Backlog,Triage
124344,2025-04-02,status,Triage,For Refinement
124344,2025-04-04,status,For Refinement,In Refinement
124344,2025-04-07,status,In Refinement,In Progress
124344,2025-04-10,status,In Progress,Done
120809,2025-05-20,status,Lista de desejos,Backlog
120809,2025-05-23,status,Backlog,Triage
120809,2025-05-25,status,Triage,For Refinement
120809,2025-05-28,status,For Refinement,In Refinement
120809,2025-05-30,status,In Refinement,In Progress
120809,2025-06-02,status,In Progress,Done
109747,2025-12-21,status,Lista de desejos,Backlog
109747,2025-12-23,status,Backlog,Triage
109747,2025-12-26,status,Triage,For Refinement
109747,2025-12-28,status,For Refinement,In Refinement
109747,2025-12-31,status,In Refinement,In Progress
109747,2026-01-02,status,In Progress,Done
105184,2025-07-21,status,Lista de desejos,Backlog
105184,2025-07-22,status,Backlog,Triage
105184,2025-07-24,status,Triage,For Refinement
105184,2025-07-26,status,For Refinement,In Refinement
105184,2025-07-28,status,In Refinement,In Progress
105184,2025-07-29,status,In Progress,Done
104323,2025-05-26,status,Lista de desejos,Backlog
104323,2025-05-31,status,Backlog,Triage
104323,2025-06-04,status,Triage,For Refinement
104323,2025-06-08,status,For Refinement,In Refinement
104323,2025-06-13,status,In Refinement,In Progress
119008,2025-12-05,status,Lista de desejos,Backlog
119008,2025-12-08,status,Backlog,Triage
119008,2025-12-11,status,Triage,For Refinement
119008,2025-12-13,status,For Refinement,In Refinement
119008,2025-12-15,status,In Refinement,In Progress
119008,2025-12-18,status,In Progress,Done
119008,2025-12-21,status,Done,Canceled
114830,2025-09-26,status,Backlog,Triage
114830,2025-10-02,status,Triage,For Refinement
114830,2025-10-08,status,For Refinement,In Refinement
114830,2025-10-14,status,In Refinement,For Technical Analysis
114830,2025-10-20,status,For Technical Analysis,In Technical Analysis
114830,2025-10-26,status,In Technical Analysis,Ready for Development
116382,2025-11-02,status,Lista de desejos,Backlog
116382,2025-11-04,status,Backlog,Triage
116382,2025-11-06,status,Triage,For Refinement
116382,2025-11-07,status,For Refinement,In Refinement
116382,2025-11-09,status,In Refinement,In Progress
116382,2025-11-11,status,In Progress,Done
100284,2025-03-13,status,Backlog,Triage
100284,2025-03-22,status,Triage,For Refinement
100284,2025-04-01,status,For Refinement,In Refinement
100284,2025-04-11,status,In Refinement,For Technical Analysis
100284,2025-04-20,status,For Technical Analysis,In Technical Analysis
123369,2025-11-03,status,Lista de desejos,Backlog
123369,2025-11-06,status,Backlog,Triage
123369,2025-11-09,status,Triage,For Refinement
123369,2025-11-11,status,For Refinement,In Refinement
123369,2025-11-14,status,In Refinement,In Progress
123369,2025-11-17,status,In Progress,Done
116258,2025-12-22,status,Lista de desejos,Backlog
116258,2025-12-25,status,Backlog,Triage
116258,2025-12-28,status,Triage,For Refinement
116258,2025-12-31,status,For Refinement,In Refinement
116258,2026-01-04,status,In Refinement,In Progress
116258,2026-01-07,status,In Progress,Done
116258,2026-01-10,status,Done,Canceled
123202,2025-05-24,status,Lista de desejos,Backlog
123202,2025-05-26,status,Backlog,Triage
123202,2025-05-28,status,Triage,For Refinement
123202,2025-05-31,status,For Refinement,In Refinement
123202,2025-06-02,status,In Refinement,In Progress
123202,2025-06-04,status,In Progress,Done
110482,2025-07-02,status,Lista de desejos,Backlog
110482,2025-07-06,status,Backlog,Triage
110482,2025-07-09,status,Triage,For Refinement
110482,2025-07-12,status,For Refinement,In Refinement
110482,2025-07-15,status,In Refinement,In Progress
110482,2025-07-19,status,In Progress,Done
119796,2025-05-03,status,Backlog,Triage
119796,2025-05-07,status,Triage,For Refinement
119796,2025-05-12,status,For Refinement,In Refinement
119796,2025-05-17,status,In Refinement,For Technical Analysis
119796,2025-05-21,status,For Technical Analysis,In Technical Analysis
119796,2025-05-26,status,In Technical Analysis,Ready for Development
119796,2025-05-31,status,Ready for Development,In Development
119796,2025-06-04,status,In Development,For Release
111732,2025-06-19,status,Lista de desejos,Backlog
111732,2025-06-22,status,Backlog,Triage
111732,2025-06-26,status,Triage,For Refinement
111732,2025-06-29,status,For Refinement,In Refinement
114839,2025-09-15,status,Lista de desejos,Backlog
114839,2025-09-18,status,Backlog,Triage
114839,2025-09-20,status,Triage,For Refinement
114839,2025-09-23,status,For Refinement,In Refinement
114839,2025-09-25,status,In Refinement,In Progress
114839,2025-09-28,status,In Progress,Done
106055,2025-09-13,status,Backlog,Triage
106055,2025-09-29,status,Triage,For Refinement
112363,2025-06-14,status,Backlog,Triage
112363,2025-06-17,status,Triage,For Refinement
112363,2025-06-21,status,For Refinement,In Refinement
112363,2025-06-24,status,In Refinement,For Technical Analysis
112363,2025-06-27,status,For Technical Analysis,In Technical Analysis
112363,2025-06-30,status,In Technical Analysis,Ready for Development
112363,2025-07-04,status,Ready for Development,In Development
112363,2025-07-07,status,In Development,For Release
108147,2025-09-05,status,Backlog,Triage
108147,2025-09-21,status,Triage,For Refinement
117885,2025-08-19,status,Backlog,Triage
117885,2025-08-23,status,Triage,For Refinement
117885,2025-08-28,status,For Refinement,In Refinement
117885,2025-09-02,status,In Refinement,For Technical Analysis
117885,2025-09-06,status,For Technical Analysis,In Technical Analysis
117885,2025-09-11,status,In Technical Analysis,Ready for Development
117885,2025-09-16,status,Ready for Development,In Development
117885,2025-09-20,status,In Development,For Release
115743,2025-06-05,status,Lista de desejos,Backlog
115743,2025-06-07,status,Backlog,Triage
115743,2025-06-09,status,Triage,For Refinement
115743,2025-06-10,status,For Refinement,In Refinement
115743,2025-06-12,status,In Refinement,In Progress
115743,2025-06-14,status,In Progress,Done
111149,2025-04-26,status,Backlog,Triage
111149,2025-05-02,status,Triage,For Refinement
111149,2025-05-07,status,For Refinement,In Refinement
111149,2025-05-12,status,In Refinement,For Technical Analysis
111149,2025-05-18,status,For Technical Analysis,In Technical Analysis
111149,2025-05-23,status,In Technical Analysis,Ready for Development
111149,2025-05-28,status,Ready for Development,In Development
111149,2025-06-03,status,In Development,For Release
101747,2025-03-16,status,Backlog,Triage
101747,2025-03-21,status,Triage,For Refinement
101747,2025-03-25,status,For Refinement,In Refinement
101747,2025-03-30,status,In Refinement,For Technical Analysis
101695,2025-11-14,status,Lista de desejos,Backlog
101695,2025-11-17,status,Backlog,Triage
101695,2025-11-21,status,Triage,For Refinement
101695,2025-11-24,status,For Refinement,In Refinement
101695,2025-11-28,status,In Refinement,In Progress
101695,2025-12-02,status,In Progress,Done
101695,2025-12-05,status,Done,Canceled
120621,2025-05-28,status,Backlog,Triage
120621,2025-06-01,status,Triage,For Refinement
120621,2025-06-04,status,For Refinement,In Refinement
120621,2025-06-08,status,In Refinement,For Technical Analysis
110458,2025-07-24,status,Backlog,Triage
110458,2025-07-28,status,Triage,For Refinement
110458,2025-07-31,status,For Refinement,In Refinement
110458,2025-08-03,status,In Refinement,For Technical Analysis
110458,2025-08-06,status,For Technical Analysis,In Technical Analysis
110458,2025-08-10,status,In Technical Analysis,Ready for Development
110458,2025-08-13,status,Ready for Development,In Development
110458,2025-08-16,status,In Development,For Release
110458,2025-08-20,status,For Release,Waiting Information
111621,2025-07-29,status,Lista de desejos,Backlog
111621,2025-08-02,status,Backlog,Triage
111621,2025-08-05,status,Triage,For Refinement
111621,2025-08-08,status,For Refinement,In Refinement
111621,2025-08-11,status,In Refinement,In Progress
111621,2025-08-15,status,In Progress,Done
100071,2025-10-04,status,Lista de desejos,Backlog
100071,2025-10-06,status,Backlog,Triage
100071,2025-10-08,status,Triage,For Refinement
100071,2025-10-11,status,For Refinement,In Refinement
100071,2025-10-13,status,In Refinement,In Progress
100071,2025-10-15,status,In Progress,Done
101481,2025-06-16,status,Lista de desejos,Backlog
101481,2025-06-20,status,Backlog,Triage
101481,2025-06-24,status,Triage,For Refinement
101481,2025-06-29,status,For Refinement,In Refinement
101481,2025-07-03,status,In Refinement,In Progress
101481,2025-07-07,status,In Progress,Done
107260,2025-02-18,status,Lista de desejos,Backlog
107260,2025-02-19,status,Backlog,Triage
107260,2025-02-21,status,Triage,For Refinement
107260,2025-02-23,status,For Refinement,In Refinement
107260,2025-02-25,status,In Refinement,In Progress
107260,2025-02-26,status,In Progress,Done
119454,2025-07-24,status,Lista de desejos,Backlog
119454,2025-07-25,status,Backlog,Triage
119454,2025-07-27,status,Triage,For Refinement
119454,2025-07-28,status,For Refinement,In Refinement
119454,2025-07-30,status,In Refinement,In Progress
119454,2025-07-31,status,In Progress,Done
105705,2025-07-22,status,Lista de desejos,Backlog
105705,2025-07-26,status,Backlog,Triage
105705,2025-07-29,status,Triage,For Refinement
105705,2025-08-01,status,For Refinement,In Refinement
105705,2025-08-04,status,In Refinement,In Progress
105705,2025-08-08,status,In Progress,Done
112169,2025-08-16,status,Backlog,Triage
112169,2025-08-27,status,Triage,For Refinement
112169,2025-09-08,status,For Refinement,In Refinement
112169,2025-09-19,status,In Refinement,For Technical Analysis
104351,2025-01-16,status,Backlog,Triage
104351,2025-01-20,status,Triage,For Refinement
104351,2025-01-23,status,For Refinement,In Refinement
104351,2025-01-26,status,In Refinement,For Technical Analysis
104351,2025-01-30,status,For Technical Analysis,In Technical Analysis
100354,2025-03-13,status,Lista de desejos,Backlog
100354,2025-03-17,status,Backlog,Triage
100354,2025-03-20,status,Triage,For Refinement
100354,2025-03-23,status,For Refinement,In Refinement
100354,2025-03-26,status,In Refinement,In Progress
100354,2025-03-30,status,In Progress,Done
110833,2025-12-05,status,Lista de desejos,Backlog
110833,2025-12-08,status,Backlog,Triage
110833,2025-12-12,status,Triage,For Refinement
110833,2025-12-16,status,For Refinement,In Refinement
110833,2025-12-20,status,In Refinement,In Progress
110833,2025-12-23,status,In Progress,Done
119628,2025-08-30,status,Lista de desejos,Backlog
119628,2025-09-01,status,Backlog,Triage
119628,2025-09-02,status,Triage,For Refinement
119628,2025-09-04,status,For Refinement,In Refinement
119628,2025-09-05,status,In Refinement,In Progress
119628,2025-09-07,status,In Progress,Done
117531,2025-07-06,status,Backlog,Triage
117531,2025-07-11,status,Triage,For Refinement
117531,2025-07-15,status,For Refinement,In Refinement
117531,2025-07-20,status,In Refinement,For Technical Analysis
117531,2025-07-24,status,For Technical Analysis,In Technical Analysis
117531,2025-07-28,status,In Technical Analysis,Ready for Development
117531,2025-08-02,status,Ready for Development,In Development
117531,2025-08-06,status,In Development,For Release
117531,2025-08-11,status,For Release,Waiting Information
115033,2025-08-16,status,Backlog,Triage
112286,2025-12-27,status,Lista de desejos,Backlog
112286,2025-12-28,status,Backlog,Triage
112286,2025-12-30,status,Triage,For Refinement
112286,2025-12-31,status,For Refinement,In Refinement
112286,2026-01-02,status,In Refinement,In Progress
112286,2026-01-03,status,In Progress,Done
121531,2025-05-25,status,Backlog,Triage
121531,2025-06-01,status,Triage,For Refinement
121531,2025-06-09,status,For Refinement,In Refinement
121531,2025-06-16,status,In Refinement,For Technical Analysis
121531,2025-06-23,status,For Technical Analysis,In Technical Analysis
104396,2025-05-16,status,Backlog,Triage
115618,2025-07-02,status,Backlog,Triage
115618,2025-07-09,status,Triage,For Refinement
115618,2025-07-16,status,For Refinement,In Refinement
115618,2025-07-22,status,In Refinement,For Technical Analysis
115618,2025-07-29,status,For Technical Analysis,In Technical Analysis
115618,2025-08-05,status,In Technical Analysis,Ready for Development
114074,2025-03-11,status,Lista de desejos,Backlog
114074,2025-03-15,status,Backlog,Triage
114074,2025-03-19,status,Triage,For Refinement
114074,2025-03-24,status,For Refinement,In Refinement
114074,2025-03-28,status,In Refinement,In Progress
114074,2025-04-01,status,In Progress,Done
123564,2025-08-29,status,Lista de desejos,Backlog
123564,2025-08-31,status,Backlog,Triage
123564,2025-09-01,status,Triage,For Refinement
123564,2025-09-03,status,For Refinement,In Refinement
123564,2025-09-04,status,In Refinement,In Progress
123564,2025-09-06,status,In Progress,Done
114047,2025-07-27,status,Lista de desejos,Backlog
114047,2025-07-30,status,Backlog,Triage
114047,2025-08-03,status,Triage,For Refinement
114047,2025-08-07,status,For Refinement,In Refinement
114047,2025-08-11,status,In Refinement,In Progress
114047,2025-08-14,status,In Progress,Done
103372,2025-12-12,status,Lista de desejos,Backlog
103372,2025-12-16,status,Backlog,Triage
103372,2025-12-19,status,Triage,For Refinement
103372,2025-12-22,status,For Refinement,In Refinement
103372,2025-12-25,status,In Refinement,In Progress
103372,2025-12-29,status,In Progress,Done
109599,2025-08-10,status,Backlog,Triage
109599,2025-08-13,status,Triage,For Refinement
109599,2025-08-16,status,For Refinement,In Refinement
109599,2025-08-19,status,In Refinement,For Technical Analysis
109599,2025-08-22,status,For Technical Analysis,In Technical Analysis
109599,2025-08-25,status,In Technical Analysis,Ready for Development
109599,2025-08-28,status,Ready for Development,In Development
109599,2025-08-31,status,In Development,For Release
109599,2025-09-03,status,For Release,Waiting Information
115527,2025-07-22,status,Lista de desejos,Backlog
115527,2025-07-25,status,Backlog,Triage
115527,2025-07-29,status,Triage,For Refinement
115527,2025-08-01,status,For Refinement,In Refinement
115527,2025-08-04,status,In Refinement,In Progress
115527,2025-08-08,status,In Progress,Done
115527,2025-08-11,status,Done,Canceled
120796,2025-03-10,status,Lista de desejos,Backlog
120796,2025-03-13,status,Backlog,Triage
120796,2025-03-17,status,Triage,For Refinement
120796,2025-03-21,status,For Refinement,In Refinement
120796,2025-03-25,status,In Refinement,In Progress
120796,2025-03-28,status,In Progress,Done
106748,2025-08-08,status,Lista de desejos,Backlog
106748,2025-08-10,status,Backlog,Triage
106748,2025-08-13,status,Triage,For Refinement
106748,2025-08-15,status,For Refinement,In Refinement
106748,2025-08-18,status,In Refinement,In Progress
106748,2025-08-20,status,In Progress,Done
108621,2025-06-01,status,Lista de desejos,Backlog
108621,2025-06-05,status,Backlog,Triage
108621,2025-06-08,status,Triage,For Refinement
108621,2025-06-11,status,For Refinement,In Refinement
108621,2025-06-14,status,In Refinement,In Progress
108621,2025-06-18,status,In Progress,Done
114874,2025-05-23,status,Backlog,Triage
114874,2025-05-30,status,Triage,For Refinement
114874,2025-06-05,status,For Refinement,In Refinement
114874,2025-06-12,status,In Refinement,For Technical Analysis
114874,2025-06-19,status,For Technical Analysis,In Technical Analysis
101558,2025-09-20,status,Backlog,Triage
101558,2025-09-21,status,Triage,For Refinement
101558,2025-09-23,status,For Refinement,In Refinement
101558,2025-09-24,status,In Refinement,For Technical Analysis
101558,2025-09-25,status,For Technical Analysis,In Technical Analysis
101558,2025-09-26,status,In Technical Analysis,Ready for Development
101558,2025-09-28,status,Ready for Development,In Development
101558,2025-09-29,status,In Development,For Release
124501,2025-05-19,status,Backlog,Triage
124501,2025-05-24,status,Triage,For Refinement
102280,2025-06-06,status,Lista de desejos,Backlog
102280,2025-06-10,status,Backlog,Triage
102280,2025-06-13,status,Triage,For Refinement
102280,2025-06-17,status,For Refinement,In Refinement
102280,2025-06-20,status,In Refinement,In Progress
102280,2025-06-24,status,In Progress,Done
101354,2025-07-10,status,Lista de desejos,Backlog
101354,2025-07-14,status,Backlog,Triage
101354,2025-07-18,status,Triage,For Refinement
101354,2025-07-22,status,For Refinement,In Refinement
101354,2025-07-26,status,In Refinement,In Progress
101354,2025-07-30,status,In Progress,Done
120738,2025-08-08,status,Lista de desejos,Backlog
120738,2025-08-11,status,Backlog,Triage
120738,2025-08-13,status,Triage,For Refinement
120738,2025-08-16,status,For Refinement,In Refinement
120738,2025-08-18,status,In Refinement,In Progress
120738,2025-08-21,status,In Progress,Done
116032,2025-03-21,status,Lista de desejos,Backlog
116032,2025-03-27,status,Backlog,Triage
116032,2025-04-03,status,Triage,For Refinement
116032,2025-04-09,status,For Refinement,In Refinement
106626,2025-12-19,status,Lista de desejos,Backlog
106626,2025-12-21,status,Backlog,Triage
106626,2025-12-24,status,Triage,For Refinement
106626,2025-12-26,status,For Refinement,In Refinement
106626,2025-12-29,status,In Refinement,In Progress
106626,2025-12-31,status,In Progress,Done
121494,2025-09-03,status,Lista de desejos,Backlog
121494,2025-09-04,status,Backlog,Triage
121494,2025-09-06,status,Triage,For Refinement
121494,2025-09-08,status,For Refinement,In Refinement
121494,2025-09-10,status,In Refinement,In Progress
121494,2025-09-11,status,In Progress,Done
112407,2025-07-07,status,Lista de desejos,Backlog
112407,2025-07-11,status,Backlog,Triage
112407,2025-07-15,status,Triage,For Refinement
112407,2025-07-20,status,For Refinement,In Refinement
112407,2025-07-24,status,In Refinement,In Progress
112407,2025-07-28,status,In Progress,Done
104945,2025-10-19,status,Backlog,Triage
118031,2025-09-02,status,Backlog,Triage
118031,2025-09-07,status,Triage,For Refinement
118031,2025-09-12,status,For Refinement,In Refinement
118031,2025-09-17,status,In Refinement,For Technical Analysis
114558,2025-10-18,status,Lista de desejos,Backlog
114558,2025-10-21,status,Backlog,Triage
114558,2025-10-24,status,Triage,For Refinement
114558,2025-10-27,status,For Refinement,In Refinement
114558,2025-10-30,status,In Refinement,In Progress
114558,2025-11-02,status,In Progress,Done
124049,2025-05-27,status,Lista de desejos,Backlog
124049,2025-06-01,status,Backlog,Triage
124049,2025-06-05,status,Triage,For Refinement
124049,2025-06-09,status,For Refinement,In Refinement
124049,2025-06-13,status,In Refinement,In Progress
124049,2025-06-18,status,In Progress,Done
106949,2025-08-21,status,Lista de desejos,Backlog
106949,2025-08-24,status,Backlog,Triage
106949,2025-08-26,status,Triage,For Refinement
106949,2025-08-29,status,For Refinement,In Refinement
106949,2025-09-01,status,In Refinement,In Progress
106949,2025-09-03,status,In Progress,Done
106949,2025-09-06,status,Done,Canceled
119063,2025-12-20,status,Backlog,Triage
115039,2025-06-12,status,Backlog,Triage
115039,2025-06-17,status,Triage,For Refinement
115039,2025-06-22,status,For Refinement,In Refinement
115039,2025-06-27,status,In Refinement,For Technical Analysis
106037,2025-07-21,status,Lista de desejos,Backlog
106037,2025-07-24,status,Backlog,Triage
106037,2025-07-28,status,Triage,For Refinement
106037,2025-07-31,status,For Refinement,In Refinement
106037,2025-08-04,status,In Refinement,In Progress
106037,2025-08-07,status,In Progress,Done
100091,2025-08-28,status,Lista de desejos,Backlog
100091,2025-09-01,status,Backlog,Triage
100091,2025-09-05,status,Triage,For Refinement
100091,2025-09-08,status,For Refinement,In Refinement
100091,2025-09-12,status,In Refinement,In Progress
100091,2025-09-16,status,In Progress,Done
109207,2025-05-24,status,Lista de desejos,Backlog
109207,2025-05-26,status,Backlog,Triage
109207,2025-05-28,status,Triage,For Refinement
109207,2025-05-30,status,For Refinement,In Refinement
109207,2025-06-01,status,In Refinement,In Progress
109207,2025-06-03,status,In Progress,Done
118945,2025-02-04,status,Lista de desejos,Backlog
118945,2025-02-07,status,Backlog,Triage
118945,2025-02-10,status,Triage,For Refinement
118945,2025-02-13,status,For Refinement,In Refinement
118945,2025-02-16,status,In Refinement,In Progress
118945,2025-02-19,status,In Progress,Done
119315,2025-04-09,status,Backlog,Triage
119315,2025-04-25,status,Triage,For Refinement
105696,2025-08-06,status,Lista de desejos,Backlog
105696,2025-08-08,status,Backlog,Triage
105696,2025-08-10,status,Triage,For Refinement
105696,2025-08-11,status,For Refinement,In Refinement
105696,2025-08-13,status,In Refinement,In Progress
105696,2025-08-15,status,In Progress,Done
116827,2025-01-26,status,Backlog,Triage
116827,2025-01-28,status,Triage,For Refinement
116827,2025-01-30,status,For Refinement,In Refinement
116827,2025-02-02,status,In Refinement,For Technical Analysis
116827,2025-02-04,status,For Technical Analysis,In Technical Analysis
116827,2025-02-06,status,In Technical Analysis,Ready for Development
113027,2025-06-21,status,Backlog,Triage
113027,2025-06-24,status,Triage,For Refinement
113027,2025-06-27,status,For Refinement,In Refinement
113027,2025-06-29,status,In Refinement,For Technical Analysis
113027,2025-07-01,status,For Technical Analysis,In Technical Analysis
105959,2025-08-14,status,Lista de desejos,Backlog
105959,2025-08-16,status,Backlog,Triage
105959,2025-08-19,status,Triage,For Refinement
105959,2025-08-21,status,For Refinement,In Refinement
105959,2025-08-24,status,In Refinement,In Progress
105959,2025-08-27,status,In Progress,Done
105959,2025-08-29,status,Done,Canceled
112694,2025-10-24,status,Backlog,Triage
112694,2025-11-07,status,Triage,For Refinement
112694,2025-11-21,status,For Refinement,In Refinement
108105,2025-12-07,status,Backlog,Triage
108105,2025-12-11,status,Triage,For Refinement
108105,2025-12-16,status,For Refinement,In Refinement
108105,2025-12-20,status,In Refinement,For Technical Analysis
108105,2025-12-25,status,For Technical Analysis,In Technical Analysis
108105,2025-12-29,status,In Technical Analysis,Ready for Development
108105,2026-01-03,status,Ready for Development,In Development
108105,2026-01-07,status,In Development,For Release
108939,2025-08-15,status,Lista de desejos,Backlog
108939,2025-08-16,status,Backlog,Triage
108939,2025-08-18,status,Triage,For Refinement
108939,2025-08-20,status,For Refinement,In Refinement
108939,2025-08-22,status,In Refinement,In Progress
108939,2025-08-23,status,In Progress,Done
118220,2025-06-29,status,Lista de desejos,Backlog
118220,2025-07-01,status,Backlog,Triage
118220,2025-07-03,status,Triage,For Refinement
118220,2025-07-06,status,For Refinement,In Refinement
118220,2025-07-08,status,In Refinement,In Progress
118220,2025-07-10,status,In Progress,Done
122080,2025-02-27,status,Lista de desejos,Backlog
122080,2025-03-02,status,Backlog,Triage
122080,2025-03-05,status,Triage,For Refinement
122080,2025-03-09,status,For Refinement,In Refinement
122080,2025-03-13,status,In Refinement,In Progress
122080,2025-03-16,status,In Progress,Done
122080,2025-03-19,status,Done,Canceled
111896,2025-06-14,status,Backlog,Triage
111896,2025-06-16,status,Triage,For Refinement
111896,2025-06-18,status,For Refinement,In Refinement
111896,2025-06-20,status,In Refinement,For Technical Analysis
111896,2025-06-22,status,For Technical Analysis,In Technical Analysis
111896,2025-06-24,status,In Technical Analysis,Ready for Development
116305,2025-09-30,status,Backlog,Triage
116305,2025-10-07,status,Triage,For Refinement
116305,2025-10-15,status,For Refinement,In Refinement
116305,2025-10-22,status,In Refinement,For Technical Analysis
116305,2025-10-29,status,For Technical Analysis,In Technical Analysis
116305,2025-11-06,status,In Technical Analysis,Ready for Development
116305,2025-11-13,status,Ready for Development,In Development
119793,2025-07-09,status,Backlog,Triage
119793,2025-07-23,status,Triage,For Refinement
116467,2025-08-22,status,Lista de desejos,Backlog
116467,2025-08-26,status,Backlog,Triage
116467,2025-08-29,status,Triage,For Refinement
116467,2025-09-01,status,For Refinement,In Refinement
116467,2025-09-04,status,In Refinement,In Progress
116467,2025-09-08,status,In Progress,Done
100979,2025-07-04,status,Lista de desejos,Backlog
100979,2025-07-07,status,Backlog,Triage
100979,2025-07-10,status,Triage,For Refinement
100979,2025-07-12,status,For Refinement,In Refinement
100979,2025-07-15,status,In Refinement,In Progress
100979,2025-07-18,status,In Progress,Done
109367,2025-08-04,status,Backlog,Triage
109367,2025-08-13,status,Triage,For Refinement
109367,2025-08-21,status,For Refinement,In Refinement
109367,2025-08-30,status,In Refinement,For Technical Analysis
109367,2025-09-07,status,For Technical Analysis,In Technical Analysis
109367,2025-09-16,status,In Technical Analysis,Ready for Development
113293,2025-12-04,status,Lista de desejos,Backlog
113293,2025-12-08,status,Backlog,Triage
113293,2025-12-11,status,Triage,For Refinement
113293,2025-12-15,status,For Refinement,In Refinement
113293,2025-12-18,status,In Refinement,In Progress
113293,2025-12-22,status,In Progress,Done
118875,2025-05-13,status,Lista de desejos,Backlog
118875,2025-05-17,status,Backlog,Triage
118875,2025-05-21,status,Triage,For Refinement
118875,2025-05-26,status,For Refinement,In Refinement
118875,2025-05-30,status,In Refinement,In Progress
118875,2025-06-03,status,In Progress,Done
108287,2025-09-25,status,Lista de desejos,Backlog
108287,2025-09-28,status,Backlog,Triage
108287,2025-10-02,status,Triage,For Refinement
108287,2025-10-06,status,For Refinement,In Refinement
108287,2025-10-10,status,In Refinement,In Progress
108287,2025-10-13,status,In Progress,Done
106634,2025-08-07,status,Lista de desejos,Backlog
106634,2025-08-09,status,Backlog,Triage
106634,2025-08-12,status,Triage,For Refinement
106634,2025-08-15,status,For Refinement,In Refinement
106634,2025-08-18,status,In Refinement,In Progress
106634,2025-08-20,status,In Progress,Done
118158,2025-05-12,status,Backlog,Triage
118158,2025-05-18,status,Triage,For Refinement
121449,2025-02-06,status,Lista de desejos,Backlog
121449,2025-02-09,status,Backlog,Triage
121449,2025-02-11,status,Triage,For Refinement
121449,2025-02-13,status,For Refinement,In Refinement
121449,2025-02-15,status,In Refinement,In Progress
121449,2025-02-18,status,In Progress,Done
111272,2025-07-06,status,Lista de desejos,Backlog
111272,2025-07-09,status,Backlog,Triage
111272,2025-07-13,status,Triage,For Refinement
111272,2025-07-16,status,For Refinement,In Refinement
111272,2025-07-20,status,In Refinement,In Progress
111272,2025-07-23,status,In Progress,Done
103962,2025-11-01,status,Backlog,Triage
103962,2025-11-09,status,Triage,For Refinement
103962,2025-11-18,status,For Refinement,In Refinement
103962,2025-11-27,status,In Refinement,For Technical Analysis
103962,2025-12-05,status,For Technical Analysis,In Technical Analysis
102694,2025-08-10,status,Lista de desejos,Backlog
102694,2025-08-12,status,Backlog,Triage
102694,2025-08-14,status,Triage,For Refinement
102694,2025-08-15,status,For Refinement,In Refinement
102694,2025-08-17,status,In Refinement,In Progress
102694,2025-08-19,status,In Progress,Done
109299,2025-06-10,status,Backlog,Triage
109299,2025-06-14,status,Triage,For Refinement
109299,2025-06-18,status,For Refinement,In Refinement
109299,2025-06-22,status,In Refinement,For Technical Analysis
109299,2025-06-26,status,For Technical Analysis,In Technical Analysis
109299,2025-06-30,status,In Technical Analysis,Ready for Development
109299,2025-07-04,status,Ready for Development,In Development
109299,2025-07-08,status,In Development,For Release
109299,2025-07-12,status,For Release,Waiting Information
117708,2025-08-18,status,Lista de desejos,Backlog
117708,2025-08-20,status,Backlog,Triage
117708,2025-08-22,status,Triage,For Refinement
117708,2025-08-23,status,For Refinement,In Refinement
117708,2025-08-25,status,In Refinement,In Progress
117708,2025-08-27,status,In Progress,Done
115149,2025-06-09,status,Lista de desejos,Backlog
115149,2025-06-12,status,Backlog,Triage
115149,2025-06-16,status,Triage,For Refinement
115149,2025-06-20,status,For Refinement,In Refinement
115149,2025-06-24,status,In Refinement,In Progress
115149,2025-06-27,status,In Progress,Done
102469,2025-06-02,status,Lista de desejos,Backlog
102469,2025-06-04,status,Backlog,Triage
102469,2025-06-06,status,Triage,For Refinement
102469,2025-06-07,status,For Refinement,In Refinement
102469,2025-06-09,status,In Refinement,In Progress
102469,2025-06-11,status,In Progress,Done
103330,2025-06-15,status,Lista de desejos,Backlog
120226,2025-06-09,status,Lista de desejos,Backlog
120226,2025-06-11,status,Backlog,Triage
120226,2025-06-14,status,Triage,For Refinement
120226,2025-06-16,status,For Refinement,In Refinement
120226,2025-06-19,status,In Refinement,In Progress
120226,2025-06-21,status,In Progress,Done
120029,2025-11-28,status,Lista de desejos,Backlog
120029,2025-12-02,status,Backlog,Triage
120029,2025-12-05,status,Triage,For Refinement
120029,2025-12-09,status,For Refinement,In Refinement
120029,2025-12-12,status,In Refinement,In Progress
120029,2025-12-15,status,In Progress,Done
120029,2025-12-19,status,Done,Canceled
112753,2025-09-29,status,Backlog,Triage
112753,2025-10-03,status,Triage,For Refinement
112753,2025-10-07,status,For Refinement,In Refinement
112753,2025-10-11,status,In Refinement,For Technical Analysis
104155,2025-05-10,status,Lista de desejos,Backlog
104155,2025-05-13,status,Backlog,Triage
104155,2025-05-16,status,Triage,For Refinement
104155,2025-05-20,status,For Refinement,In Refinement
104155,2025-05-23,status,In Refinement,In Progress
104155,2025-05-26,status,In Progress,Done
109342,2025-08-30,status,Backlog,Triage
109342,2025-09-01,status,Triage,For Refinement
109342,2025-09-04,status,For Refinement,In Refinement
109342,2025-09-06,status,In Refinement,For Technical Analysis
109342,2025-09-09,status,For Technical Analysis,In Technical Analysis
109342,2025-09-12,status,In Technical Analysis,Ready for Development
109342,2025-09-14,status,Ready for Development,In Development
109342,2025-09-17,status,In Development,For Release
109342,2025-09-19,status,For Release,Waiting Information
112853,2025-04-30,status,Lista de desejos,Backlog
112853,2025-05-03,status,Backlog,Triage
112853,2025-05-05,status,Triage,For Refinement
112853,2025-05-08,status,For Refinement,In Refinement
112853,2025-05-10,status,In Refinement,In Progress
112853,2025-05-13,status,In Progress,Done
118764,2025-06-05,status,Lista de desejos,Backlog
118764,2025-06-06,status,Backlog,Triage
118764,2025-06-08,status,Triage,For Refinement
118764,2025-06-10,status,For Refinement,In Refinement
118764,2025-06-12,status,In Refinement,In Progress
118764,2025-06-13,status,In Progress,Done
124098,2025-06-29,status,Lista de desejos,Backlog
124098,2025-07-02,status,Backlog,Triage
124098,2025-07-05,status,Triage,For Refinement
124098,2025-07-09,status,For Refinement,In Refinement
124098,2025-07-13,status,In Refinement,In Progress
124098,2025-07-16,status,In Progress,Done
124098,2025-07-19,status,Done,Canceled
107022,2025-10-15,status,Lista de desejos,Backlog
107022,2025-10-17,status,Backlog,Triage
107022,2025-10-20,status,Triage,For Refinement
107022,2025-10-23,status,For Refinement,In Refinement
107022,2025-10-26,status,In Refinement,In Progress
107022,2025-10-28,status,In Progress,Done
104683,2025-05-19,status,Backlog,Triage
104683,2025-05-25,status,Triage,For Refinement
104683,2025-05-30,status,For Refinement,In Refinement
104683,2025-06-05,status,In Refinement,For Technical Analysis
104683,2025-06-10,status,For Technical Analysis,In Technical Analysis
104683,2025-06-15,status,In Technical Analysis,Ready for Development
104683,2025-06-21,status,Ready for Development,In Development
121865,2025-06-01,status,Lista de desejos,Backlog
121865,2025-06-02,status,Backlog,Triage
121865,2025-06-04,status,Triage,For Refinement
121865,2025-06-06,status,For Refinement,In Refinement
121865,2025-06-08,status,In Refinement,In Progress
121865,2025-06-09,status,In Progress,Done
102271,2025-07-15,status,Lista de desejos,Backlog
102271,2025-07-17,status,Backlog,Triage
102271,2025-07-19,status,Triage,For Refinement
102271,2025-07-21,status,For Refinement,In Refinement
102271,2025-07-23,status,In Refinement,In Progress
102271,2025-07-25,status,In Progress,Done
110080,2025-05-05,status,Lista de desejos,Backlog
110080,2025-05-08,status,Backlog,Triage
110080,2025-05-12,status,Triage,For Refinement
110080,2025-05-16,status,For Refinement,In Refinement
110080,2025-05-20,status,In Refinement,In Progress
110080,2025-05-23,status,In Progress,Done
120954,2025-10-09,status,Lista de desejos,Backlog
120954,2025-10-11,status,Backlog,Triage
120954,2025-10-14,status,Triage,For Refinement
120954,2025-10-17,status,For Refinement,In Refinement
120954,2025-10-20,status,In Refinement,In Progress
120954,2025-10-22,status,In Progress,Done
121082,2025-12-17,status,Backlog,Triage
121082,2025-12-23,status,Triage,For Refinement
121082,2025-12-29,status,For Refinement,In Refinement
121082,2026-01-04,status,In Refinement,For Technical Analysis
121082,2026-01-10,status,For Technical Analysis,In Technical Analysis
121082,2026-01-16,status,In Technical Analysis,Ready for Development
121082,2026-01-22,status,Ready for Development,In Development
106390,2025-01-25,status,Lista de desejos,Backlog
106390,2025-01-29,status,Backlog,Triage
106390,2025-02-02,status,Triage,For Refinement
106390,2025-02-07,status,For Refinement,In Refinement
106390,2025-02-11,status,In Refinement,In Progress
106390,2025-02-15,status,In Progress,Done
107406,2025-03-13,status,Backlog,Triage
107406,2025-03-21,status,Triage,For Refinement
107406,2025-03-28,status,For Refinement,In Refinement
107406,2025-04-05,status,In Refinement,For Technical Analysis
110597,2025-05-21,status,Lista de desejos,Backlog
110597,2025-05-28,status,Backlog,Triage
122610,2025-10-26,status,Lista de desejos,Backlog
122610,2025-10-29,status,Backlog,Triage
122610,2025-11-02,status,Triage,For Refinement
122610,2025-11-06,status,For Refinement,In Refinement
122610,2025-11-10,status,In Refinement,In Progress
122610,2025-11-13,status,In Progress,Done
110625,2025-06-09,status,Backlog,Triage
110625,2025-06-16,status,Triage,For Refinement
110625,2025-06-22,status,For Refinement,In Refinement
110625,2025-06-28,status,In Refinement,For Technical Analysis
110625,2025-07-04,status,For Technical Analysis,In Technical Analysis
110625,2025-07-11,status,In Technical Analysis,Ready for Development
106903,2025-06-27,status,Lista de desejos,Backlog
106903,2025-06-30,status,Backlog,Triage
106903,2025-07-03,status,Triage,For Refinement
106903,2025-07-06,status,For Refinement,In Refinement
106903,2025-07-09,status,In Refinement,In Progress
106903,2025-07-12,status,In Progress,Done
116483,2025-12-23,status,Lista de desejos,Backlog
116483,2025-12-27,status,Backlog,Triage
116483,2025-12-30,status,Triage,For Refinement
116483,2026-01-03,status,For Refinement,In Refinement
116483,2026-01-06,status,In Refinement,In Progress
116483,2026-01-09,status,In Progress,Done
116483,2026-01-13,status,Done,Canceled
124711,2025-07-28,status,Lista de desejos,Backlog
124711,2025-07-31,status,Backlog,Triage
124711,2025-08-04,status,Triage,For Refinement
124711,2025-08-08,status,For Refinement,In Refinement
124711,2025-08-12,status,In Refinement,In Progress
124711,2025-08-15,status,In Progress,Done
107201,2025-04-23,status,Lista de desejos,Backlog
107201,2025-04-27,status,Backlog,Triage
107201,2025-05-01,status,Triage,For Refinement
107201,2025-05-06,status,For Refinement,In Refinement
107201,2025-05-10,status,In Refinement,In Progress
107201,2025-05-14,status,In Progress,Done
106491,2025-07-16,status,Lista de desejos,Backlog
106491,2025-07-18,status,Backlog,Triage
106491,2025-07-20,status,Triage,For Refinement
106491,2025-07-21,status,For Refinement,In Refinement
106491,2025-07-23,status,In Refinement,In Progress
106491,2025-07-25,status,In Progress,Done
104708,2025-02-15,status,Backlog,Triage
104708,2025-02-21,status,Triage,For Refinement
104708,2025-02-28,status,For Refinement,In Refinement
104708,2025-03-06,status,In Refinement,For Technical Analysis
104708,2025-03-12,status,For Technical Analysis,In Technical Analysis
104708,2025-03-18,status,In Technical Analysis,Ready for Development
104708,2025-03-25,status,Ready for Development,In Development
104708,2025-03-31,status,In Development,For Release
118376,2025-06-19,status,Lista de desejos,Backlog
118376,2025-06-23,status,Backlog,Triage
118376,2025-06-26,status,Triage,For Refinement
118376,2025-06-29,status,For Refinement,In Refinement
118376,2025-07-02,status,In Refinement,In Progress
118376,2025-07-06,status,In Progress,Done
119687,2025-06-10,status,Lista de desejos,Backlog
119687,2025-06-14,status,Backlog,Triage
119687,2025-06-17,status,Triage,For Refinement
119687,2025-06-20,status,For Refinement,In Refinement
119687,2025-06-23,status,In Refinement,In Progress
119687,2025-06-27,status,In Progress,Done
124850,2025-05-23,status,Lista de desejos,Backlog
124850,2025-05-26,status,Backlog,Triage
124850,2025-05-29,status,Triage,For Refinement
124850,2025-06-01,status,For Refinement,In Refinement
124850,2025-06-04,status,In Refinement,In Progress
124850,2025-06-07,status,In Progress,Done
102592,2025-04-03,status,Backlog,Triage
115910,2025-12-16,status,Backlog,Triage
115910,2025-12-24,status,Triage,For Refinement
114156,2025-06-15,status,Lista de desejos,Backlog
114156,2025-06-18,status,Backlog,Triage
114156,2025-06-20,status,Triage,For Refinement
114156,2025-06-22,status,For Refinement,In Refinement
114156,2025-06-24,status,In Refinement,In Progress
114156,2025-06-27,status,In Progress,Done
124545,2025-04-14,status,Backlog,Triage
124545,2025-04-17,status,Triage,For Refinement
124545,2025-04-20,status,For Refinement,In Refinement
124545,2025-04-23,status,In Refinement,For Technical Analysis
124545,2025-04-25,status,For Technical Analysis,In Technical Analysis
124545,2025-04-28,status,In Technical Analysis,Ready for Development
124545,2025-05-01,status,Ready for Development,In Development
124545,2025-05-04,status,In Development,For Release
124545,2025-05-07,status,For Release,Waiting Information
122398,2025-05-26,status,Lista de desejos,Backlog
122398,2025-05-30,status,Backlog,Triage
122398,2025-06-02,status,Triage,For Refinement
122398,2025-06-06,status,For Refinement,In Refinement
122398,2025-06-09,status,In Refinement,In Progress
122398,2025-06-12,status,In Progress,Done
122398,2025-06-16,status,Done,Canceled
102511,2025-07-13,status,Lista de desejos,Backlog
102511,2025-07-16,status,Backlog,Triage
102511,2025-07-20,status,Triage,For Refinement
102511,2025-07-23,status,For Refinement,In Refinement
102511,2025-07-27,status,In Refinement,In Progress
102511,2025-07-31,status,In Progress,Done
102511,2025-08-03,status,Done,Canceled
102581,2025-07-21,status,Lista de desejos,Backlog
102581,2025-07-25,status,Backlog,Triage
102581,2025-07-28,status,Triage,For Refinement
102581,2025-07-31,status,For Refinement,In Refinement
102581,2025-08-03,status,In Refinement,In Progress
102581,2025-08-07,status,In Progress,Done
102818,2025-02-20,status,Lista de desejos,Backlog
102818,2025-02-24,status,Backlog,Triage
102818,2025-02-27,status,Triage,For Refinement
102818,2025-03-03,status,For Refinement,In Refinement
102818,2025-03-06,status,In Refinement,In Progress
102818,2025-03-10,status,In Progress,Done
121269,2025-08-02,status,Backlog,Triage
121269,2025-08-13,status,Triage,For Refinement
109352,2025-08-06,status,Backlog,Triage
109352,2025-08-11,status,Triage,For Refinement
109352,2025-08-17,status,For Refinement,In Refinement
109352,2025-08-22,status,In Refinement,For Technical Analysis
109352,2025-08-27,status,For Technical Analysis,In Technical Analysis
109352,2025-09-01,status,In Technical Analysis,Ready for Development
109352,2025-09-06,status,Ready for Development,In Development
109352,2025-09-12,status,In Development,For Release
109352,2025-09-17,status,For Release,Waiting Information
120764,2025-08-23,status,Lista de desejos,Backlog
120764,2025-08-25,status,Backlog,Triage
120764,2025-08-27,status,Triage,For Refinement
120764,2025-08-29,status,For Refinement,In Refinement
120764,2025-08-31,status,In Refinement,In Progress
120764,2025-09-02,status,In Progress,Done
104897,2025-07-05,status,Lista de desejos,Backlog
104897,2025-07-09,status,Backlog,Triage
104897,2025-07-13,status,Triage,For Refinement
104897,2025-07-18,status,For Refinement,In Refinement
104897,2025-07-22,status,In Refinement,In Progress
104897,2025-07-26,status,In Progress,Done
101869,2025-07-07,status,Lista de desejos,Backlog
101869,2025-07-10,status,Backlog,Triage
101869,2025-07-14,status,Triage,For Refinement
101869,2025-07-17,status,For Refinement,In Refinement
101869,2025-07-21,status,In Refinement,In Progress
101869,2025-07-24,status,In Progress,Done
103803,2025-03-09,status,Lista de desejos,Backlog
103803,2025-03-11,status,Backlog,Triage
103803,2025-03-13,status,Triage,For Refinement
103803,2025-03-16,status,For Refinement,In Refinement
103803,2025-03-18,status,In Refinement,In Progress
103803,2025-03-20,status,In Progress,Done
123623,2025-06-07,status,Backlog,Triage
123623,2025-06-17,status,Triage,For Refinement
123623,2025-06-28,status,For Refinement,In Refinement
123623,2025-07-08,status,In Refinement,For Technical Analysis
101056,2025-04-01,status,Backlog,Triage
101056,2025-04-09,status,Triage,For Refinement
101056,2025-04-18,status,For Refinement,In Refinement
109832,2025-07-18,status,Lista de desejos,Backlog
109832,2025-07-20,status,Backlog,Triage
109832,2025-07-23,status,Triage,For Refinement
109832,2025-07-26,status,For Refinement,In Refinement
109832,2025-07-29,status,In Refinement,In Progress
109832,2025-07-31,status,In Progress,Done
107424,2025-11-20,status,Backlog,Triage
107424,2025-11-29,status,Triage,For Refinement
107424,2025-12-08,status,For Refinement,In Refinement
112945,2025-01-26,status,Lista de desejos,Backlog
112945,2025-01-28,status,Backlog,Triage
112945,2025-01-30,status,Triage,For Refinement
112945,2025-01-31,status,For Refinement,In Refinement
112945,2025-02-02,status,In Refinement,In Progress
112945,2025-02-04,status,In Progress,Done
121144,2025-04-18,status,Lista de desejos,Backlog
121144,2025-04-20,status,Backlog,Triage
121144,2025-04-22,status,Triage,For Refinement
121144,2025-04-24,status,For Refinement,In Refinement
121144,2025-04-26,status,In Refinement,In Progress
121144,2025-04-28,status,In Progress,Done
114692,2025-10-18,status,Backlog,Triage
114278,2025-11-08,status,Lista de desejos,Backlog
114278,2025-11-13,status,Backlog,Triage
114278,2025-11-17,status,Triage,For Refinement
114278,2025-11-21,status,For Refinement,In Refinement
114278,2025-11-25,status,In Refinement,In Progress
114278,2025-11-30,status,In Progress,Done
116172,2025-08-01,status,Lista de desejos,Backlog
116172,2025-08-05,status,Backlog,Triage
116172,2025-08-08,status,Triage,For Refinement
116172,2025-08-11,status,For Refinement,In Refinement
116172,2025-08-14,status,In Refinement,In Progress
116172,2025-08-18,status,In Progress,Done
112105,2025-06-29,status,Backlog,Triage
112105,2025-07-03,status,Triage,For Refinement
112105,2025-07-06,status,For Refinement,In Refinement
112105,2025-07-10,status,In Refinement,For Technical Analysis
112105,2025-07-14,status,For Technical Analysis,In Technical Analysis
112105,2025-07-18,status,In Technical Analysis,Ready for Development
112105,2025-07-22,status,Ready for Development,In Development
112105,2025-07-25,status,In Development,For Release
112105,2025-07-29,status,For Release,Waiting Information
119258,2025-08-07,status,Backlog,Triage
119258,2025-08-09,status,Triage,For Refinement
119258,2025-08-11,status,For Refinement,In Refinement
119258,2025-08-13,status,In Refinement,For Technical Analysis
119258,2025-08-16,status,For Technical Analysis,In Technical Analysis
119258,2025-08-18,status,In Technical Analysis,Ready for Development
119258,2025-08-20,status,Ready for Development,In Development
121336,2025-03-19,status,Lista de desejos,Backlog
121336,2025-03-21,status,Backlog,Triage
121336,2025-03-23,status,Triage,For Refinement
121336,2025-03-25,status,For Refinement,In Refinement
121336,2025-03-27,status,In Refinement,In Progress
121336,2025-03-29,status,In Progress,Done
116188,2025-01-23,status,Lista de desejos,Backlog
116188,2025-01-26,status,Backlog,Triage
116188,2025-01-29,status,Triage,For Refinement
116188,2025-01-31,status,For Refinement,In Refinement
116188,2025-02-03,status,In Refinement,In Progress
116188,2025-02-06,status,In Progress,Done
104835,2025-05-12,status,Backlog,Triage
104835,2025-05-15,status,Triage,For Refinement
104835,2025-05-17,status,For Refinement,In Refinement
104835,2025-05-19,status,In Refinement,For Technical Analysis
104835,2025-05-21,status,For Technical Analysis,In Technical Analysis
104835,2025-05-24,status,In Technical Analysis,Ready for Development
104835,2025-05-26,status,Ready for Development,In Development
104835,2025-05-28,status,In Development,For Release
104835,2025-05-30,status,For Release,Waiting Information
104835,2025-06-02,status,Waiting Information,Information Sent
121446,2025-09-23,status,Backlog,Triage
121446,2025-09-29,status,Triage,For Refinement
121446,2025-10-05,status,For Refinement,In Refinement
116034,2025-04-24,status,Lista de desejos,Backlog
116034,2025-04-26,status,Backlog,Triage
116034,2025-04-28,status,Triage,For Refinement
116034,2025-04-29,status,For Refinement,In Refinement
116034,2025-05-01,status,In Refinement,In Progress
116034,2025-05-03,status,In Progress,Done
101528,2025-12-29,status,Backlog,Triage
101528,2026-01-01,status,Triage,For Refinement
101528,2026-01-03,status,For Refinement,In Refinement
101528,2026-01-06,status,In Refinement,For Technical Analysis
107373,2025-01-10,status,Backlog,Triage
107373,2025-01-14,status,Triage,For Refinement
107373,2025-01-18,status,For Refinement,In Refinement
107373,2025-01-22,status,In Refinement,For Technical Analysis
107373,2025-01-25,status,For Technical Analysis,In Technical Analysis
107373,2025-01-29,status,In Technical Analysis,Ready for Development
107373,2025-02-02,status,Ready for Development,In Development
116901,2025-03-28,status,Backlog,Triage
116901,2025-03-31,status,Triage,For Refinement
118231,2025-07-30,status,Lista de desejos,Backlog
118231,2025-08-01,status,Backlog,Triage
118231,2025-08-03,status,Triage,For Refinement
118231,2025-08-04,status,For Refinement,In Refinement
118231,2025-08-06,status,In Refinement,In Progress
118231,2025-08-08,status,In Progress,Done
124823,2025-10-16,status,Lista de desejos,Backlog
124823,2025-10-19,status,Backlog,Triage
124823,2025-10-22,status,Triage,For Refinement
124823,2025-10-25,status,For Refinement,In Refinement
124823,2025-10-28,status,In Refinement,In Progress
124823,2025-10-31,status,In Progress,Done
119871,2025-10-09,status,Lista de desejos,Backlog
119871,2025-10-13,status,Backlog,Triage
119871,2025-10-17,status,Triage,For Refinement
119871,2025-10-20,status,For Refinement,In Refinement
119871,2025-10-24,status,In Refinement,In Progress
119871,2025-10-28,status,In Progress,Done
121009,2025-05-17,status,Lista de desejos,Backlog
121009,2025-05-19,status,Backlog,Triage
121009,2025-05-21,status,Triage,For Refinement
121009,2025-05-23,status,For Refinement,In Refinement
121009,2025-05-25,status,In Refinement,In Progress
121009,2025-05-27,status,In Progress,Done
114963,2025-07-25,status,Lista de desejos,Backlog
114963,2025-07-28,status,Backlog,Triage
114963,2025-07-30,status,Triage,For Refinement
114963,2025-08-02,status,For Refinement,In Refinement
114963,2025-08-05,status,In Refinement,In Progress
114963,2025-08-07,status,In Progress,Done
114963,2025-08-10,status,Done,Canceled
116828,2025-08-09,status,Lista de desejos,Backlog
116828,2025-08-11,status,Backlog,Triage
116828,2025-08-13,status,Triage,For Refinement
116828,2025-08-16,status,For Refinement,In Refinement
116828,2025-08-18,status,In Refinement,In Progress
116828,2025-08-20,status,In Progress,Done
123730,2025-02-02,status,Backlog,Triage
123730,2025-02-11,status,Triage,For Refinement
123730,2025-02-20,status,For Refinement,In Refinement
123730,2025-03-01,status,In Refinement,For Technical Analysis
124102,2025-05-08,status,Backlog,Triage
124102,2025-05-11,status,Triage,For Refinement
124102,2025-05-13,status,For Refinement,In Refinement
124102,2025-05-16,status,In Refinement,For Technical Analysis
124102,2025-05-18,status,For Technical Analysis,In Technical Analysis
124102,2025-05-20,status,In Technical Analysis,Ready for Development
124102,2025-05-23,status,Ready for Development,In Development
124102,2025-05-25,status,In Development,For Release
124102,2025-05-28,status,For Release,Waiting Information
107800,2025-08-29,status,Backlog,Triage
107800,2025-09-10,status,Triage,For Refinement
107800,2025-09-21,status,For Refinement,In Refinement
106460,2025-03-14,status,Lista de desejos,Backlog
106460,2025-03-16,status,Backlog,Triage
106460,2025-03-18,status,Triage,For Refinement
106460,2025-03-20,status,For Refinement,In Refinement
106460,2025-03-22,status,In Refinement,In Progress
106460,2025-03-24,status,In Progress,Done
103027,2025-09-27,status,Lista de desejos,Backlog
103027,2025-09-29,status,Backlog,Triage
103027,2025-10-01,status,Triage,For Refinement
103027,2025-10-04,status,For Refinement,In Refinement
103027,2025-10-06,status,In Refinement,In Progress
103027,2025-10-08,status,In Progress,Done
121368,2025-01-15,status,Backlog,Triage
121368,2025-01-20,status,Triage,For Refinement
121368,2025-01-24,status,For Refinement,In Refinement
121368,2025-01-29,status,In Refinement,For Technical Analysis
108054,2025-04-18,status,Backlog,Triage
108054,2025-04-19,status,Triage,For Refinement
108054,2025-04-21,status,For Refinement,In Refinement
108054,2025-04-23,status,In Refinement,For Technical Analysis
108054,2025-04-24,status,For Technical Analysis,In Technical Analysis
111316,2025-10-25,status,Lista de desejos,Backlog
111316,2025-10-28,status,Backlog,Triage
111316,2025-11-01,status,Triage,For Refinement
111316,2025-11-05,status,For Refinement,In Refinement
111316,2025-11-09,status,In Refinement,In Progress
111316,2025-11-12,status,In Progress,Done
113130,2025-02-05,status,Lista de desejos,Backlog
113130,2025-02-06,status,Backlog,Triage
113130,2025-02-08,status,Triage,For Refinement
113130,2025-02-10,status,For Refinement,In Refinement
113130,2025-02-12,status,In Refinement,In Progress
113130,2025-02-13,status,In Progress,Done
103889,2025-07-10,status,Backlog,Triage
103889,2025-07-14,status,Triage,For Refinement
119496,2025-12-30,status,Lista de desejos,Backlog
119496,2026-01-02,status,Backlog,Triage
119496,2026-01-06,status,Triage,For Refinement
119496,2026-01-10,status,For Refinement,In Refinement
119496,2026-01-14,status,In Refinement,In Progress
119496,2026-01-17,status,In Progress,Done
113551,2025-10-26,status,Lista de desejos,Backlog
113551,2025-10-28,status,Backlog,Triage
113551,2025-10-31,status,Triage,For Refinement
113551,2025-11-02,status,For Refinement,In Refinement
113551,2025-11-05,status,In Refinement,In Progress
113551,2025-11-07,status,In Progress,Done
106481,2025-10-08,status,Lista de desejos,Backlog
106481,2025-10-11,status,Backlog,Triage
106481,2025-10-14,status,Triage,For Refinement
106481,2025-10-18,status,For Refinement,In Refinement
106481,2025-10-21,status,In Refinement,In Progress
106481,2025-10-24,status,In Progress,Done
116275,2025-04-04,status,Backlog,Triage
116275,2025-04-10,status,Triage,For Refinement
116275,2025-04-16,status,For Refinement,In Refinement
116275,2025-04-22,status,In Refinement,For Technical Analysis
116275,2025-04-29,status,For Technical Analysis,In Technical Analysis
116275,2025-05-05,status,In Technical Analysis,Ready for Development
116275,2025-05-11,status,Ready for Development,In Development
116275,2025-05-17,status,In Development,For Release
109797,2025-01-29,status,Lista de desejos,Backlog
109797,2025-02-14,status,Backlog,Triage
118724,2025-07-09,status,Lista de desejos,Backlog
118724,2025-07-14,status,Backlog,Triage
118724,2025-07-18,status,Triage,For Refinement
118724,2025-07-22,status,For Refinement,In Refinement
118724,2025-07-26,status,In Refinement,In Progress
118724,2025-07-31,status,In Progress,Done
111116,2025-11-19,status,Lista de desejos,Backlog
111116,2025-11-23,status,Backlog,Triage
111116,2025-11-26,status,Triage,For Refinement
111116,2025-11-30,status,For Refinement,In Refinement
111116,2025-12-03,status,In Refinement,In Progress
111116,2025-12-07,status,In Progress,Done
117431,2025-03-05,status,Lista de desejos,Backlog
117431,2025-03-10,status,Backlog,Triage
117431,2025-03-14,status,Triage,For Refinement
117431,2025-03-18,status,For Refinement,In Refinement
117431,2025-03-22,status,In Refinement,In Progress
117431,2025-03-27,status,In Progress,Done
100471,2025-05-06,status,Lista de desejos,Backlog
100471,2025-05-08,status,Backlog,Triage
100471,2025-05-11,status,Triage,For Refinement
100471,2025-05-13,status,For Refinement,In Refinement
100471,2025-05-16,status,In Refinement,In Progress
100471,2025-05-18,status,In Progress,Done
101434,2025-09-01,status,Lista de desejos,Backlog
101434,2025-09-05,status,Backlog,Triage
101434,2025-09-08,status,Triage,For Refinement
101434,2025-09-12,status,For Refinement,In Refinement
101434,2025-09-15,status,In Refinement,In Progress
101434,2025-09-19,status,In Progress,Done
124403,2025-05-24,status,Lista de desejos,Backlog
124403,2025-05-27,status,Backlog,Triage
124403,2025-05-30,status,Triage,For Refinement
124403,2025-06-03,status,For Refinement,In Refinement
124403,2025-06-06,status,In Refinement,In Progress
124403,2025-06-09,status,In Progress,Done
101382,2025-10-05,status,Backlog,Triage
101382,2025-10-06,status,Triage,For Refinement
101382,2025-10-08,status,For Refinement,In Refinement
101382,2025-10-09,status,In Refinement,For Technical Analysis
101382,2025-10-11,status,For Technical Analysis,In Technical Analysis
101382,2025-10-13,status,In Technical Analysis,Ready for Development
101382,2025-10-14,status,Ready for Development,In Development
112401,2025-05-04,status,Lista de desejos,Backlog
112401,2025-05-08,status,Backlog,Triage
112401,2025-05-11,status,Triage,For Refinement
112401,2025-05-14,status,For Refinement,In Refinement
112401,2025-05-17,status,In Refinement,In Progress
112401,2025-05-21,status,In Progress,Done
115826,2025-08-24,status,Lista de desejos,Backlog
115826,2025-08-28,status,Backlog,Triage
115826,2025-09-01,status,Triage,For Refinement
115826,2025-09-05,status,For Refinement,In Refinement
115826,2025-09-09,status,In Refinement,In Progress
115826,2025-09-13,status,In Progress,Done
109432,2025-11-22,status,Lista de desejos,Backlog
109432,2025-11-26,status,Backlog,Triage
109432,2025-11-29,status,Triage,For Refinement
109432,2025-12-02,status,For Refinement,In Refinement
109432,2025-12-05,status,In Refinement,In Progress
109432,2025-12-09,status,In Progress,Done
108225,2025-10-22,status,Lista de desejos,Backlog
108225,2025-10-24,status,Backlog,Triage
108225,2025-10-25,status,Triage,For Refinement
108225,2025-10-27,status,For Refinement,In Refinement
108225,2025-10-28,status,In Refinement,In Progress
108225,2025-10-30,status,In Progress,Done
110895,2025-07-07,status,Backlog,Triage
110895,2025-07-10,status,Triage,For Refinement
110895,2025-07-13,status,For Refinement,In Refinement
110895,2025-07-16,status,In Refinement,For Technical Analysis
110895,2025-07-19,status,For Technical Analysis,In Technical Analysis
110895,2025-07-22,status,In Technical Analysis,Ready for Development
110895,2025-07-25,status,Ready for Development,In Development
103511,2025-04-12,status,Backlog,Triage
103511,2025-04-13,status,Triage,For Refinement
103511,2025-04-15,status,For Refinement,In Refinement
103511,2025-04-16,status,In Refinement,For Technical Analysis
103511,2025-04-18,status,For Technical Analysis,In Technical Analysis
103511,2025-04-19,status,In Technical Analysis,Ready for Development
103511,2025-04-21,status,Ready for Development,In Development
103511,2025-04-22,status,In Development,For Release
100470,2025-06-27,status,Backlog,Triage
100470,2025-06-30,status,Triage,For Refinement
100470,2025-07-03,status,For Refinement,In Refinement
123574,2025-09-28,status,Backlog,Triage
123574,2025-10-09,status,Triage,For Refinement
106636,2025-06-11,status,Lista de desejos,Backlog
106636,2025-06-13,status,Backlog,Triage
106636,2025-06-14,status,Triage,For Refinement
106636,2025-06-16,status,For Refinement,In Refinement
106636,2025-06-17,status,In Refinement,In Progress
106636,2025-06-18,status,In Progress,Done
106636,2025-06-20,status,Done,Canceled
106763,2025-06-25,status,Lista de desejos,Backlog
106763,2025-06-27,status,Backlog,Triage
106763,2025-06-30,status,Triage,For Refinement
106763,2025-07-03,status,For Refinement,In Refinement
106763,2025-07-06,status,In Refinement,In Progress
106763,2025-07-08,status,In Progress,Done
103497,2025-08-21,status,Lista de desejos,Backlog
103497,2025-08-23,status,Backlog,Triage
103497,2025-08-24,status,Triage,For Refinement
103497,2025-08-26,status,For Refinement,In Refinement
103497,2025-08-27,status,In Refinement,In Progress
103497,2025-08-29,status,In Progress,Done
120497,2025-04-23,status,Lista de desejos,Backlog
120497,2025-04-27,status,Backlog,Triage
120497,2025-04-30,status,Triage,For Refinement
120497,2025-05-04,status,For Refinement,In Refinement
120497,2025-05-07,status,In Refinement,In Progress
120497,2025-05-11,status,In Progress,Done
113063,2025-08-13,status,Lista de desejos,Backlog
113063,2025-08-17,status,Backlog,Triage
113063,2025-08-21,status,Triage,For Refinement
113063,2025-08-24,status,For Refinement,In Refinement
113063,2025-08-28,status,In Refinement,In Progress
113063,2025-09-01,status,In Progress,Done
111525,2025-01-31,status,Lista de desejos,Backlog
111525,2025-02-03,status,Backlog,Triage
111525,2025-02-05,status,Triage,For Refinement
111525,2025-02-08,status,For Refinement,In Refinement
111525,2025-02-10,status,In Refinement,In Progress
111525,2025-02-13,status,In Progress,Done
116724,2025-10-08,status,Backlog,Triage
116724,2025-10-12,status,Triage,For Refinement
122447,2025-08-04,status,Backlog,Triage
122447,2025-08-10,status,Triage,For Refinement
122447,2025-08-16,status,For Refinement,In Refinement
122447,2025-08-22,status,In Refinement,For Technical Analysis
122447,2025-08-28,status,For Technical Analysis,In Technical Analysis
122447,2025-09-03,status,In Technical Analysis,Ready for Development
119167,2025-07-03,status,Lista de desejos,Backlog
119167,2025-07-06,status,Backlog,Triage
119167,2025-07-10,status,Triage,For Refinement
119167,2025-07-14,status,For Refinement,In Refinement
119167,2025-07-18,status,In Refinement,In Progress
119167,2025-07-21,status,In Progress,Done
116429,2025-07-23,status,Backlog,Triage
116429,2025-07-27,status,Triage,For Refinement
116429,2025-07-31,status,For Refinement,In Refinement
116429,2025-08-05,status,In Refinement,For Technical Analysis
116429,2025-08-09,status,For Technical Analysis,In Technical Analysis
106120,2025-01-31,status,Lista de desejos,Backlog
106120,2025-02-02,status,Backlog,Triage
106120,2025-02-04,status,Triage,For Refinement
106120,2025-02-05,status,For Refinement,In Refinement
106120,2025-02-07,status,In Refinement,In Progress
106120,2025-02-09,status,In Progress,Done
117344,2025-11-21,status,Lista de desejos,Backlog
117344,2025-11-24,status,Backlog,Triage
117344,2025-11-26,status,Triage,For Refinement
117344,2025-11-28,status,For Refinement,In Refinement
117344,2025-11-30,status,In Refinement,In Progress
117344,2025-12-03,status,In Progress,Done
107781,2025-07-26,status,Backlog,Triage
107781,2025-08-01,status,Triage,For Refinement
107781,2025-08-06,status,For Refinement,In Refinement
107781,2025-08-12,status,In Refinement,For Technical Analysis
120302,2025-09-11,status,Backlog,Triage
120302,2025-09-22,status,Triage,For Refinement
120302,2025-10-02,status,For Refinement,In Refinement
120302,2025-10-13,status,In Refinement,For Technical Analysis
124473,2025-08-25,status,Backlog,Triage
124473,2025-09-01,status,Triage,For Refinement
124473,2025-09-07,status,For Refinement,In Refinement
124473,2025-09-13,status,In Refinement,For Technical Analysis
124473,2025-09-19,status,For Technical Analysis,In Technical Analysis
124473,2025-09-26,status,In Technical Analysis,Ready for Development
114480,2025-07-23,status,Lista de desejos,Backlog
114480,2025-07-28,status,Backlog,Triage
114480,2025-08-01,status,Triage,For Refinement
114480,2025-08-05,status,For Refinement,In Refinement
114480,2025-08-09,status,In Refinement,In Progress
114480,2025-08-14,status,In Progress,Done
121936,2025-09-04,status,Lista de desejos,Backlog
121936,2025-09-08,status,Backlog,Triage
121936,2025-09-11,status,Triage,For Refinement
121936,2025-09-15,status,For Refinement,In Refinement
121936,2025-09-18,status,In Refinement,In Progress
121936,2025-09-22,status,In Progress,Done
120495,2025-05-31,status,Lista de desejos,Backlog
120495,2025-06-02,status,Backlog,Triage
120495,2025-06-04,status,Triage,For Refinement
120495,2025-06-05,status,For Refinement,In Refinement
120495,2025-06-07,status,In Refinement,In Progress
120495,2025-06-09,status,In Progress,Done
121019,2025-03-21,status,Lista de desejos,Backlog
121019,2025-03-26,status,Backlog,Triage
121019,2025-03-30,status,Triage,For Refinement
121019,2025-04-03,status,For Refinement,In Refinement
121019,2025-04-07,status,In Refinement,In Progress
121019,2025-04-12,status,In Progress,Done
104604,2025-06-18,status,Backlog,Triage
104604,2025-06-21,status,Triage,For Refinement
104604,2025-06-25,status,For Refinement,In Refinement
104604,2025-06-28,status,In Refinement,For Technical Analysis
111459,2025-05-03,status,Lista de desejos,Backlog
111459,2025-05-05,status,Backlog,Triage
111459,2025-05-07,status,Triage,For Refinement
111459,2025-05-09,status,For Refinement,In Refinement
111459,2025-05-11,status,In Refinement,In Progress
111459,2025-05-13,status,In Progress,Done
114999,2025-09-17,status,Backlog,Triage
114999,2025-09-28,status,Triage,For Refinement
114999,2025-10-10,status,For Refinement,In Refinement
114999,2025-10-21,status,In Refinement,For Technical Analysis
120885,2025-09-28,status,Lista de desejos,Backlog
120885,2025-10-01,status,Backlog,Triage
120885,2025-10-04,status,Triage,For Refinement
120885,2025-10-08,status,For Refinement,In Refinement
120885,2025-10-11,status,In Refinement,In Progress
120885,2025-10-14,status,In Progress,Done
107616,2025-05-06,status,Lista de desejos,Backlog
107616,2025-05-08,status,Backlog,Triage
107616,2025-05-10,status,Triage,For Refinement
107616,2025-05-13,status,For Refinement,In Refinement
107616,2025-05-15,status,In Refinement,In Progress
107616,2025-05-17,status,In Progress,Done
121763,2025-06-29,status,Lista de desejos,Backlog
121763,2025-07-02,status,Backlog,Triage
121763,2025-07-05,status,Triage,For Refinement
121763,2025-07-08,status,For Refinement,In Refinement
121763,2025-07-11,status,In Refinement,In Progress
121763,2025-07-14,status,In Progress,Done
106559,2025-05-29,status,Lista de desejos,Backlog
106559,2025-06-01,status,Backlog,Triage
106559,2025-06-05,status,Triage,For Refinement
106559,2025-06-09,status,For Refinement,In Refinement
106559,2025-06-13,status,In Refinement,In Progress
106559,2025-06-16,status,In Progress,Done
120612,2025-03-30,status,Lista de desejos,Backlog
120612,2025-04-01,status,Backlog,Triage
120612,2025-04-04,status,Triage,For Refinement
120612,2025-04-07,status,For Refinement,In Refinement
120612,2025-04-10,status,In Refinement,In Progress
120612,2025-04-12,status,In Progress,Done
118497,2025-07-30,status,Lista de desejos,Backlog
118497,2025-08-01,status,Backlog,Triage
118497,2025-08-04,status,Triage,For Refinement
118497,2025-08-06,status,For Refinement,In Refinement
118497,2025-08-08,status,In Refinement,In Progress
118497,2025-08-11,status,In Progress,Done
118497,2025-08-13,status,Done,Canceled
104028,2025-10-05,status,Backlog,Triage
104028,2025-10-11,status,Triage,For Refinement
104028,2025-10-18,status,For Refinement,In Refinement
104028,2025-10-24,status,In Refinement,For Technical Analysis
104028,2025-10-31,status,For Technical Analysis,In Technical Analysis
104028,2025-11-06,status,In Technical Analysis,Ready for Development
110299,2025-06-23,status,Lista de desejos,Backlog
110299,2025-06-26,status,Backlog,Triage
110299,2025-06-28,status,Triage,For Refinement
110299,2025-06-30,status,For Refinement,In Refinement
110299,2025-07-02,status,In Refinement,In Progress
110299,2025-07-05,status,In Progress,Done
120806,2025-06-18,status,Lista de desejos,Backlog
120806,2025-06-21,status,Backlog,Triage
120806,2025-06-24,status,Triage,For Refinement
120806,2025-06-28,status,For Refinement,In Refinement
120806,2025-07-01,status,In Refinement,In Progress
120806,2025-07-04,status,In Progress,Done
121464,2025-09-25,status,Lista de desejos,Backlog
121464,2025-09-27,status,Backlog,Triage
121464,2025-09-29,status,Triage,For Refinement
121464,2025-10-02,status,For Refinement,In Refinement
121464,2025-10-04,status,In Refinement,In Progress
121464,2025-10-06,status,In Progress,Done
110353,2025-12-07,status,Backlog,Triage
110353,2025-12-11,status,Triage,For Refinement
110353,2025-12-15,status,For Refinement,In Refinement
110353,2025-12-19,status,In Refinement,For Technical Analysis
110353,2025-12-23,status,For Technical Analysis,In Technical Analysis
110353,2025-12-27,status,In Technical Analysis,Ready for Development
110353,2025-12-31,status,Ready for Development,In Development
110353,2026-01-04,status,In Development,For Release
110353,2026-01-08,status,For Release,Waiting Information
122043,2025-06-18,status,Lista de desejos,Backlog
122043,2025-06-19,status,Backlog,Triage
122043,2025-06-21,status,Triage,For Refinement
122043,2025-06-22,status,For Refinement,In Refinement
122043,2025-06-24,status,In Refinement,In Progress
122043,2025-06-26,status,In Progress,Done
122043,2025-06-27,status,Done,Canceled
112922,2025-07-20,status,Backlog,Triage
112922,2025-07-29,status,Triage,For Refinement
110406,2025-07-04,status,Backlog,Triage
110406,2025-07-12,status,Triage,For Refinement
110406,2025-07-21,status,For Refinement,In Refinement
110406,2025-07-29,status,In Refinement,For Technical Analysis
110406,2025-08-07,status,For Technical Analysis,In Technical Analysis
110406,2025-08-15,status,In Technical Analysis,Ready for Development
113387,2025-06-29,status,Lista de desejos,Backlog
113387,2025-07-01,status,Backlog,Triage
113387,2025-07-03,status,Triage,For Refinement
113387,2025-07-06,status,For Refinement,In Refinement
113387,2025-07-08,status,In Refinement,In Progress
113387,2025-07-10,status,In Progress,Done
104383,2025-07-06,status,Lista de desejos,Backlog
104383,2025-07-10,status,Backlog,Triage
104383,2025-07-13,status,Triage,For Refinement
104383,2025-07-17,status,For Refinement,In Refinement
104383,2025-07-20,status,In Refinement,In Progress
104383,2025-07-24,status,In Progress,Done
104251,2025-09-04,status,Backlog,Triage
104251,2025-09-11,status,Triage,For Refinement
104251,2025-09-19,status,For Refinement,In Refinement
104251,2025-09-26,status,In Refinement,For Technical Analysis
107561,2025-07-12,status,Lista de desejos,Backlog
107561,2025-07-16,status,Backlog,Triage
107561,2025-07-19,status,Triage,For Refinement
107561,2025-07-23,status,For Refinement,In Refinement
107561,2025-07-26,status,In Refinement,In Progress
107561,2025-07-30,status,In Progress,Done
113433,2025-02-22,status,Lista de desejos,Backlog
113433,2025-02-23,status,Backlog,Triage
113433,2025-02-25,status,Triage,For Refinement
113433,2025-02-27,status,For Refinement,In Refinement
113433,2025-03-01,status,In Refinement,In Progress
113433,2025-03-02,status,In Progress,Done
119548,2025-02-08,status,Lista de desejos,Backlog
119548,2025-02-11,status,Backlog,Triage
119548,2025-02-14,status,Triage,For Refinement
119548,2025-02-18,status,For Refinement,In Refinement
119548,2025-02-21,status,In Refinement,In Progress
119548,2025-02-24,status,In Progress,Done
109125,2025-04-17,status,Lista de desejos,Backlog
109125,2025-04-20,status,Backlog,Triage
109125,2025-04-22,status,Triage,For Refinement
109125,2025-04-25,status,For Refinement,In Refinement
109125,2025-04-27,status,In Refinement,In Progress
109125,2025-04-30,status,In Progress,Done
105814,2025-08-25,status,Backlog,Triage
105814,2025-09-02,status,Triage,For Refinement
108349,2025-07-13,status,Backlog,Triage
108349,2025-07-15,status,Triage,For Refinement
108349,2025-07-16,status,For Refinement,In Refinement
108349,2025-07-18,status,In Refinement,For Technical Analysis
108349,2025-07-20,status,For Technical Analysis,In Technical Analysis
108349,2025-07-22,status,In Technical Analysis,Ready for Development
108349,2025-07-23,status,Ready for Development,In Development
108349,2025-07-25,status,In Development,For Release
122530,2025-03-24,status,Lista de desejos,Backlog
122530,2025-03-27,status,Backlog,Triage
122530,2025-03-29,status,Triage,For Refinement
122530,2025-04-01,status,For Refinement,In Refinement
122530,2025-04-03,status,In Refinement,In Progress
122530,2025-04-06,status,In Progress,Done
119249,2025-06-11,status,Lista de desejos,Backlog
119249,2025-06-12,status,Backlog,Triage
119249,2025-06-14,status,Triage,For Refinement
119249,2025-06-16,status,For Refinement,In Refinement
119249,2025-06-18,status,In Refinement,In Progress
119249,2025-06-19,status,In Progress,Done
102448,2025-09-14,status,Backlog,Triage
102448,2025-09-16,status,Triage,For Refinement
102448,2025-09-17,status,For Refinement,In Refinement
102448,2025-09-19,status,In Refinement,For Technical Analysis
102448,2025-09-20,status,For Technical Analysis,In Technical Analysis
102448,2025-09-22,status,In Technical Analysis,Ready for Development
102448,2025-09-23,status,Ready for Development,In Development
102448,2025-09-25,status,In Development,For Release
102448,2025-09-26,status,For Release,Waiting Information
102448,2025-09-28,status,Waiting Information,Information Sent
105379,2025-09-06,status,Lista de desejos,Backlog
105379,2025-09-08,status,Backlog,Triage
105379,2025-09-11,status,Triage,For Refinement
105379,2025-09-13,status,For Refinement,In Refinement
105379,2025-09-16,status,In Refinement,In Progress
105379,2025-09-18,status,In Progress,Done
105904,2025-06-15,status,Backlog,Triage
105904,2025-06-22,status,Triage,For Refinement
105904,2025-06-29,status,For Refinement,In Refinement
105904,2025-07-05,status,In Refinement,For Technical Analysis
105904,2025-07-11,status,For Technical Analysis,In Technical Analysis
105904,2025-07-18,status,In Technical Analysis,Ready for Development
105904,2025-07-25,status,Ready for Development,In Development
121007,2025-07-03,status,Lista de desejos,Backlog
121007,2025-07-05,status,Backlog,Triage
121007,2025-07-06,status,Triage,For Refinement
121007,2025-07-08,status,For Refinement,In Refinement
121007,2025-07-09,status,In Refinement,In Progress
121007,2025-07-11,status,In Progress,Done
112157,2025-05-31,status,Lista de desejos,Backlog
112157,2025-06-02,status,Backlog,Triage
112157,2025-06-04,status,Triage,For Refinement
112157,2025-06-05,status,For Refinement,In Refinement
112157,2025-06-07,status,In Refinement,In Progress
112157,2025-06-09,status,In Progress,Done
106905,2025-05-12,status,Lista de desejos,Backlog
106905,2025-05-16,status,Backlog,Triage
106905,2025-05-19,status,Triage,For Refinement
106905,2025-05-22,status,For Refinement,In Refinement
106905,2025-05-25,status,In Refinement,In Progress
106905,2025-05-29,status,In Progress,Done
101917,2025-01-23,status,Lista de desejos,Backlog
101917,2025-01-25,status,Backlog,Triage
101917,2025-01-26,status,Triage,For Refinement
101917,2025-01-28,status,For Refinement,In Refinement
101917,2025-01-29,status,In Refinement,In Progress
101917,2025-01-31,status,In Progress,Done
104568,2025-08-15,status,Lista de desejos,Backlog
104568,2025-08-19,status,Backlog,Triage
104568,2025-08-22,status,Triage,For Refinement
104568,2025-08-25,status,For Refinement,In Refinement
104568,2025-08-28,status,In Refinement,In Progress
104568,2025-09-01,status,In Progress,Done
101762,2025-02-25,status,Backlog,Triage
101762,2025-03-10,status,Triage,For Refinement
120693,2025-06-22,status,Backlog,Triage
120693,2025-06-29,status,Triage,For Refinement
120693,2025-07-05,status,For Refinement,In Refinement
120693,2025-07-12,status,In Refinement,For Technical Analysis
106600,2025-09-29,status,Lista de desejos,Backlog
106600,2025-10-01,status,Backlog,Triage
106600,2025-10-03,status,Triage,For Refinement
106600,2025-10-05,status,For Refinement,In Refinement
106600,2025-10-06,status,In Refinement,In Progress
106600,2025-10-08,status,In Progress,Done
106600,2025-10-10,status,Done,Canceled
101640,2025-07-13,status,Lista de desejos,Backlog
101640,2025-07-16,status,Backlog,Triage
101640,2025-07-20,status,Triage,For Refinement
101640,2025-07-23,status,For Refinement,In Refinement
101640,2025-07-27,status,In Refinement,In Progress
101640,2025-07-30,status,In Progress,Done
124558,2025-09-09,status,Lista de desejos,Backlog
124558,2025-09-10,status,Backlog,Triage
124558,2025-09-12,status,Triage,For Refinement
124558,2025-09-14,status,For Refinement,In Refinement
124558,2025-09-16,status,In Refinement,In Progress
124558,2025-09-17,status,In Progress,Done
109141,2025-08-18,status,Lista de desejos,Backlog
109141,2025-08-20,status,Backlog,Triage
109141,2025-08-22,status,Triage,For Refinement
109141,2025-08-24,status,For Refinement,In Refinement
109141,2025-08-26,status,In Refinement,In Progress
109141,2025-08-28,status,In Progress,Done
123721,2025-07-11,status,Backlog,Triage
123721,2025-07-24,status,Triage,For Refinement
104572,2025-06-03,status,Lista de desejos,Backlog
104572,2025-06-06,status,Backlog,Triage
104572,2025-06-09,status,Triage,For Refinement
104572,2025-06-12,status,For Refinement,In Refinement
104572,2025-06-15,status,In Refinement,In Progress
104572,2025-06-18,status,In Progress,Done
102316,2025-05-05,status,Backlog,Triage
114782,2025-04-09,status,Lista de desejos,Backlog
114782,2025-04-13,status,Backlog,Triage
114782,2025-04-17,status,Triage,For Refinement
114782,2025-04-21,status,For Refinement,In Refinement
114782,2025-04-25,status,In Refinement,In Progress
114782,2025-04-29,status,In Progress,Done
110584,2025-11-13,status,Lista de desejos,Backlog
110584,2025-11-15,status,Backlog,Triage
110584,2025-11-18,status,Triage,For Refinement
110584,2025-11-20,status,For Refinement,In Refinement
110584,2025-11-23,status,In Refinement,In Progress
110584,2025-11-25,status,In Progress,Done
118044,2025-07-25,status,Lista de desejos,Backlog
118044,2025-07-27,status,Backlog,Triage
118044,2025-07-28,status,Triage,For Refinement
118044,2025-07-30,status,For Refinement,In Refinement
118044,2025-07-31,status,In Refinement,In Progress
118044,2025-08-02,status,In Progress,Done
113768,2025-03-25,status,Backlog,Triage
113768,2025-04-12,status,Triage,For Refinement
106445,2025-06-01,status,Lista de desejos,Backlog
106445,2025-06-02,status,Backlog,Triage
106445,2025-06-03,status,Triage,For Refinement
106445,2025-06-05,status,For Refinement,In Refinement
106445,2025-06-07,status,In Refinement,In Progress
106445,2025-06-08,status,In Progress,Done
106445,2025-06-09,status,Done,Canceled
104642,2025-04-23,status,Lista de desejos,Backlog
104642,2025-04-26,status,Backlog,Triage
104642,2025-04-30,status,Triage,For Refinement
104642,2025-05-04,status,For Refinement,In Refinement
104642,2025-05-08,status,In Refinement,In Progress
104642,2025-05-11,status,In Progress,Done
123891,2025-11-09,status,Lista de desejos,Backlog
123891,2025-11-13,status,Backlog,Triage
123891,2025-11-16,status,Triage,For Refinement
123891,2025-11-20,status,For Refinement,In Refinement
123891,2025-11-23,status,In Refinement,In Progress
123891,2025-11-27,status,In Progress,Done
102079,2025-08-19,status,Lista de desejos,Backlog
102079,2025-08-22,status,Backlog,Triage
102079,2025-08-25,status,Triage,For Refinement
102079,2025-08-29,status,For Refinement,In Refinement
102079,2025-09-01,status,In Refinement,In Progress
102079,2025-09-04,status,In Progress,Done
109634,2025-10-31,status,Lista de desejos,Backlog
109634,2025-11-04,status,Backlog,Triage
109634,2025-11-08,status,Triage,For Refinement
109634,2025-11-11,status,For Refinement,In Refinement
109634,2025-11-15,status,In Refinement,In Progress
109634,2025-11-19,status,In Progress,Done
111454,2025-08-09,status,Lista de desejos,Backlog
111454,2025-08-10,status,Backlog,Triage
111454,2025-08-12,status,Triage,For Refinement
111454,2025-08-14,status,For Refinement,In Refinement
111454,2025-08-16,status,In Refinement,In Progress
111454,2025-08-17,status,In Progress,Done
122428,2025-05-10,status,Backlog,Triage
122428,2025-05-12,status,Triage,For Refinement
122428,2025-05-13,status,For Refinement,In Refinement
122428,2025-05-15,status,In Refinement,For Technical Analysis
122428,2025-05-16,status,For Technical Analysis,In Technical Analysis
122428,2025-05-18,status,In Technical Analysis,Ready for Development
122428,2025-05-19,status,Ready for Development,In Development
122428,2025-05-21,status,In Development,For Release
122656,2025-05-21,status,Backlog,Triage
122656,2025-05-28,status,Triage,For Refinement
122656,2025-06-05,status,For Refinement,In Refinement
122656,2025-06-12,status,In Refinement,For Technical Analysis
122656,2025-06-20,status,For Technical Analysis,In Technical Analysis
122656,2025-06-27,status,In Technical Analysis,Ready for Development
117109,2025-02-27,status,Backlog,Triage
117109,2025-03-12,status,Triage,For Refinement
117109,2025-03-24,status,For Refinement,In Refinement
107044,2025-10-05,status,Lista de desejos,Backlog
107044,2025-10-06,status,Backlog,Triage
107044,2025-10-08,status,Triage,For Refinement
107044,2025-10-09,status,For Refinement,In Refinement
107044,2025-10-11,status,In Refinement,In Progress
107044,2025-10-12,status,In Progress,Done
106661,2025-04-01,status,Backlog,Triage
106661,2025-04-06,status,Triage,For Refinement
106661,2025-04-12,status,For Refinement,In Refinement
106661,2025-04-18,status,In Refinement,For Technical Analysis
106661,2025-04-23,status,For Technical Analysis,In Technical Analysis
106661,2025-04-29,status,In Technical Analysis,Ready for Development
106661,2025-05-05,status,Ready for Development,In Development
106661,2025-05-10,status,In Development,For Release
109148,2025-11-08,status,Backlog,Triage
109148,2025-11-10,status,Triage,For Refinement
109148,2025-11-11,status,For Refinement,In Refinement
109148,2025-11-13,status,In Refinement,For Technical Analysis
109148,2025-11-15,status,For Technical Analysis,In Technical Analysis
109148,2025-11-17,status,In Technical Analysis,Ready for Development
109148,2025-11-18,status,Ready for Development,In Development
109148,2025-11-20,status,In Development,For Release
102953,2025-12-10,status,Lista de desejos,Backlog
102953,2025-12-12,status,Backlog,Triage
102953,2025-12-14,status,Triage,For Refinement
102953,2025-12-17,status,For Refinement,In Refinement
102953,2025-12-19,status,In Refinement,In Progress
102953,2025-12-21,status,In Progress,Done
106502,2025-06-02,status,Backlog,Triage
106502,2025-06-04,status,Triage,For Refinement
106502,2025-06-07,status,For Refinement,In Refinement
106502,2025-06-09,status,In Refinement,For Technical Analysis
105847,2025-08-12,status,Lista de desejos,Backlog
105847,2025-08-15,status,Backlog,Triage
105847,2025-08-17,status,Triage,For Refinement
105847,2025-08-19,status,For Refinement,In Refinement
105847,2025-08-21,status,In Refinement,In Progress
105847,2025-08-24,status,In Progress,Done
114313,2025-07-25,status,Lista de desejos,Backlog
114313,2025-07-28,status,Backlog,Triage
114313,2025-08-01,status,Triage,For Refinement
114313,2025-08-05,status,For Refinement,In Refinement
114313,2025-08-09,status,In Refinement,In Progress
114313,2025-08-12,status,In Progress,Done
123021,2025-11-22,status,Lista de desejos,Backlog
123021,2025-11-26,status,Backlog,Triage
123021,2025-11-30,status,Triage,For Refinement
123021,2025-12-03,status,For Refinement,In Refinement
123021,2025-12-07,status,In Refinement,In Progress
123021,2025-12-11,status,In Progress,Done
113079,2025-08-17,status,Lista de desejos,Backlog
113079,2025-08-18,status,Backlog,Triage
113079,2025-08-20,status,Triage,For Refinement
113079,2025-08-22,status,For Refinement,In Refinement
113079,2025-08-24,status,In Refinement,In Progress
113079,2025-08-25,status,In Progress,Done
123575,2025-07-04,status,Backlog,Triage
123575,2025-07-07,status,Triage,For Refinement
123575,2025-07-10,status,For Refinement,In Refinement
123575,2025-07-14,status,In Refinement,For Technical Analysis
123575,2025-07-18,status,For Technical Analysis,In Technical Analysis
123575,2025-07-21,status,In Technical Analysis,Ready for Development
123575,2025-07-24,status,Ready for Development,In Development
123575,2025-07-28,status,In Development,For Release
123575,2025-08-01,status,For Release,Waiting Information
117655,2025-05-17,status,Backlog,Triage
117655,2025-05-28,status,Triage,For Refinement
117655,2025-06-09,status,For Refinement,In Refinement
117655,2025-06-20,status,In Refinement,For Technical Analysis
106317,2025-09-03,status,Lista de desejos,Backlog
106317,2025-09-05,status,Backlog,Triage
106317,2025-09-07,status,Triage,For Refinement
106317,2025-09-09,status,For Refinement,In Refinement
106317,2025-09-11,status,In Refinement,In Progress
106317,2025-09-13,status,In Progress,Done
121409,2025-09-17,status,Backlog,Triage
121409,2025-09-28,status,Triage,For Refinement
105537,2025-05-04,status,Lista de desejos,Backlog
105537,2025-05-06,status,Backlog,Triage
105537,2025-05-08,status,Triage,For Refinement
105537,2025-05-10,status,For Refinement,In Refinement
105537,2025-05-11,status,In Refinement,In Progress
105537,2025-05-13,status,In Progress,Done
105537,2025-05-15,status,Done,Canceled
107089,2025-03-09,status,Lista de desejos,Backlog
107089,2025-03-11,status,Backlog,Triage
107089,2025-03-12,status,Triage,For Refinement
107089,2025-03-14,status,For Refinement,In Refinement
107089,2025-03-15,status,In Refinement,In Progress
107089,2025-03-17,status,In Progress,Done
101137,2025-08-12,status,Lista de desejos,Backlog
101137,2025-08-16,status,Backlog,Triage
101137,2025-08-20,status,Triage,For Refinement
101137,2025-08-24,status,For Refinement,In Refinement
101137,2025-08-28,status,In Refinement,In Progress
101137,2025-09-01,status,In Progress,Done
121984,2025-07-12,status,Lista de desejos,Backlog
121984,2025-07-13,status,Backlog,Triage
121984,2025-07-14,status,Triage,For Refinement
121984,2025-07-16,status,For Refinement,In Refinement
121984,2025-07-18,status,In Refinement,In Progress
121984,2025-07-19,status,In Progress,Done
121984,2025-07-20,status,Done,Canceled
103085,2025-06-27,status,Lista de desejos,Backlog
103085,2025-07-01,status,Backlog,Triage
103085,2025-07-04,status,Triage,For Refinement
103085,2025-07-07,status,For Refinement,In Refinement
103085,2025-07-10,status,In Refinement,In Progress
103085,2025-07-14,status,In Progress,Done
108853,2025-05-22,status,Backlog,Triage
108853,2025-05-26,status,Triage,For Refinement
108853,2025-05-30,status,For Refinement,In Refinement
121107,2025-08-05,status,Backlog,Triage
121107,2025-08-11,status,Triage,For Refinement
121107,2025-08-18,status,For Refinement,In Refinement
124372,2025-07-23,status,Backlog,Triage
115385,2025-05-31,status,Lista de desejos,Backlog
115385,2025-06-02,status,Backlog,Triage
115385,2025-06-04,status,Triage,For Refinement
115385,2025-06-07,status,For Refinement,In Refinement
115385,2025-06-09,status,In Refinement,In Progress
115385,2025-06-11,status,In Progress,Done
121574,2025-04-22,status,Lista de desejos,Backlog
121574,2025-04-23,status,Backlog,Triage
121574,2025-04-25,status,Triage,For Refinement
121574,2025-04-26,status,For Refinement,In Refinement
121574,2025-04-28,status,In Refinement,In Progress
121574,2025-04-29,status,In Progress,Done
106438,2025-03-29,status,Backlog,Triage
106438,2025-04-06,status,Triage,For Refinement
118369,2025-09-11,status,Lista de desejos,Backlog
118369,2025-09-15,status,Backlog,Triage
118369,2025-09-19,status,Triage,For Refinement
118369,2025-09-24,status,For Refinement,In Refinement
118369,2025-09-28,status,In Refinement,In Progress
118369,2025-10-02,status,In Progress,Done
104000,2025-10-16,status,Lista de desejos,Backlog
104000,2025-10-18,status,Backlog,Triage
104000,2025-10-21,status,Triage,For Refinement
104000,2025-10-24,status,For Refinement,In Refinement
104000,2025-10-27,status,In Refinement,In Progress
104000,2025-10-29,status,In Progress,Done
106877,2025-12-15,status,Backlog,Triage
106877,2025-12-20,status,Triage,For Refinement
106877,2025-12-25,status,For Refinement,In Refinement
106877,2025-12-30,status,In Refinement,For Technical Analysis
106877,2026-01-03,status,For Technical Analysis,In Technical Analysis
106877,2026-01-08,status,In Technical Analysis,Ready for Development
106877,2026-01-13,status,Ready for Development,In Development
106877,2026-01-18,status,In Development,For Release
124067,2025-07-30,status,Backlog,Triage
108252,2025-05-17,status,Lista de desejos,Backlog
108252,2025-05-20,status,Backlog,Triage
108252,2025-05-24,status,Triage,For Refinement
108252,2025-05-28,status,For Refinement,In Refinement
108252,2025-06-01,status,In Refinement,In Progress
108252,2025-06-04,status,In Progress,Done
113777,2025-06-12,status,Lista de desejos,Backlog
113777,2025-06-15,status,Backlog,Triage
113777,2025-06-17,status,Triage,For Refinement
113777,2025-06-20,status,For Refinement,In Refinement
113777,2025-06-22,status,In Refinement,In Progress
113777,2025-06-25,status,In Progress,Done
109135,2025-10-25,status,Lista de desejos,Backlog
109135,2025-10-29,status,Backlog,Triage
109135,2025-11-02,status,Triage,For Refinement
109135,2025-11-06,status,For Refinement,In Refinement
109135,2025-11-10,status,In Refinement,In Progress
109135,2025-11-14,status,In Progress,Done
113960,2025-09-09,status,Lista de desejos,Backlog
113960,2025-09-13,status,Backlog,Triage
113960,2025-09-17,status,Triage,For Refinement
113960,2025-09-20,status,For Refinement,In Refinement
113960,2025-09-24,status,In Refinement,In Progress
113960,2025-09-28,status,In Progress,Done
112639,2025-03-27,status,Lista de desejos,Backlog
112639,2025-03-31,status,Backlog,Triage
112639,2025-04-04,status,Triage,For Refinement
112639,2025-04-09,status,For Refinement,In Refinement
112639,2025-04-13,status,In Refinement,In Progress
112639,2025-04-17,status,In Progress,Done
120700,2025-10-02,status,Backlog,Triage
124958,2025-04-13,status,Lista de desejos,Backlog
124958,2025-04-14,status,Backlog,Triage
124958,2025-04-16,status,Triage,For Refinement
124958,2025-04-17,status,For Refinement,In Refinement
124958,2025-04-19,status,In Refinement,In Progress
124958,2025-04-20,status,In Progress,Done
122864,2025-01-15,status,Backlog,Triage
122864,2025-01-19,status,Triage,For Refinement
122864,2025-01-24,status,For Refinement,In Refinement
122864,2025-01-28,status,In Refinement,For Technical Analysis
103132,2025-08-28,status,Backlog,Triage
103132,2025-09-05,status,Triage,For Refinement
103132,2025-09-12,status,For Refinement,In Refinement
103132,2025-09-20,status,In Refinement,For Technical Analysis
113707,2025-08-07,status,Lista de desejos,Backlog
113707,2025-08-10,status,Backlog,Triage
113707,2025-08-13,status,Triage,For Refinement
113707,2025-08-15,status,For Refinement,In Refinement
113707,2025-08-17,status,In Refinement,In Progress
113707,2025-08-20,status,In Progress,Done
113707,2025-08-23,status,Done,Canceled
101982,2025-06-01,status,Lista de desejos,Backlog
101982,2025-06-04,status,Backlog,Triage
101982,2025-06-08,status,Triage,For Refinement
101982,2025-06-11,status,For Refinement,In Refinement
101982,2025-06-15,status,In Refinement,In Progress
101982,2025-06-18,status,In Progress,Done
113175,2025-05-13,status,Lista de desejos,Backlog
113175,2025-05-14,status,Backlog,Triage
113175,2025-05-16,status,Triage,For Refinement
113175,2025-05-18,status,For Refinement,In Refinement
113175,2025-05-20,status,In Refinement,In Progress
113175,2025-05-21,status,In Progress,Done
123558,2025-05-08,status,Lista de desejos,Backlog
123558,2025-05-11,status,Backlog,Triage
123558,2025-05-13,status,Triage,For Refinement
123558,2025-05-16,status,For Refinement,In Refinement
123558,2025-05-19,status,In Refinement,In Progress
123558,2025-05-21,status,In Progress,Done
123558,2025-05-24,status,Done,Canceled
100232,2025-12-24,status,Backlog,Triage
100232,2025-12-27,status,Triage,For Refinement
100232,2025-12-30,status,For Refinement,In Refinement
105756,2025-09-07,status,Lista de desejos,Backlog
105756,2025-09-11,status,Backlog,Triage
105756,2025-09-15,status,Triage,For Refinement
105756,2025-09-20,status,For Refinement,In Refinement
105756,2025-09-24,status,In Refinement,In Progress
105756,2025-09-28,status,In Progress,Done
121592,2025-06-29,status,Lista de desejos,Backlog
121592,2025-07-02,status,Backlog,Triage
121592,2025-07-05,status,Triage,For Refinement
121592,2025-07-09,status,For Refinement,In Refinement
121592,2025-07-12,status,In Refinement,In Progress
121592,2025-07-15,status,In Progress,Done
105412,2025-10-30,status,Lista de desejos,Backlog
105412,2025-11-03,status,Backlog,Triage
105412,2025-11-07,status,Triage,For Refinement
105412,2025-11-12,status,For Refinement,In Refinement
105412,2025-11-16,status,In Refinement,In Progress
105412,2025-11-20,status,In Progress,Done
119299,2025-10-07,status,Lista de desejos,Backlog
119299,2025-10-10,status,Backlog,Triage
119299,2025-10-13,status,Triage,For Refinement
119299,2025-10-16,status,For Refinement,In Refinement
119299,2025-10-18,status,In Refinement,In Progress
119299,2025-10-21,status,In Progress,Done
119299,2025-10-24,status,Done,Canceled
122588,2025-09-02,status,Lista de desejos,Backlog
122588,2025-09-06,status,Backlog,Triage
122588,2025-09-09,status,Triage,For Refinement
122588,2025-09-12,status,For Refinement,In Refinement
122588,2025-09-15,status,In Refinement,In Progress
122588,2025-09-19,status,In Progress,Done
107078,2025-07-05,status,Lista de desejos,Backlog
107078,2025-07-09,status,Backlog,Triage
107078,2025-07-12,status,Triage,For Refinement
107078,2025-07-16,status,For Refinement,In Refinement
107078,2025-07-19,status,In Refinement,In Progress
107078,2025-07-22,status,In Progress,Done
107078,2025-07-26,status,Done,Canceled
100290,2025-04-25,status,Lista de desejos,Backlog
100290,2025-04-27,status,Backlog,Triage
100290,2025-04-30,status,Triage,For Refinement
100290,2025-05-03,status,For Refinement,In Refinement
100290,2025-05-06,status,In Refinement,In Progress
100290,2025-05-08,status,In Progress,Done
110714,2025-10-27,status,Lista de desejos,Backlog
110714,2025-10-30,status,Backlog,Triage
110714,2025-11-02,status,Triage,For Refinement
110714,2025-11-04,status,For Refinement,In Refinement
110714,2025-11-07,status,In Refinement,In Progress
110714,2025-11-10,status,In Progress,Done
109052,2025-07-11,status,Backlog,Triage
105966,2025-08-24,status,Lista de desejos,Backlog
105966,2025-08-26,status,Backlog,Triage
105966,2025-08-28,status,Triage,For Refinement
105966,2025-08-29,status,For Refinement,In Refinement
105966,2025-08-31,status,In Refinement,In Progress
105966,2025-09-02,status,In Progress,Done
105673,2025-08-16,status,Lista de desejos,Backlog
105673,2025-08-20,status,Backlog,Triage
105673,2025-08-23,status,Triage,For Refinement
105673,2025-08-27,status,For Refinement,In Refinement
105673,2025-08-30,status,In Refinement,In Progress
105673,2025-09-03,status,In Progress,Done
119700,2025-12-20,status,Lista de desejos,Backlog
119700,2025-12-22,status,Backlog,Triage
119700,2025-12-23,status,Triage,For Refinement
119700,2025-12-25,status,For Refinement,In Refinement
119700,2025-12-26,status,In Refinement,In Progress
119700,2025-12-28,status,In Progress,Done
108486,2025-08-12,status,Backlog,Triage
108486,2025-08-19,status,Triage,For Refinement
108486,2025-08-26,status,For Refinement,In Refinement
108486,2025-09-03,status,In Refinement,For Technical Analysis
108486,2025-09-11,status,For Technical Analysis,In Technical Analysis
123892,2025-06-22,status,Lista de desejos,Backlog
123892,2025-06-26,status,Backlog,Triage
123892,2025-06-29,status,Triage,For Refinement
123892,2025-07-02,status,For Refinement,In Refinement
123892,2025-07-05,status,In Refinement,In Progress
123892,2025-07-09,status,In Progress,Done
112828,2025-10-29,status,Backlog,Triage
112828,2025-10-31,status,Triage,For Refinement
112828,2025-11-02,status,For Refinement,In Refinement
112828,2025-11-04,status,In Refinement,For Technical Analysis
112828,2025-11-06,status,For Technical Analysis,In Technical Analysis
112828,2025-11-08,status,In Technical Analysis,Ready for Development
112828,2025-11-10,status,Ready for Development,In Development
107012,2025-04-01,status,Lista de desejos,Backlog
107012,2025-04-04,status,Backlog,Triage
107012,2025-04-06,status,Triage,For Refinement
107012,2025-04-08,status,For Refinement,In Refinement
107012,2025-04-10,status,In Refinement,In Progress
107012,2025-04-13,status,In Progress,Done
100866,2025-08-22,status,Backlog,Triage
107931,2025-10-01,status,Backlog,Triage
107931,2025-10-08,status,Triage,For Refinement
107931,2025-10-14,status,For Refinement,In Refinement
107931,2025-10-21,status,In Refinement,For Technical Analysis
107931,2025-10-27,status,For Technical Analysis,In Technical Analysis
107931,2025-11-02,status,In Technical Analysis,Ready for Development
107931,2025-11-09,status,Ready for Development,In Development
110031,2025-09-24,status,Backlog,Triage
110031,2025-10-01,status,Triage,For Refinement
110031,2025-10-07,status,For Refinement,In Refinement
110031,2025-10-13,status,In Refinement,For Technical Analysis
110031,2025-10-19,status,For Technical Analysis,In Technical Analysis
110031,2025-10-26,status,In Technical Analysis,Ready for Development
119457,2025-03-02,status,Lista de desejos,Backlog
119457,2025-03-06,status,Backlog,Triage
119457,2025-03-10,status,Triage,For Refinement
119457,2025-03-14,status,For Refinement,In Refinement
119457,2025-03-18,status,In Refinement,In Progress
119457,2025-03-22,status,In Progress,Done
119302,2025-06-10,status,Lista de desejos,Backlog
119302,2025-06-13,status,Backlog,Triage
119302,2025-06-16,status,Triage,For Refinement
119302,2025-06-19,status,For Refinement,In Refinement
119302,2025-06-22,status,In Refinement,In Progress
119302,2025-06-25,status,In Progress,Done
107358,2025-07-14,status,Lista de desejos,Backlog
107358,2025-07-18,status,Backlog,Triage
107358,2025-07-21,status,Triage,For Refinement
107358,2025-07-25,status,For Refinement,In Refinement
107358,2025-07-28,status,In Refinement,In Progress
107358,2025-08-01,status,In Progress,Done
109116,2025-06-04,status,Lista de desejos,Backlog
109116,2025-06-07,status,Backlog,Triage
109116,2025-06-10,status,Triage,For Refinement
109116,2025-06-13,status,For Refinement,In Refinement
109116,2025-06-16,status,In Refinement,In Progress
109116,2025-06-19,status,In Progress,Done
119851,2025-04-03,status,Backlog,Triage
119851,2025-04-04,status,Triage,For Refinement
119851,2025-04-05,status,For Refinement,In Refinement
119851,2025-04-07,status,In Refinement,For Technical Analysis
119851,2025-04-09,status,For Technical Analysis,In Technical Analysis
119851,2025-04-10,status,In Technical Analysis,Ready for Development
119851,2025-04-11,status,Ready for Development,In Development
119851,2025-04-13,status,In Development,For Release
119851,2025-04-15,status,For Release,Waiting Information
112509,2025-07-04,status,Lista de desejos,Backlog
112509,2025-07-06,status,Backlog,Triage
112509,2025-07-09,status,Triage,For Refinement
112509,2025-07-11,status,For Refinement,In Refinement
112509,2025-07-14,status,In Refinement,In Progress
112509,2025-07-16,status,In Progress,Done
117616,2025-04-03,status,Lista de desejos,Backlog
117616,2025-04-04,status,Backlog,Triage
117616,2025-04-05,status,Triage,For Refinement
117616,2025-04-07,status,For Refinement,In Refinement
117616,2025-04-09,status,In Refinement,In Progress
117616,2025-04-10,status,In Progress,Done
117616,2025-04-11,status,Done,Canceled
108498,2025-09-25,status,Backlog,Triage
108498,2025-10-04,status,Triage,For Refinement
108498,2025-10-14,status,For Refinement,In Refinement
108498,2025-10-24,status,In Refinement,For Technical Analysis
108498,2025-11-02,status,For Technical Analysis,In Technical Analysis
100851,2025-07-13,status,Backlog,Triage
100851,2025-07-17,status,Triage,For Refinement
100851,2025-07-21,status,For Refinement,In Refinement
100851,2025-07-26,status,In Refinement,For Technical Analysis
100851,2025-07-30,status,For Technical Analysis,In Technical Analysis
106671,2025-08-29,status,Lista de desejos,Backlog
106671,2025-09-02,status,Backlog,Triage
106671,2025-09-06,status,Triage,For Refinement
106671,2025-09-09,status,For Refinement,In Refinement
106671,2025-09-13,status,In Refinement,In Progress
106671,2025-09-17,status,In Progress,Done
100603,2025-04-28,status,Backlog,Triage
100603,2025-05-01,status,Triage,For Refinement
100603,2025-05-04,status,For Refinement,In Refinement
100603,2025-05-06,status,In Refinement,For Technical Analysis
100603,2025-05-09,status,For Technical Analysis,In Technical Analysis
100603,2025-05-12,status,In Technical Analysis,Ready for Development
108068,2025-10-10,status,Lista de desejos,Backlog
108068,2025-10-12,status,Backlog,Triage
108068,2025-10-14,status,Triage,For Refinement
108068,2025-10-15,status,For Refinement,In Refinement
108068,2025-10-17,status,In Refinement,In Progress
108068,2025-10-19,status,In Progress,Done
116934,2025-10-06,status,Lista de desejos,Backlog
116934,2025-10-09,status,Backlog,Triage
116934,2025-10-13,status,Triage,For Refinement
116934,2025-10-16,status,For Refinement,In Refinement
116934,2025-10-20,status,In Refinement,In Progress
116934,2025-10-23,status,In Progress,Done
112593,2025-03-13,status,Lista de desejos,Backlog
112593,2025-03-17,status,Backlog,Triage
112593,2025-03-20,status,Triage,For Refinement
112593,2025-03-23,status,For Refinement,In Refinement
112593,2025-03-26,status,In Refinement,In Progress
112593,2025-03-30,status,In Progress,Done
111426,2025-06-17,status,Lista de desejos,Backlog
111426,2025-06-19,status,Backlog,Triage
111426,2025-06-21,status,Triage,For Refinement
111426,2025-06-23,status,For Refinement,In Refinement
111426,2025-06-25,status,In Refinement,In Progress
111426,2025-06-27,status,In Progress,Done
102532,2025-12-11,status,Backlog,Triage
102532,2025-12-15,status,Triage,For Refinement
102532,2025-12-19,status,For Refinement,In Refinement
102532,2025-12-23,status,In Refinement,For Technical Analysis
102532,2025-12-27,status,For Technical Analysis,In Technical Analysis
102532,2025-12-31,status,In Technical Analysis,Ready for Development
102532,2026-01-04,status,Ready for Development,In Development
102532,2026-01-08,status,In Development,For Release
109369,2025-12-04,status,Backlog,Triage
109369,2025-12-11,status,Triage,For Refinement
109369,2025-12-17,status,For Refinement,In Refinement
109369,2025-12-24,status,In Refinement,For Technical Analysis
109369,2025-12-31,status,For Technical Analysis,In Technical Analysis
121704,2025-09-04,status,Lista de desejos,Backlog
121704,2025-09-05,status,Backlog,Triage
121704,2025-09-07,status,Triage,For Refinement
121704,2025-09-08,status,For Refinement,In Refinement
121704,2025-09-10,status,In Refinement,In Progress
121704,2025-09-11,status,In Progress,Done
122574,2025-08-04,status,Lista de desejos,Backlog
122574,2025-08-07,status,Backlog,Triage
122574,2025-08-10,status,Triage,For Refinement
122574,2025-08-12,status,For Refinement,In Refinement
122574,2025-08-15,status,In Refinement,In Progress
122574,2025-08-18,status,In Progress,Done
121931,2025-06-26,status,Lista de desejos,Backlog
103679,2025-05-10,status,Lista de desejos,Backlog
103679,2025-05-13,status,Backlog,Triage
103679,2025-05-16,status,Triage,For Refinement
103679,2025-05-18,status,For Refinement,In Refinement
103679,2025-05-21,status,In Refinement,In Progress
103679,2025-05-24,status,In Progress,Done
121741,2025-10-04,status,Backlog,Triage
121741,2025-10-09,status,Triage,For Refinement
121741,2025-10-13,status,For Refinement,In Refinement
121741,2025-10-18,status,In Refinement,For Technical Analysis
121741,2025-10-22,status,For Technical Analysis,In Technical Analysis
121741,2025-10-26,status,In Technical Analysis,Ready for Development
121741,2025-10-31,status,Ready for Development,In Development
117166,2025-06-24,status,Lista de desejos,Backlog
117166,2025-06-26,status,Backlog,Triage
117166,2025-06-28,status,Triage,For Refinement
117166,2025-06-29,status,For Refinement,In Refinement
117166,2025-07-01,status,In Refinement,In Progress
117166,2025-07-03,status,In Progress,Done
108256,2025-03-24,status,Lista de desejos,Backlog
108256,2025-03-28,status,Backlog,Triage
108256,2025-03-31,status,Triage,For Refinement
108256,2025-04-03,status,For Refinement,In Refinement
108256,2025-04-06,status,In Refinement,In Progress
108256,2025-04-10,status,In Progress,Done
114493,2025-05-04,status,Lista de desejos,Backlog
114493,2025-05-08,status,Backlog,Triage
114493,2025-05-12,status,Triage,For Refinement
114493,2025-05-17,status,For Refinement,In Refinement
114493,2025-05-21,status,In Refinement,In Progress
114493,2025-05-25,status,In Progress,Done
123759,2025-08-17,status,Backlog,Triage
123759,2025-08-20,status,Triage,For Refinement
123759,2025-08-23,status,For Refinement,In Refinement
123759,2025-08-25,status,In Refinement,For Technical Analysis
123759,2025-08-28,status,For Technical Analysis,In Technical Analysis
123759,2025-08-31,status,In Technical Analysis,Ready for Development
108724,2025-10-18,status,Backlog,Triage
108724,2025-10-21,status,Triage,For Refinement
108724,2025-10-24,status,For Refinement,In Refinement
108724,2025-10-27,status,In Refinement,For Technical Analysis
108724,2025-10-30,status,For Technical Analysis,In Technical Analysis
108724,2025-11-03,status,In Technical Analysis,Ready for Development
108724,2025-11-06,status,Ready for Development,In Development
108724,2025-11-09,status,In Development,For Release
108724,2025-11-12,status,For Release,Waiting Information
108724,2025-11-15,status,Waiting Information,Information Sent
114146,2025-06-08,status,Backlog,Triage
114146,2025-06-10,status,Triage,For Refinement
114146,2025-06-12,status,For Refinement,In Refinement
114146,2025-06-14,status,In Refinement,For Technical Analysis
122999,2025-09-14,status,Lista de desejos,Backlog
122999,2025-09-17,status,Backlog,Triage
122999,2025-09-19,status,Triage,For Refinement
122999,2025-09-22,status,For Refinement,In Refinement
122999,2025-09-24,status,In Refinement,In Progress
122999,2025-09-27,status,In Progress,Done
108600,2025-03-27,status,Lista de desejos,Backlog
108600,2025-03-31,status,Backlog,Triage
108600,2025-04-03,status,Triage,For Refinement
108600,2025-04-07,status,For Refinement,In Refinement
108600,2025-04-10,status,In Refinement,In Progress
108600,2025-04-14,status,In Progress,Done
101427,2025-05-21,status,Backlog,Triage
101427,2025-05-26,status,Triage,For Refinement
101427,2025-05-31,status,For Refinement,In Refinement
101427,2025-06-04,status,In Refinement,For Technical Analysis
101427,2025-06-09,status,For Technical Analysis,In Technical Analysis
101427,2025-06-14,status,In Technical Analysis,Ready for Development
118426,2025-07-08,status,Backlog,Triage
118426,2025-07-13,status,Triage,For Refinement
118426,2025-07-17,status,For Refinement,In Refinement
118426,2025-07-21,status,In Refinement,For Technical Analysis
118426,2025-07-26,status,For Technical Analysis,In Technical Analysis
111043,2025-09-24,status,Lista de desejos,Backlog
111043,2025-09-28,status,Backlog,Triage
111043,2025-10-01,status,Triage,For Refinement
111043,2025-10-05,status,For Refinement,In Refinement
111043,2025-10-08,status,In Refinement,In Progress
111043,2025-10-11,status,In Progress,Done
111043,2025-10-15,status,Done,Canceled
110241,2025-08-20,status,Lista de desejos,Backlog
110241,2025-08-22,status,Backlog,Triage
110241,2025-08-24,status,Triage,For Refinement
110241,2025-08-27,status,For Refinement,In Refinement
110241,2025-08-29,status,In Refinement,In Progress
110241,2025-08-31,status,In Progress,Done
110569,2025-06-08,status,Lista de desejos,Backlog
110569,2025-06-11,status,Backlog,Triage
110569,2025-06-15,status,Triage,For Refinement
110569,2025-06-19,status,For Refinement,In Refinement
110569,2025-06-23,status,In Refinement,In Progress
110569,2025-06-26,status,In Progress,Done
106263,2025-06-26,status,Lista de desejos,Backlog
106263,2025-07-01,status,Backlog,Triage
106263,2025-07-05,status,Triage,For Refinement
106263,2025-07-09,status,For Refinement,In Refinement
106263,2025-07-13,status,In Refinement,In Progress
106263,2025-07-18,status,In Progress,Done
112052,2025-05-02,status,Lista de desejos,Backlog
112052,2025-05-04,status,Backlog,Triage
112052,2025-05-05,status,Triage,For Refinement
112052,2025-05-07,status,For Refinement,In Refinement
112052,2025-05-08,status,In Refinement,In Progress
112052,2025-05-10,status,In Progress,Done
102675,2025-10-06,status,Lista de desejos,Backlog
102675,2025-10-07,status,Backlog,Triage
102675,2025-10-08,status,Triage,For Refinement
102675,2025-10-10,status,For Refinement,In Refinement
102675,2025-10-12,status,In Refinement,In Progress
102675,2025-10-13,status,In Progress,Done
102675,2025-10-14,status,Done,Canceled
122012,2025-04-21,status,Lista de desejos,Backlog
122012,2025-04-26,status,Backlog,Triage
122012,2025-04-30,status,Triage,For Refinement
122012,2025-05-04,status,For Refinement,In Refinement
122012,2025-05-08,status,In Refinement,In Progress
122012,2025-05-13,status,In Progress,Done
121329,2025-09-13,status,Lista de desejos,Backlog
121329,2025-09-15,status,Backlog,Triage
121329,2025-09-17,status,Triage,For Refinement
121329,2025-09-20,status,For Refinement,In Refinement
121329,2025-09-22,status,In Refinement,In Progress
121329,2025-09-24,status,In Progress,Done
119089,2025-07-20,status,Backlog,Triage
119089,2025-08-09,status,Triage,For Refinement
122157,2025-03-06,status,Lista de desejos,Backlog
122157,2025-03-09,status,Backlog,Triage
122157,2025-03-13,status,Triage,For Refinement
122157,2025-03-16,status,For Refinement,In Refinement
122157,2025-03-20,status,In Refinement,In Progress
122157,2025-03-23,status,In Progress,Done
120936,2025-09-09,status,Lista de desejos,Backlog
120936,2025-09-12,status,Backlog,Triage
120936,2025-09-16,status,Triage,For Refinement
120936,2025-09-19,status,For Refinement,In Refinement
120936,2025-09-23,status,In Refinement,In Progress
120936,2025-09-26,status,In Progress,Done
109617,2025-11-05,status,Backlog,Triage
102333,2025-01-23,status,Lista de desejos,Backlog
102333,2025-01-28,status,Backlog,Triage
102333,2025-02-01,status,Triage,For Refinement
102333,2025-02-05,status,For Refinement,In Refinement
102333,2025-02-09,status,In Refinement,In Progress
102333,2025-02-14,status,In Progress,Done
118183,2025-05-15,status,Lista de desejos,Backlog
118183,2025-05-17,status,Backlog,Triage
118183,2025-05-18,status,Triage,For Refinement
118183,2025-05-20,status,For Refinement,In Refinement
118183,2025-05-21,status,In Refinement,In Progress
118183,2025-05-23,status,In Progress,Done
116156,2025-05-07,status,Backlog,Triage
116156,2025-05-15,status,Triage,For Refinement
116156,2025-05-22,status,For Refinement,In Refinement
116156,2025-05-30,status,In Refinement,For Technical Analysis
120420,2025-08-04,status,Backlog,Triage
117108,2025-08-10,status,Backlog,Triage
117108,2025-08-16,status,Triage,For Refinement
117108,2025-08-22,status,For Refinement,In Refinement
117108,2025-08-29,status,In Refinement,For Technical Analysis
117108,2025-09-04,status,For Technical Analysis,In Technical Analysis
124818,2025-05-22,status,Lista de desejos,Backlog
124818,2025-05-25,status,Backlog,Triage
124818,2025-05-28,status,Triage,For Refinement
124818,2025-05-30,status,For Refinement,In Refinement
124818,2025-06-02,status,In Refinement,In Progress
124818,2025-06-05,status,In Progress,Done
100201,2025-05-12,status,Lista de desejos,Backlog
100201,2025-05-14,status,Backlog,Triage
100201,2025-05-17,status,Triage,For Refinement
100201,2025-05-19,status,For Refinement,In Refinement
100201,2025-05-22,status,In Refinement,In Progress
100201,2025-05-24,status,In Progress,Done
106918,2025-12-24,status,Lista de desejos,Backlog
106918,2025-12-28,status,Backlog,Triage
106918,2025-12-31,status,Triage,For Refinement
106918,2026-01-03,status,For Refinement,In Refinement
106918,2026-01-06,status,In Refinement,In Progress
106918,2026-01-10,status,In Progress,Done
110594,2025-03-17,status,Lista de desejos,Backlog
110594,2025-03-19,status,Backlog,Triage
110594,2025-03-21,status,Triage,For Refinement
110594,2025-03-24,status,For Refinement,In Refinement
110594,2025-03-26,status,In Refinement,In Progress
110594,2025-03-28,status,In Progress,Done
124419,2025-04-10,status,Lista de desejos,Backlog
124419,2025-04-14,status,Backlog,Triage
124419,2025-04-17,status,Triage,For Refinement
124419,2025-04-21,status,For Refinement,In Refinement
124419,2025-04-24,status,In Refinement,In Progress
124419,2025-04-28,status,In Progress,Done
104717,2025-01-20,status,Lista de desejos,Backlog
104717,2025-01-23,status,Backlog,Triage
104717,2025-01-27,status,Triage,For Refinement
104717,2025-01-31,status,For Refinement,In Refinement
104717,2025-02-04,status,In Refinement,In Progress
104717,2025-02-07,status,In Progress,Done
106237,2025-01-18,status,Lista de desejos,Backlog
106237,2025-01-20,status,Backlog,Triage
106237,2025-01-22,status,Triage,For Refinement
106237,2025-01-25,status,For Refinement,In Refinement
106237,2025-01-27,status,In Refinement,In Progress
106237,2025-01-29,status,In Progress,Done
111818,2025-08-16,status,Backlog,Triage
111818,2025-08-26,status,Triage,For Refinement
111818,2025-09-04,status,For Refinement,In Refinement
111818,2025-09-13,status,In Refinement,For Technical Analysis
111818,2025-09-23,status,For Technical Analysis,In Technical Analysis
101120,2025-10-06,status,Backlog,Triage
101120,2025-10-26,status,Triage,For Refinement
107806,2025-07-19,status,Lista de desejos,Backlog
107806,2025-07-23,status,Backlog,Triage
107806,2025-07-27,status,Triage,For Refinement
107806,2025-07-30,status,For Refinement,In Refinement
107806,2025-08-03,status,In Refinement,In Progress
107806,2025-08-07,status,In Progress,Done
120546,2025-03-23,status,Lista de desejos,Backlog
120546,2025-03-26,status,Backlog,Triage
120546,2025-03-29,status,Triage,For Refinement
120546,2025-03-31,status,For Refinement,In Refinement
120546,2025-04-03,status,In Refinement,In Progress
120546,2025-04-06,status,In Progress,Done
114671,2025-07-31,status,Backlog,Triage
114671,2025-08-05,status,Triage,For Refinement
114671,2025-08-11,status,For Refinement,In Refinement
114671,2025-08-16,status,In Refinement,For Technical Analysis
114671,2025-08-22,status,For Technical Analysis,In Technical Analysis
114671,2025-08-28,status,In Technical Analysis,Ready for Development
114671,2025-09-02,status,Ready for Development,In Development
111762,2025-03-08,status,Lista de desejos,Backlog
111762,2025-03-11,status,Backlog,Triage
111762,2025-03-13,status,Triage,For Refinement
111762,2025-03-16,status,For Refinement,In Refinement
111762,2025-03-18,status,In Refinement,In Progress
111762,2025-03-21,status,In Progress,Done
112999,2025-07-16,status,Lista de desejos,Backlog
112999,2025-07-19,status,Backlog,Triage
112999,2025-07-22,status,Triage,For Refinement
112999,2025-07-25,status,For Refinement,In Refinement
112999,2025-07-28,status,In Refinement,In Progress
112999,2025-07-31,status,In Progress,Done
110762,2025-05-23,status,Lista de desejos,Backlog
110762,2025-05-26,status,Backlog,Triage
110762,2025-05-30,status,Triage,For Refinement
110762,2025-06-03,status,For Refinement,In Refinement
110762,2025-06-07,status,In Refinement,In Progress
110762,2025-06-10,status,In Progress,Done
108112,2025-05-12,status,Lista de desejos,Backlog
108112,2025-05-15,status,Backlog,Triage
108112,2025-05-19,status,Triage,For Refinement
108112,2025-05-23,status,For Refinement,In Refinement
108112,2025-05-27,status,In Refinement,In Progress
108112,2025-05-30,status,In Progress,Done
122619,2025-08-09,status,Backlog,Triage
122619,2025-08-17,status,Triage,For Refinement
122619,2025-08-26,status,For Refinement,In Refinement
122619,2025-09-04,status,In Refinement,For Technical Analysis
122619,2025-09-12,status,For Technical Analysis,In Technical Analysis
100170,2025-05-30,status,Lista de desejos,Backlog
100170,2025-05-31,status,Backlog,Triage
100170,2025-06-02,status,Triage,For Refinement
100170,2025-06-04,status,For Refinement,In Refinement
100170,2025-06-06,status,In Refinement,In Progress
100170,2025-06-07,status,In Progress,Done
118971,2025-07-15,status,Backlog,Triage
118971,2025-08-03,status,Triage,For Refinement
103711,2025-05-19,status,Backlog,Triage
103711,2025-05-27,status,Triage,For Refinement
103711,2025-06-05,status,For Refinement,In Refinement
103711,2025-06-13,status,In Refinement,For Technical Analysis
124566,2025-12-22,status,Backlog,Triage
105461,2025-01-28,status,Lista de desejos,Backlog
105461,2025-01-30,status,Backlog,Triage
105461,2025-02-01,status,Triage,For Refinement
105461,2025-02-03,status,For Refinement,In Refinement
105461,2025-02-05,status,In Refinement,In Progress
105461,2025-02-07,status,In Progress,Done
119038,2025-08-01,status,Lista de desejos,Backlog
119038,2025-08-03,status,Backlog,Triage
119038,2025-08-05,status,Triage,For Refinement
119038,2025-08-07,status,For Refinement,In Refinement
119038,2025-08-09,status,In Refinement,In Progress
119038,2025-08-11,status,In Progress,Done
101786,2025-10-15,status,Lista de desejos,Backlog
101786,2025-10-17,status,Backlog,Triage
101786,2025-10-19,status,Triage,For Refinement
101786,2025-10-22,status,For Refinement,In Refinement
101786,2025-10-24,status,In Refinement,In Progress
101786,2025-10-26,status,In Progress,Done
106508,2025-03-07,status,Lista de desejos,Backlog
106508,2025-03-11,status,Backlog,Triage
106508,2025-03-14,status,Triage,For Refinement
106508,2025-03-17,status,For Refinement,In Refinement
106508,2025-03-20,status,In Refinement,In Progress
106508,2025-03-24,status,In Progress,Done
118819,2025-10-31,status,Lista de desejos,Backlog
118819,2025-11-04,status,Backlog,Triage
118819,2025-11-07,status,Triage,For Refinement
118819,2025-11-11,status,For Refinement,In Refinement
118819,2025-11-14,status,In Refinement,In Progress
118819,2025-11-18,status,In Progress,Done
103673,2025-08-22,status,Lista de desejos,Backlog
103673,2025-08-24,status,Backlog,Triage
103673,2025-08-25,status,Triage,For Refinement
103673,2025-08-27,status,For Refinement,In Refinement
103673,2025-08-28,status,In Refinement,In Progress
103673,2025-08-29,status,In Progress,Done
103673,2025-08-31,status,Done,Canceled
108233,2025-03-19,status,Backlog,Triage
108233,2025-03-24,status,Triage,For Refinement
108233,2025-03-28,status,For Refinement,In Refinement
108233,2025-04-02,status,In Refinement,For Technical Analysis
107887,2025-03-26,status,Backlog,Triage
107887,2025-03-31,status,Triage,For Refinement
107887,2025-04-06,status,For Refinement,In Refinement
107887,2025-04-11,status,In Refinement,For Technical Analysis
115915,2025-10-11,status,Lista de desejos,Backlog
115915,2025-10-14,status,Backlog,Triage
115915,2025-10-18,status,Triage,For Refinement
115915,2025-10-22,status,For Refinement,In Refinement
115915,2025-10-26,status,In Refinement,In Progress
115915,2025-10-29,status,In Progress,Done
116141,2025-11-17,status,Backlog,Triage
116141,2025-11-19,status,Triage,For Refinement
116141,2025-11-22,status,For Refinement,In Refinement
116141,2025-11-24,status,In Refinement,For Technical Analysis
116141,2025-11-27,status,For Technical Analysis,In Technical Analysis
116141,2025-11-29,status,In Technical Analysis,Ready for Development
116141,2025-12-02,status,Ready for Development,In Development
116141,2025-12-04,status,In Development,For Release
115438,2025-04-09,status,Backlog,Triage
115438,2025-04-11,status,Triage,For Refinement
115438,2025-04-12,status,For Refinement,In Refinement
115438,2025-04-14,status,In Refinement,For Technical Analysis
115438,2025-04-15,status,For Technical Analysis,In Technical Analysis
115438,2025-04-17,status,In Technical Analysis,Ready for Development
115438,2025-04-18,status,Ready for Development,In Development
115438,2025-04-20,status,In Development,For Release
100213,2025-07-13,status,Lista de desejos,Backlog
100213,2025-07-16,status,Backlog,Triage
100213,2025-07-20,status,Triage,For Refinement
100213,2025-07-24,status,For Refinement,In Refinement
100213,2025-07-28,status,In Refinement,In Progress
100213,2025-07-31,status,In Progress,Done
119616,2025-02-05,status,Lista de desejos,Backlog
119616,2025-02-09,status,Backlog,Triage
119616,2025-02-13,status,Triage,For Refinement
119616,2025-02-17,status,For Refinement,In Refinement
119616,2025-02-21,status,In Refinement,In Progress
119616,2025-02-25,status,In Progress,Done
115699,2025-07-22,status,Lista de desejos,Backlog
115699,2025-07-23,status,Backlog,Triage
115699,2025-07-25,status,Triage,For Refinement
115699,2025-07-26,status,For Refinement,In Refinement
115699,2025-07-28,status,In Refinement,In Progress
115699,2025-07-29,status,In Progress,Done
103716,2025-07-11,status,Lista de desejos,Backlog
103716,2025-07-15,status,Backlog,Triage
103716,2025-07-18,status,Triage,For Refinement
103716,2025-07-22,status,For Refinement,In Refinement
103716,2025-07-25,status,In Refinement,In Progress
103716,2025-07-29,status,In Progress,Done
118794,2025-09-06,status,Lista de desejos,Backlog
118794,2025-09-08,status,Backlog,Triage
118794,2025-09-11,status,Triage,For Refinement
118794,2025-09-13,status,For Refinement,In Refinement
118794,2025-09-16,status,In Refinement,In Progress
118794,2025-09-18,status,In Progress,Done
112718,2025-08-26,status,Lista de desejos,Backlog
112718,2025-08-27,status,Backlog,Triage
112718,2025-08-29,status,Triage,For Refinement
112718,2025-08-30,status,For Refinement,In Refinement
112718,2025-09-01,status,In Refinement,In Progress
112718,2025-09-03,status,In Progress,Done
112718,2025-09-04,status,Done,Canceled
108978,2025-09-11,status,Lista de desejos,Backlog
108978,2025-09-14,status,Backlog,Triage
108978,2025-09-18,status,Triage,For Refinement
108978,2025-09-22,status,For Refinement,In Refinement
108978,2025-09-26,status,In Refinement,In Progress
108978,2025-09-29,status,In Progress,Done
101168,2025-08-12,status,Backlog,Triage
101168,2025-08-21,status,Triage,For Refinement
101168,2025-08-30,status,For Refinement,In Refinement
101168,2025-09-09,status,In Refinement,For Technical Analysis
101168,2025-09-19,status,For Technical Analysis,In Technical Analysis
112216,2025-05-23,status,Lista de desejos,Backlog
112216,2025-05-26,status,Backlog,Triage
112216,2025-05-28,status,Triage,For Refinement
112216,2025-05-30,status,For Refinement,In Refinement
112216,2025-06-01,status,In Refinement,In Progress
112216,2025-06-04,status,In Progress,Done
122279,2025-08-07,status,Lista de desejos,Backlog
122279,2025-08-10,status,Backlog,Triage
122279,2025-08-14,status,Triage,For Refinement
122279,2025-08-17,status,For Refinement,In Refinement
122279,2025-08-21,status,In Refinement,In Progress
122279,2025-08-25,status,In Progress,Done
122279,2025-08-28,status,Done,Canceled
110131,2025-12-08,status,Lista de desejos,Backlog
110131,2025-12-09,status,Backlog,Triage
110131,2025-12-11,status,Triage,For Refinement
110131,2025-12-13,status,For Refinement,In Refinement
110131,2025-12-15,status,In Refinement,In Progress
110131,2025-12-16,status,In Progress,Done
117143,2025-08-19,status,Lista de desejos,Backlog
117143,2025-08-21,status,Backlog,Triage
117143,2025-08-22,status,Triage,For Refinement
117143,2025-08-24,status,For Refinement,In Refinement
117143,2025-08-25,status,In Refinement,In Progress
117143,2025-08-27,status,In Progress,Done
102960,2025-06-04,status,Lista de desejos,Backlog
102960,2025-06-09,status,Backlog,Triage
102960,2025-06-13,status,Triage,For Refinement
102960,2025-06-17,status,For Refinement,In Refinement
102960,2025-06-21,status,In Refinement,In Progress
102960,2025-06-26,status,In Progress,Done
110129,2025-02-05,status,Lista de desejos,Backlog
110129,2025-02-07,status,Backlog,Triage
110129,2025-02-10,status,Triage,For Refinement
110129,2025-02-13,status,For Refinement,In Refinement
110129,2025-02-16,status,In Refinement,In Progress
110129,2025-02-18,status,In Progress,Done
111955,2025-10-17,status,Lista de desejos,Backlog
111955,2025-10-21,status,Backlog,Triage
111955,2025-10-25,status,Triage,For Refinement
111955,2025-10-29,status,For Refinement,In Refinement
111955,2025-11-02,status,In Refinement,In Progress
111955,2025-11-06,status,In Progress,Done
115347,2025-11-20,status,Lista de desejos,Backlog
115347,2025-11-22,status,Backlog,Triage
115347,2025-11-24,status,Triage,For Refinement
115347,2025-11-26,status,For Refinement,In Refinement
115347,2025-11-28,status,In Refinement,In Progress
115347,2025-11-30,status,In Progress,Done
123715,2025-06-23,status,Lista de desejos,Backlog
123715,2025-06-27,status,Backlog,Triage
123715,2025-07-01,status,Triage,For Refinement
123715,2025-07-05,status,For Refinement,In Refinement
123715,2025-07-09,status,In Refinement,In Progress
123715,2025-07-13,status,In Progress,Done
104987,2025-12-18,status,Lista de desejos,Backlog
104987,2025-12-22,status,Backlog,Triage
104987,2025-12-26,status,Triage,For Refinement
104987,2025-12-31,status,For Refinement,In Refinement
104987,2026-01-04,status,In Refinement,In Progress
104987,2026-01-08,status,In Progress,Done
113591,2025-09-25,status,Backlog,Triage
113591,2025-10-04,status,Triage,For Refinement
113591,2025-10-13,status,For Refinement,In Refinement
113591,2025-10-23,status,In Refinement,For Technical Analysis
113591,2025-11-02,status,For Technical Analysis,In Technical Analysis
108397,2025-07-30,status,Backlog,Triage
108397,2025-08-04,status,Triage,For Refinement
108397,2025-08-08,status,For Refinement,In Refinement
108397,2025-08-12,status,In Refinement,For Technical Analysis
108397,2025-08-16,status,For Technical Analysis,In Technical Analysis
108397,2025-08-21,status,In Technical Analysis,Ready for Development
117282,2025-08-29,status,Lista de desejos,Backlog
117282,2025-08-30,status,Backlog,Triage
117282,2025-09-01,status,Triage,For Refinement
117282,2025-09-02,status,For Refinement,In Refinement
117282,2025-09-04,status,In Refinement,In Progress
117282,2025-09-05,status,In Progress,Done
101844,2025-02-01,status,Lista de desejos,Backlog
101844,2025-02-06,status,Backlog,Triage
101844,2025-02-10,status,Triage,For Refinement
101844,2025-02-14,status,For Refinement,In Refinement
101844,2025-02-18,status,In Refinement,In Progress
101844,2025-02-23,status,In Progress,Done
120150,2025-05-31,status,Lista de desejos,Backlog
120150,2025-06-02,status,Backlog,Triage
120150,2025-06-04,status,Triage,For Refinement
120150,2025-06-05,status,For Refinement,In Refinement
120150,2025-06-07,status,In Refinement,In Progress
120150,2025-06-09,status,In Progress,Done
103240,2025-06-22,status,Lista de desejos,Backlog
103240,2025-06-23,status,Backlog,Triage
103240,2025-06-25,status,Triage,For Refinement
103240,2025-06-26,status,For Refinement,In Refinement
103240,2025-06-28,status,In Refinement,In Progress
103240,2025-06-29,status,In Progress,Done
120233,2025-05-24,status,Lista de desejos,Backlog
120233,2025-05-27,status,Backlog,Triage
120233,2025-05-30,status,Triage,For Refinement
120233,2025-06-03,status,For Refinement,In Refinement
120233,2025-06-06,status,In Refinement,In Progress
120233,2025-06-09,status,In Progress,Done
118494,2025-08-24,status,Backlog,Triage
111198,2025-03-09,status,Lista de desejos,Backlog
111198,2025-03-12,status,Backlog,Triage
111198,2025-03-16,status,Triage,For Refinement
111198,2025-03-19,status,For Refinement,In Refinement
111198,2025-03-23,status,In Refinement,In Progress
111198,2025-03-26,status,In Progress,Done
113211,2025-06-01,status,Lista de desejos,Backlog
113211,2025-06-04,status,Backlog,Triage
113211,2025-06-06,status,Triage,For Refinement
113211,2025-06-08,status,For Refinement,In Refinement
113211,2025-06-10,status,In Refinement,In Progress
113211,2025-06-13,status,In Progress,Done
100171,2025-03-02,status,Lista de desejos,Backlog
100171,2025-03-05,status,Backlog,Triage
100171,2025-03-07,status,Triage,For Refinement
100171,2025-03-10,status,For Refinement,In Refinement
100171,2025-03-12,status,In Refinement,In Progress
100171,2025-03-15,status,In Progress,Done
120229,2025-03-31,status,Lista de desejos,Backlog
120229,2025-04-02,status,Backlog,Triage
120229,2025-04-04,status,Triage,For Refinement
120229,2025-04-06,status,For Refinement,In Refinement
120229,2025-04-08,status,In Refinement,In Progress
120229,2025-04-10,status,In Progress,Done
120937,2025-10-10,status,Lista de desejos,Backlog
120937,2025-10-13,status,Backlog,Triage
120937,2025-10-16,status,Triage,For Refinement
120937,2025-10-20,status,For Refinement,In Refinement
120937,2025-10-23,status,In Refinement,In Progress
120937,2025-10-26,status,In Progress,Done
101492,2025-06-12,status,Lista de desejos,Backlog
101492,2025-06-17,status,Backlog,Triage
101492,2025-06-21,status,Triage,For Refinement
101492,2025-06-25,status,For Refinement,In Refinement
101492,2025-06-29,status,In Refinement,In Progress
101492,2025-07-04,status,In Progress,Done
104971,2025-08-21,status,Backlog,Triage
108707,2025-07-28,status,Lista de desejos,Backlog
108707,2025-08-07,status,Backlog,Triage
108707,2025-08-17,status,Triage,For Refinement
123014,2025-05-02,status,Lista de desejos,Backlog
123014,2025-05-04,status,Backlog,Triage
123014,2025-05-06,status,Triage,For Refinement
123014,2025-05-09,status,For Refinement,In Refinement
123014,2025-05-11,status,In Refinement,In Progress
123014,2025-05-13,status,In Progress,Done
109181,2025-05-29,status,Backlog,Triage
109181,2025-06-03,status,Triage,For Refinement
109181,2025-06-09,status,For Refinement,In Refinement
109181,2025-06-14,status,In Refinement,For Technical Analysis
109181,2025-06-19,status,For Technical Analysis,In Technical Analysis
109181,2025-06-25,status,In Technical Analysis,Ready for Development
109181,2025-06-30,status,Ready for Development,In Development
121915,2025-12-25,status,Backlog,Triage
110818,2025-11-02,status,Lista de desejos,Backlog
110818,2025-11-03,status,Backlog,Triage
110818,2025-11-05,status,Triage,For Refinement
110818,2025-11-07,status,For Refinement,In Refinement
110818,2025-11-09,status,In Refinement,In Progress
110818,2025-11-10,status,In Progress,Done
118590,2025-07-02,status,Lista de desejos,Backlog
118590,2025-07-05,status,Backlog,Triage
118590,2025-07-08,status,Triage,For Refinement
118590,2025-07-11,status,For Refinement,In Refinement
118590,2025-07-14,status,In Refinement,In Progress
118590,2025-07-17,status,In Progress,Done
120028,2025-07-02,status,Lista de desejos,Backlog
120028,2025-07-06,status,Backlog,Triage
120028,2025-07-10,status,Triage,For Refinement
120028,2025-07-15,status,For Refinement,In Refinement
120028,2025-07-19,status,In Refinement,In Progress
120028,2025-07-23,status,In Progress,Done
105791,2025-12-23,status,Lista de desejos,Backlog
105791,2025-12-26,status,Backlog,Triage
105791,2025-12-28,status,Triage,For Refinement
105791,2025-12-30,status,For Refinement,In Refinement
105791,2026-01-01,status,In Refinement,In Progress
105791,2026-01-04,status,In Progress,Done
107003,2025-03-10,status,Lista de desejos,Backlog
107003,2025-03-12,status,Backlog,Triage
107003,2025-03-14,status,Triage,For Refinement
107003,2025-03-15,status,For Refinement,In Refinement
107003,2025-03-17,status,In Refinement,In Progress
107003,2025-03-19,status,In Progress,Done
117170,2025-06-21,status,Lista de desejos,Backlog
117170,2025-06-25,status,Backlog,Triage
117170,2025-06-29,status,Triage,For Refinement
117170,2025-07-04,status,For Refinement,In Refinement
117170,2025-07-08,status,In Refinement,In Progress
117170,2025-07-12,status,In Progress,Done
102758,2025-08-18,status,Lista de desejos,Backlog
102758,2025-08-22,status,Backlog,Triage
102758,2025-08-26,status,Triage,For Refinement
102758,2025-08-30,status,For Refinement,In Refinement
102758,2025-09-03,status,In Refinement,In Progress
102758,2025-09-07,status,In Progress,Done
105761,2025-03-05,status,Lista de desejos,Backlog
105761,2025-03-08,status,Backlog,Triage
105761,2025-03-11,status,Triage,For Refinement
105761,2025-03-13,status,For Refinement,In Refinement
105761,2025-03-15,status,In Refinement,In Progress
105761,2025-03-18,status,In Progress,Done
105761,2025-03-21,status,Done,Canceled
101712,2025-05-25,status,Lista de desejos,Backlog
101712,2025-05-30,status,Backlog,Triage
101712,2025-06-03,status,Triage,For Refinement
101712,2025-06-07,status,For Refinement,In Refinement
101712,2025-06-11,status,In Refinement,In Progress
101712,2025-06-16,status,In Progress,Done
123924,2025-03-30,status,Lista de desejos,Backlog
123924,2025-04-03,status,Backlog,Triage
123924,2025-04-07,status,Triage,For Refinement
123924,2025-04-11,status,For Refinement,In Refinement
123924,2025-04-15,status,In Refinement,In Progress
123924,2025-04-19,status,In Progress,Done
115827,2025-07-17,status,Lista de desejos,Backlog
115827,2025-07-20,status,Backlog,Triage
115827,2025-07-23,status,Triage,For Refinement
115827,2025-07-26,status,For Refinement,In Refinement
115827,2025-07-29,status,In Refinement,In Progress
115827,2025-08-01,status,In Progress,Done
112679,2025-10-10,status,Lista de desejos,Backlog
112679,2025-10-11,status,Backlog,Triage
112679,2025-10-13,status,Triage,For Refinement
112679,2025-10-15,status,For Refinement,In Refinement
112679,2025-10-17,status,In Refinement,In Progress
112679,2025-10-18,status,In Progress,Done
106497,2025-07-15,status,Backlog,Triage
106497,2025-07-18,status,Triage,For Refinement
106497,2025-07-21,status,For Refinement,In Refinement
106497,2025-07-23,status,In Refinement,For Technical Analysis
106497,2025-07-26,status,For Technical Analysis,In Technical Analysis
106497,2025-07-29,status,In Technical Analysis,Ready for Development
120966,2025-04-20,status,Lista de desejos,Backlog
120966,2025-04-23,status,Backlog,Triage
120966,2025-04-26,status,Triage,For Refinement
120966,2025-04-29,status,For Refinement,In Refinement
120966,2025-05-02,status,In Refinement,In Progress
120966,2025-05-05,status,In Progress,Done
113737,2025-06-04,status,Lista de desejos,Backlog
113737,2025-06-06,status,Backlog,Triage
113737,2025-06-08,status,Triage,For Refinement
113737,2025-06-09,status,For Refinement,In Refinement
113737,2025-06-11,status,In Refinement,In Progress
113737,2025-06-13,status,In Progress,Done
117439,2025-08-25,status,Lista de desejos,Backlog
117439,2025-08-30,status,Backlog,Triage
117439,2025-09-03,status,Triage,For Refinement
117439,2025-09-07,status,For Refinement,In Refinement
117439,2025-09-11,status,In Refinement,In Progress
117439,2025-09-16,status,In Progress,Done
104693,2025-09-03,status,Lista de desejos,Backlog
104693,2025-09-04,status,Backlog,Triage
104693,2025-09-06,status,Triage,For Refinement
104693,2025-09-08,status,For Refinement,In Refinement
104693,2025-09-10,status,In Refinement,In Progress
104693,2025-09-11,status,In Progress,Done
115725,2025-04-08,status,Lista de desejos,Backlog
115725,2025-04-11,status,Backlog,Triage
115725,2025-04-14,status,Triage,For Refinement
115725,2025-04-16,status,For Refinement,In Refinement
115725,2025-04-19,status,In Refinement,In Progress
115725,2025-04-22,status,In Progress,Done
105776,2025-09-07,status,Lista de desejos,Backlog
105776,2025-09-11,status,Backlog,Triage
105776,2025-09-14,status,Triage,For Refinement
105776,2025-09-17,status,For Refinement,In Refinement
105776,2025-09-20,status,In Refinement,In Progress
105776,2025-09-24,status,In Progress,Done
100638,2025-06-27,status,Lista de desejos,Backlog
100638,2025-07-01,status,Backlog,Triage
100638,2025-07-04,status,Triage,For Refinement
100638,2025-07-07,status,For Refinement,In Refinement
100638,2025-07-10,status,In Refinement,In Progress
100638,2025-07-14,status,In Progress,Done
113007,2025-08-05,status,Lista de desejos,Backlog
113007,2025-08-08,status,Backlog,Triage
113007,2025-08-11,status,Triage,For Refinement
113007,2025-08-15,status,For Refinement,In Refinement
113007,2025-08-18,status,In Refinement,In Progress
113007,2025-08-21,status,In Progress,Done
100492,2026-01-01,status,Backlog,Triage
109843,2025-11-21,status,Lista de desejos,Backlog
109843,2025-11-24,status,Backlog,Triage
109843,2025-11-27,status,Triage,For Refinement
109843,2025-12-01,status,For Refinement,In Refinement
109843,2025-12-04,status,In Refinement,In Progress
109843,2025-12-07,status,In Progress,Done
114419,2025-05-30,status,Backlog,Triage
114419,2025-06-04,status,Triage,For Refinement
114419,2025-06-10,status,For Refinement,In Refinement
114419,2025-06-15,status,In Refinement,For Technical Analysis
114419,2025-06-20,status,For Technical Analysis,In Technical Analysis
114419,2025-06-26,status,In Technical Analysis,Ready for Development
114419,2025-07-01,status,Ready for Development,In Development
124435,2025-05-06,status,Lista de desejos,Backlog
124435,2025-05-10,status,Backlog,Triage
124435,2025-05-14,status,Triage,For Refinement
124435,2025-05-17,status,For Refinement,In Refinement
124435,2025-05-21,status,In Refinement,In Progress
124435,2025-05-25,status,In Progress,Done
123249,2025-12-03,status,Lista de desejos,Backlog
123249,2025-12-05,status,Backlog,Triage
123249,2025-12-07,status,Triage,For Refinement
123249,2025-12-08,status,For Refinement,In Refinement
123249,2025-12-10,status,In Refinement,In Progress
123249,2025-12-12,status,In Progress,Done
109082,2025-07-21,status,Lista de desejos,Backlog
109082,2025-07-23,status,Backlog,Triage
109082,2025-07-25,status,Triage,For Refinement
109082,2025-07-28,status,For Refinement,In Refinement
109082,2025-07-30,status,In Refinement,In Progress
109082,2025-08-01,status,In Progress,Done
108434,2025-06-05,status,Lista de desejos,Backlog
108434,2025-06-09,status,Backlog,Triage
108434,2025-06-13,status,Triage,For Refinement
108434,2025-06-16,status,For Refinement,In Refinement
108434,2025-06-20,status,In Refinement,In Progress
108434,2025-06-24,status,In Progress,Done
110827,2025-02-12,status,Lista de desejos,Backlog
110827,2025-02-15,status,Backlog,Triage
110827,2025-02-18,status,Triage,For Refinement
110827,2025-02-22,status,For Refinement,In Refinement
110827,2025-02-25,status,In Refinement,In Progress
110827,2025-02-28,status,In Progress,Done
116819,2025-08-03,status,Lista de desejos,Backlog
116819,2025-08-07,status,Backlog,Triage
116819,2025-08-10,status,Triage,For Refinement
116819,2025-08-13,status,For Refinement,In Refinement
116819,2025-08-16,status,In Refinement,In Progress
116819,2025-08-20,status,In Progress,Done
120078,2025-10-29,status,Lista de desejos,Backlog
120078,2025-10-31,status,Backlog,Triage
120078,2025-11-02,status,Triage,For Refinement
120078,2025-11-05,status,For Refinement,In Refinement
120078,2025-11-07,status,In Refinement,In Progress
120078,2025-11-09,status,In Progress,Done
100499,2025-07-31,status,Lista de desejos,Backlog
100499,2025-08-01,status,Backlog,Triage
100499,2025-08-03,status,Triage,For Refinement
100499,2025-08-04,status,For Refinement,In Refinement
100499,2025-08-06,status,In Refinement,In Progress
100499,2025-08-07,status,In Progress,Done
102276,2025-08-16,status,Lista de desejos,Backlog
102276,2025-08-20,status,Backlog,Triage
102276,2025-08-23,status,Triage,For Refinement
102276,2025-08-27,status,For Refinement,In Refinement
102276,2025-08-30,status,In Refinement,In Progress
102276,2025-09-03,status,In Progress,Done
120879,2025-10-25,status,Lista de desejos,Backlog
120879,2025-10-28,status,Backlog,Triage
120879,2025-10-30,status,Triage,For Refinement
120879,2025-11-02,status,For Refinement,In Refinement
120879,2025-11-04,status,In Refinement,In Progress
120879,2025-11-07,status,In Progress,Done
117928,2025-02-04,status,Lista de desejos,Backlog
117928,2025-02-07,status,Backlog,Triage
117928,2025-02-10,status,Triage,For Refinement
117928,2025-02-13,status,For Refinement,In Refinement
117928,2025-02-16,status,In Refinement,In Progress
117928,2025-02-19,status,In Progress,Done
113907,2025-07-22,status,Lista de desejos,Backlog
113907,2025-07-24,status,Backlog,Triage
113907,2025-07-27,status,Triage,For Refinement
113907,2025-07-29,status,For Refinement,In Refinement
113907,2025-08-01,status,In Refinement,In Progress
113907,2025-08-03,status,In Progress,Done
119834,2025-12-05,status,Lista de desejos,Backlog
119834,2025-12-07,status,Backlog,Triage
119834,2025-12-08,status,Triage,For Refinement
119834,2025-12-10,status,For Refinement,In Refinement
119834,2025-12-11,status,In Refinement,In Progress
119834,2025-12-13,status,In Progress,Done
122052,2025-07-15,status,Backlog,Triage
122052,2025-07-17,status,Triage,For Refinement
122052,2025-07-19,status,For Refinement,In Refinement
122052,2025-07-22,status,In Refinement,For Technical Analysis
122052,2025-07-24,status,For Technical Analysis,In Technical Analysis
122052,2025-07-26,status,In Technical Analysis,Ready for Development
112804,2025-08-19,status,Lista de desejos,Backlog
112804,2025-08-21,status,Backlog,Triage
112804,2025-08-24,status,Triage,For Refinement
112804,2025-08-26,status,For Refinement,In Refinement
112804,2025-08-29,status,In Refinement,In Progress
112804,2025-08-31,status,In Progress,Done
100913,2025-09-26,status,Lista de desejos,Backlog
100913,2025-09-30,status,Backlog,Triage
100913,2025-10-03,status,Triage,For Refinement
100913,2025-10-06,status,For Refinement,In Refinement
100913,2025-10-09,status,In Refinement,In Progress
100913,2025-10-13,status,In Progress,Done
104669,2025-09-24,status,Lista de desejos,Backlog
104669,2025-09-26,status,Backlog,Triage
104669,2025-09-28,status,Triage,For Refinement
104669,2025-10-01,status,For Refinement,In Refinement
104669,2025-10-03,status,In Refinement,In Progress
104669,2025-10-05,status,In Progress,Done
116121,2025-10-07,status,Backlog,Triage
116121,2025-10-10,status,Triage,For Refinement
116121,2025-10-13,status,For Refinement,In Refinement
116121,2025-10-17,status,In Refinement,For Technical Analysis
116121,2025-10-21,status,For Technical Analysis,In Technical Analysis
124742,2025-09-13,status,Lista de desejos,Backlog
124742,2025-09-17,status,Backlog,Triage
124742,2025-09-20,status,Triage,For Refinement
124742,2025-09-23,status,For Refinement,In Refinement
124742,2025-09-26,status,In Refinement,In Progress
124742,2025-09-30,status,In Progress,Done
104108,2025-08-01,status,Lista de desejos,Backlog
104108,2025-08-05,status,Backlog,Triage
104108,2025-08-08,status,Triage,For Refinement
104108,2025-08-11,status,For Refinement,In Refinement
104108,2025-08-14,status,In Refinement,In Progress
104108,2025-08-18,status,In Progress,Done
102817,2025-10-17,status,Lista de desejos,Backlog
102817,2025-10-20,status,Backlog,Triage
102817,2025-10-22,status,Triage,For Refinement
102817,2025-10-24,status,For Refinement,In Refinement
102817,2025-10-26,status,In Refinement,In Progress
102817,2025-10-29,status,In Progress,Done
117421,2025-10-15,status,Lista de desejos,Backlog
117421,2025-10-19,status,Backlog,Triage
117421,2025-10-22,status,Triage,For Refinement
117421,2025-10-25,status,For Refinement,In Refinement
117421,2025-10-28,status,In Refinement,In Progress
117421,2025-11-01,status,In Progress,Done
108648,2025-02-05,status,Lista de desejos,Backlog
108648,2025-02-09,status,Backlog,Triage
108648,2025-02-12,status,Triage,For Refinement
108648,2025-02-16,status,For Refinement,In Refinement
108648,2025-02-19,status,In Refinement,In Progress
108648,2025-02-23,status,In Progress,Done
123157,2025-04-29,status,Backlog,Triage
123157,2025-05-01,status,Triage,For Refinement
123157,2025-05-02,status,For Refinement,In Refinement
123157,2025-05-04,status,In Refinement,For Technical Analysis
123157,2025-05-06,status,For Technical Analysis,In Technical Analysis
123157,2025-05-07,status,In Technical Analysis,Ready for Development
123157,2025-05-09,status,Ready for Development,In Development
113490,2025-06-03,status,Backlog,Triage
113490,2025-06-09,status,Triage,For Refinement
113490,2025-06-14,status,For Refinement,In Refinement
113490,2025-06-19,status,In Refinement,For Technical Analysis
113490,2025-06-25,status,For Technical Analysis,In Technical Analysis
113490,2025-06-30,status,In Technical Analysis,Ready for Development
113490,2025-07-05,status,Ready for Development,In Development
113490,2025-07-11,status,In Development,For Release
113516,2025-05-27,status,Lista de desejos,Backlog
113516,2025-05-31,status,Backlog,Triage
113516,2025-06-04,status,Triage,For Refinement
113516,2025-06-09,status,For Refinement,In Refinement
113516,2025-06-13,status,In Refinement,In Progress
113516,2025-06-17,status,In Progress,Done
100417,2025-09-13,status,Lista de desejos,Backlog
100417,2025-09-15,status,Backlog,Triage
100417,2025-09-17,status,Triage,For Refinement
100417,2025-09-19,status,For Refinement,In Refinement
100417,2025-09-21,status,In Refinement,In Progress
100417,2025-09-23,status,In Progress,Done
121211,2025-12-05,status,Lista de desejos,Backlog
121211,2025-12-09,status,Backlog,Triage
121211,2025-12-12,status,Triage,For Refinement
121211,2025-12-15,status,For Refinement,In Refinement
121211,2025-12-18,status,In Refinement,In Progress
121211,2025-12-22,status,In Progress,Done
116441,2025-10-07,status,Backlog,Triage
116441,2025-10-09,status,Triage,For Refinement
116441,2025-10-10,status,For Refinement,In Refinement
116441,2025-10-12,status,In Refinement,For Technical Analysis
116441,2025-10-13,status,For Technical Analysis,In Technical Analysis
116441,2025-10-14,status,In Technical Analysis,Ready for Development
116441,2025-10-16,status,Ready for Development,In Development
116441,2025-10-17,status,In Development,For Release
116441,2025-10-19,status,For Release,Waiting Information
119459,2025-07-21,status,Lista de desejos,Backlog
119459,2025-07-25,status,Backlog,Triage
119459,2025-07-28,status,Triage,For Refinement
119459,2025-08-01,status,For Refinement,In Refinement
119459,2025-08-04,status,In Refinement,In Progress
119459,2025-08-08,status,In Progress,Done
124384,2025-02-01,status,Backlog,Triage
124384,2025-02-18,status,Triage,For Refinement
113703,2025-04-09,status,Lista de desejos,Backlog
113703,2025-04-13,status,Backlog,Triage
113703,2025-04-16,status,Triage,For Refinement
113703,2025-04-20,status,For Refinement,In Refinement
113703,2025-04-23,status,In Refinement,In Progress
113703,2025-04-27,status,In Progress,Done
112483,2025-04-20,status,Backlog,Triage
120304,2025-05-04,status,Backlog,Triage
120304,2025-05-15,status,Triage,For Refinement
120944,2025-03-01,status,Lista de desejos,Backlog
120944,2025-03-03,status,Backlog,Triage
120944,2025-03-06,status,Triage,For Refinement
120944,2025-03-09,status,For Refinement,In Refinement
120944,2025-03-12,status,In Refinement,In Progress
120944,2025-03-14,status,In Progress,Done
115767,2025-05-02,status,Lista de desejos,Backlog
115767,2025-05-04,status,Backlog,Triage
115767,2025-05-06,status,Triage,For Refinement
115767,2025-05-08,status,For Refinement,In Refinement
115767,2025-05-10,status,In Refinement,In Progress
115767,2025-05-12,status,In Progress,Done
115767,2025-05-14,status,Done,Canceled
121860,2025-10-01,status,Lista de desejos,Backlog
121860,2025-10-05,status,Backlog,Triage
121860,2025-10-08,status,Triage,For Refinement
121860,2025-10-12,status,For Refinement,In Refinement
121860,2025-10-15,status,In Refinement,In Progress
121860,2025-10-19,status,In Progress,Done
123579,2025-05-22,status,Backlog,Triage
123579,2025-05-26,status,Triage,For Refinement
123579,2025-05-29,status,For Refinement,In Refinement
123579,2025-06-02,status,In Refinement,For Technical Analysis
104684,2025-05-17,status,Lista de desejos,Backlog
104684,2025-05-20,status,Backlog,Triage
104684,2025-05-23,status,Triage,For Refinement
104684,2025-05-27,status,For Refinement,In Refinement
104684,2025-05-30,status,In Refinement,In Progress
104684,2025-06-02,status,In Progress,Done
111956,2025-09-23,status,Lista de desejos,Backlog
111956,2025-09-28,status,Backlog,Triage
111956,2025-10-02,status,Triage,For Refinement
111956,2025-10-06,status,For Refinement,In Refinement
111956,2025-10-10,status,In Refinement,In Progress
111956,2025-10-15,status,In Progress,Done
102612,2025-06-11,status,Backlog,Triage
102612,2025-06-16,status,Triage,For Refinement
102612,2025-06-21,status,For Refinement,In Refinement
102612,2025-06-26,status,In Refinement,For Technical Analysis
102612,2025-07-02,status,For Technical Analysis,In Technical Analysis
102612,2025-07-07,status,In Technical Analysis,Ready for Development
102612,2025-07-12,status,Ready for Development,In Development
102612,2025-07-17,status,In Development,For Release
123923,2025-07-16,status,Backlog,Triage
123923,2025-07-19,status,Triage,For Refinement
123923,2025-07-23,status,For Refinement,In Refinement
123923,2025-07-26,status,In Refinement,For Technical Analysis
123923,2025-07-30,status,For Technical Analysis,In Technical Analysis
123923,2025-08-02,status,In Technical Analysis,Ready for Development
115715,2025-05-26,status,Lista de desejos,Backlog
115715,2025-05-29,status,Backlog,Triage
115715,2025-06-01,status,Triage,For Refinement
115715,2025-06-03,status,For Refinement,In Refinement
115715,2025-06-06,status,In Refinement,In Progress
115715,2025-06-09,status,In Progress,Done
113977,2025-08-28,status,Lista de desejos,Backlog
113977,2025-08-31,status,Backlog,Triage
113977,2025-09-03,status,Triage,For Refinement
113977,2025-09-07,status,For Refinement,In Refinement
113977,2025-09-10,status,In Refinement,In Progress
113977,2025-09-13,status,In Progress,Done
116878,2025-08-03,status,Lista de desejos,Backlog
116878,2025-08-07,status,Backlog,Triage
116878,2025-08-11,status,Triage,For Refinement
116878,2025-08-14,status,For Refinement,In Refinement
116878,2025-08-18,status,In Refinement,In Progress
116878,2025-08-22,status,In Progress,Done
106608,2025-05-20,status,Backlog,Triage
106608,2025-05-22,status,Triage,For Refinement
106608,2025-05-24,status,For Refinement,In Refinement
106608,2025-05-26,status,In Refinement,For Technical Analysis
106608,2025-05-28,status,For Technical Analysis,In Technical Analysis
122767,2025-07-28,status,Lista de desejos,Backlog
122767,2025-08-02,status,Backlog,Triage
122767,2025-08-06,status,Triage,For Refinement
122767,2025-08-10,status,For Refinement,In Refinement
122767,2025-08-14,status,In Refinement,In Progress
122767,2025-08-19,status,In Progress,Done
123370,2025-11-13,status,Lista de desejos,Backlog
123370,2025-11-15,status,Backlog,Triage
123370,2025-11-17,status,Triage,For Refinement
123370,2025-11-18,status,For Refinement,In Refinement
123370,2025-11-20,status,In Refinement,In Progress
123370,2025-11-22,status,In Progress,Done
113783,2025-11-17,status,Lista de desejos,Backlog
113783,2025-11-20,status,Backlog,Triage
113783,2025-11-23,status,Triage,For Refinement
113783,2025-11-26,status,For Refinement,In Refinement
113783,2025-11-29,status,In Refinement,In Progress
113783,2025-12-02,status,In Progress,Done
118339,2025-12-20,status,Lista de desejos,Backlog
118339,2025-12-24,status,Backlog,Triage
118339,2025-12-27,status,Triage,For Refinement
118339,2025-12-30,status,For Refinement,In Refinement
118339,2026-01-02,status,In Refinement,In Progress
118339,2026-01-06,status,In Progress,Done
110082,2025-07-13,status,Lista de desejos,Backlog
110082,2025-07-17,status,Backlog,Triage
110082,2025-07-21,status,Triage,For Refinement
110082,2025-07-24,status,For Refinement,In Refinement
110082,2025-07-28,status,In Refinement,In Progress
110082,2025-08-01,status,In Progress,Done
107558,2025-10-13,status,Lista de desejos,Backlog
107558,2025-10-16,status,Backlog,Triage
107558,2025-10-19,status,Triage,For Refinement
107558,2025-10-23,status,For Refinement,In Refinement
107558,2025-10-26,status,In Refinement,In Progress
107558,2025-10-29,status,In Progress,Done
124957,2025-08-24,status,Backlog,Triage
124957,2025-08-28,status,Triage,For Refinement
124957,2025-08-31,status,For Refinement,In Refinement
123374,2025-03-05,status,Lista de desejos,Backlog
123374,2025-03-08,status,Backlog,Triage
123374,2025-03-11,status,Triage,For Refinement
123374,2025-03-15,status,For Refinement,In Refinement
123374,2025-03-18,status,In Refinement,In Progress
123374,2025-03-21,status,In Progress,Done
110048,2025-08-18,status,Lista de desejos,Backlog
110048,2025-08-22,status,Backlog,Triage
110048,2025-08-26,status,Triage,For Refinement
110048,2025-08-31,status,For Refinement,In Refinement
110048,2025-09-04,status,In Refinement,In Progress
110048,2025-09-08,status,In Progress,Done
121516,2025-09-19,status,Lista de desejos,Backlog
121516,2025-09-22,status,Backlog,Triage
121516,2025-09-26,status,Triage,For Refinement
121516,2025-09-29,status,For Refinement,In Refinement
121516,2025-10-03,status,In Refinement,In Progress
121516,2025-10-06,status,In Progress,Done
100907,2025-03-23,status,Backlog,Triage
100907,2025-03-26,status,Triage,For Refinement
100907,2025-03-30,status,For Refinement,In Refinement
100907,2025-04-02,status,In Refinement,For Technical Analysis
100907,2025-04-06,status,For Technical Analysis,In Technical Analysis
100907,2025-04-10,status,In Technical Analysis,Ready for Development
100907,2025-04-13,status,Ready for Development,In Development
100907,2025-04-17,status,In Development,For Release
100907,2025-04-20,status,For Release,Waiting Information
117031,2025-08-14,status,Lista de desejos,Backlog
117031,2025-08-18,status,Backlog,Triage
117031,2025-08-22,status,Triage,For Refinement
117031,2025-08-27,status,For Refinement,In Refinement
117031,2025-08-31,status,In Refinement,In Progress
117031,2025-09-04,status,In Progress,Done
113817,2025-02-21,status,Lista de desejos,Backlog
113817,2025-02-22,status,Backlog,Triage
113817,2025-02-24,status,Triage,For Refinement
113817,2025-02-25,status,For Refinement,In Refinement
113817,2025-02-27,status,In Refinement,In Progress
113817,2025-02-28,status,In Progress,Done
103456,2025-01-03,status,Lista de desejos,Backlog
103456,2025-01-05,status,Backlog,Triage
103456,2025-01-07,status,Triage,For Refinement
103456,2025-01-09,status,For Refinement,In Refinement
103456,2025-01-11,status,In Refinement,In Progress
103456,2025-01-13,status,In Progress,Done
103456,2025-01-15,status,Done,Canceled
124771,2025-05-31,status,Lista de desejos,Backlog
124771,2025-06-05,status,Backlog,Triage
124771,2025-06-09,status,Triage,For Refinement
124771,2025-06-13,status,For Refinement,In Refinement
124771,2025-06-17,status,In Refinement,In Progress
124771,2025-06-22,status,In Progress,Done
103298,2025-05-03,status,Lista de desejos,Backlog
103298,2025-05-04,status,Backlog,Triage
103298,2025-05-05,status,Triage,For Refinement
103298,2025-05-07,status,For Refinement,In Refinement
103298,2025-05-09,status,In Refinement,In Progress
103298,2025-05-10,status,In Progress,Done
103298,2025-05-11,status,Done,Canceled
100206,2025-08-01,status,Backlog,Triage
100206,2025-08-09,status,Triage,For Refinement
100206,2025-08-16,status,For Refinement,In Refinement
100206,2025-08-24,status,In Refinement,For Technical Analysis
100206,2025-08-31,status,For Technical Analysis,In Technical Analysis
100206,2025-09-08,status,In Technical Analysis,Ready for Development
102464,2025-09-15,status,Lista de desejos,Backlog
102464,2025-09-18,status,Backlog,Triage
102464,2025-09-21,status,Triage,For Refinement
102464,2025-09-23,status,For Refinement,In Refinement
102464,2025-09-26,status,In Refinement,In Progress
102464,2025-09-29,status,In Progress,Done
103722,2025-06-08,status,Backlog,Triage
103722,2025-06-20,status,Triage,For Refinement
103722,2025-07-01,status,For Refinement,In Refinement
123997,2025-06-08,status,Backlog,Triage
124028,2025-08-28,status,Lista de desejos,Backlog
124028,2025-08-30,status,Backlog,Triage
124028,2025-09-01,status,Triage,For Refinement
124028,2025-09-02,status,For Refinement,In Refinement
124028,2025-09-04,status,In Refinement,In Progress
124028,2025-09-06,status,In Progress,Done
124043,2025-04-04,status,Lista de desejos,Backlog
124043,2025-04-06,status,Backlog,Triage
124043,2025-04-07,status,Triage,For Refinement
124043,2025-04-09,status,For Refinement,In Refinement
124043,2025-04-10,status,In Refinement,In Progress
124043,2025-04-12,status,In Progress,Done
104235,2025-02-15,status,Backlog,Triage
104235,2025-02-21,status,Triage,For Refinement
104235,2025-02-27,status,For Refinement,In Refinement
104235,2025-03-06,status,In Refinement,For Technical Analysis
104235,2025-03-12,status,For Technical Analysis,In Technical Analysis
104235,2025-03-18,status,In Technical Analysis,Ready for Development
114160,2025-08-18,status,Lista de desejos,Backlog
114160,2025-08-20,status,Backlog,Triage
114160,2025-08-22,status,Triage,For Refinement
114160,2025-08-24,status,For Refinement,In Refinement
114160,2025-08-26,status,In Refinement,In Progress
114160,2025-08-28,status,In Progress,Done
108837,2025-07-01,status,Backlog,Triage
108837,2025-07-07,status,Triage,For Refinement
108837,2025-07-13,status,For Refinement,In Refinement
108837,2025-07-19,status,In Refinement,For Technical Analysis
100521,2025-08-14,status,Backlog,Triage
100521,2025-08-17,status,Triage,For Refinement
100521,2025-08-21,status,For Refinement,In Refinement
100521,2025-08-24,status,In Refinement,For Technical Analysis
100521,2025-08-27,status,For Technical Analysis,In Technical Analysis
100521,2025-08-31,status,In Technical Analysis,Ready for Development
100521,2025-09-03,status,Ready for Development,In Development
121895,2025-10-17,status,Backlog,Triage
121895,2025-10-21,status,Triage,For Refinement
121895,2025-10-24,status,For Refinement,In Refinement
121895,2025-10-27,status,In Refinement,For Technical Analysis
121895,2025-10-30,status,For Technical Analysis,In Technical Analysis
121895,2025-11-03,status,In Technical Analysis,Ready for Development
100569,2025-08-06,status,Backlog,Triage
111952,2025-06-15,status,Backlog,Triage
111952,2025-06-26,status,Triage,For Refinement
111952,2025-07-07,status,For Refinement,In Refinement
111952,2025-07-18,status,In Refinement,For Technical Analysis
118823,2025-08-01,status,Backlog,Triage
118823,2025-08-07,status,Triage,For Refinement
118823,2025-08-13,status,For Refinement,In Refinement
118823,2025-08-19,status,In Refinement,For Technical Analysis
101525,2025-03-26,status,Lista de desejos,Backlog
101525,2025-03-30,status,Backlog,Triage
101525,2025-04-03,status,Triage,For Refinement
101525,2025-04-07,status,For Refinement,In Refinement
101525,2025-04-11,status,In Refinement,In Progress
101525,2025-04-15,status,In Progress,Done
100995,2025-07-24,status,Lista de desejos,Backlog
100995,2025-07-28,status,Backlog,Triage
100995,2025-08-01,status,Triage,For Refinement
100995,2025-08-05,status,For Refinement,In Refinement
100995,2025-08-09,status,In Refinement,In Progress
100995,2025-08-13,status,In Progress,Done
116320,2025-05-22,status,Backlog,Triage
116320,2025-05-29,status,Triage,For Refinement
116320,2025-06-05,status,For Refinement,In Refinement
103749,2025-11-14,status,Lista de desejos,Backlog
103749,2025-11-16,status,Backlog,Triage
103749,2025-11-18,status,Triage,For Refinement
103749,2025-11-20,status,For Refinement,In Refinement
103749,2025-11-23,status,In Refinement,In Progress
103749,2025-11-25,status,In Progress,Done
103749,2025-11-27,status,Done,Canceled
118700,2025-01-04,status,Lista de desejos,Backlog
118700,2025-01-07,status,Backlog,Triage
118700,2025-01-10,status,Triage,For Refinement
118700,2025-01-12,status,For Refinement,In Refinement
118700,2025-01-15,status,In Refinement,In Progress
118700,2025-01-18,status,In Progress,Done
114264,2025-05-11,status,Lista de desejos,Backlog
114264,2025-05-12,status,Backlog,Triage
114264,2025-05-14,status,Triage,For Refinement
114264,2025-05-16,status,For Refinement,In Refinement
114264,2025-05-18,status,In Refinement,In Progress
114264,2025-05-19,status,In Progress,Done
118342,2025-05-29,status,Lista de desejos,Backlog
118342,2025-06-01,status,Backlog,Triage
118342,2025-06-05,status,Triage,For Refinement
118342,2025-06-08,status,For Refinement,In Refinement
118342,2025-06-12,status,In Refinement,In Progress
118342,2025-06-15,status,In Progress,Done
110069,2025-04-23,status,Lista de desejos,Backlog
110069,2025-04-24,status,Backlog,Triage
110069,2025-04-26,status,Triage,For Refinement
110069,2025-04-27,status,For Refinement,In Refinement
110069,2025-04-29,status,In Refinement,In Progress
110069,2025-04-30,status,In Progress,Done
115006,2025-04-23,status,Lista de desejos,Backlog
115006,2025-04-26,status,Backlog,Triage
115006,2025-04-28,status,Triage,For Refinement
115006,2025-05-01,status,For Refinement,In Refinement
115006,2025-05-03,status,In Refinement,In Progress
115006,2025-05-06,status,In Progress,Done
110087,2025-03-13,status,Lista de desejos,Backlog
110087,2025-03-16,status,Backlog,Triage
110087,2025-03-20,status,Triage,For Refinement
110087,2025-03-23,status,For Refinement,In Refinement
110087,2025-03-27,status,In Refinement,In Progress
110087,2025-03-30,status,In Progress,Done
109126,2025-05-04,status,Lista de desejos,Backlog
109126,2025-05-07,status,Backlog,Triage
109126,2025-05-11,status,Triage,For Refinement
109126,2025-05-15,status,For Refinement,In Refinement
109126,2025-05-19,status,In Refinement,In Progress
109126,2025-05-22,status,In Progress,Done
105596,2025-09-17,status,Backlog,Triage
105596,2025-09-21,status,Triage,For Refinement
105596,2025-09-25,status,For Refinement,In Refinement
105596,2025-09-29,status,In Refinement,For Technical Analysis
105596,2025-10-02,status,For Technical Analysis,In Technical Analysis
105596,2025-10-06,status,In Technical Analysis,Ready for Development
105596,2025-10-10,status,Ready for Development,In Development
105596,2025-10-14,status,In Development,For Release
122863,2025-07-28,status,Lista de desejos,Backlog
122863,2025-08-01,status,Backlog,Triage
122863,2025-08-04,status,Triage,For Refinement
122863,2025-08-08,status,For Refinement,In Refinement
122863,2025-08-11,status,In Refinement,In Progress
122863,2025-08-15,status,In Progress,Done
111376,2025-05-11,status,Lista de desejos,Backlog
111376,2025-05-13,status,Backlog,Triage
111376,2025-05-14,status,Triage,For Refinement
111376,2025-05-16,status,For Refinement,In Refinement
111376,2025-05-17,status,In Refinement,In Progress
111376,2025-05-19,status,In Progress,Done
122543,2025-03-25,status,Lista de desejos,Backlog
122543,2025-03-29,status,Backlog,Triage
122543,2025-04-02,status,Triage,For Refinement
122543,2025-04-06,status,For Refinement,In Refinement
122543,2025-04-10,status,In Refinement,In Progress
122543,2025-04-14,status,In Progress,Done
101807,2025-07-14,status,Backlog,Triage
101807,2025-07-17,status,Triage,For Refinement
101807,2025-07-20,status,For Refinement,In Refinement
101807,2025-07-23,status,In Refinement,For Technical Analysis
101807,2025-07-26,status,For Technical Analysis,In Technical Analysis
103215,2025-06-02,status,Backlog,Triage
110043,2025-01-19,status,Lista de desejos,Backlog
110043,2025-01-22,status,Backlog,Triage
110043,2025-01-25,status,Triage,For Refinement
110043,2025-01-28,status,For Refinement,In Refinement
110043,2025-01-31,status,In Refinement,In Progress
110043,2025-02-03,status,In Progress,Done
107250,2025-05-28,status,Backlog,Triage
107250,2025-06-14,status,Triage,For Refinement
120744,2025-08-11,status,Backlog,Triage
115305,2025-06-22,status,Lista de desejos,Backlog
115305,2025-06-26,status,Backlog,Triage
115305,2025-06-30,status,Triage,For Refinement
115305,2025-07-04,status,For Refinement,In Refinement
115305,2025-07-08,status,In Refinement,In Progress
115305,2025-07-12,status,In Progress,Done
104979,2025-05-01,status,Backlog,Triage
104979,2025-05-11,status,Triage,For Refinement
104979,2025-05-20,status,For Refinement,In Refinement
101716,2025-12-17,status,Lista de desejos,Backlog
101716,2025-12-20,status,Backlog,Triage
101716,2025-12-23,status,Triage,For Refinement
101716,2025-12-25,status,For Refinement,In Refinement
101716,2025-12-28,status,In Refinement,In Progress
101716,2025-12-31,status,In Progress,Done
109361,2025-12-27,status,Lista de desejos,Backlog
109361,2025-12-29,status,Backlog,Triage
109361,2025-12-30,status,Triage,For Refinement
109361,2026-01-01,status,For Refinement,In Refinement
109361,2026-01-02,status,In Refinement,In Progress
109361,2026-01-04,status,In Progress,Done
111541,2025-07-28,status,Backlog,Triage
111541,2025-08-04,status,Triage,For Refinement
111541,2025-08-11,status,For Refinement,In Refinement
118698,2025-09-19,status,Lista de desejos,Backlog
118698,2025-09-21,status,Backlog,Triage
118698,2025-09-22,status,Triage,For Refinement
118698,2025-09-24,status,For Refinement,In Refinement
118698,2025-09-25,status,In Refinement,In Progress
118698,2025-09-27,status,In Progress,Done
101073,2025-10-17,status,Backlog,Triage
101073,2025-10-28,status,Triage,For Refinement
101073,2025-11-09,status,For Refinement,In Refinement
101073,2025-11-20,status,In Refinement,For Technical Analysis
114779,2025-05-24,status,Lista de desejos,Backlog
114779,2025-05-27,status,Backlog,Triage
114779,2025-05-30,status,Triage,For Refinement
114779,2025-06-01,status,For Refinement,In Refinement
114779,2025-06-04,status,In Refinement,In Progress
114779,2025-06-07,status,In Progress,Done
118391,2025-06-10,status,Lista de desejos,Backlog
118391,2025-06-14,status,Backlog,Triage
118391,2025-06-18,status,Triage,For Refinement
118391,2025-06-21,status,For Refinement,In Refinement
118391,2025-06-25,status,In Refinement,In Progress
118391,2025-06-29,status,In Progress,Done
107226,2025-08-25,status,Lista de desejos,Backlog
107226,2025-08-28,status,Backlog,Triage
107226,2025-08-30,status,Triage,For Refinement
107226,2025-09-01,status,For Refinement,In Refinement
107226,2025-09-03,status,In Refinement,In Progress
107226,2025-09-06,status,In Progress,Done
123085,2025-04-29,status,Lista de desejos,Backlog
123085,2025-05-01,status,Backlog,Triage
123085,2025-05-03,status,Triage,For Refinement
123085,2025-05-05,status,For Refinement,In Refinement
123085,2025-05-08,status,In Refinement,In Progress
123085,2025-05-10,status,In Progress,Done
123085,2025-05-12,status,Done,Canceled
115318,2025-06-05,status,Backlog,Triage
115318,2025-06-06,status,Triage,For Refinement
115318,2025-06-08,status,For Refinement,In Refinement
115318,2025-06-10,status,In Refinement,For Technical Analysis
115318,2025-06-11,status,For Technical Analysis,In Technical Analysis
104430,2025-08-04,status,Lista de desejos,Backlog
104430,2025-08-07,status,Backlog,Triage
104430,2025-08-11,status,Triage,For Refinement
104430,2025-08-14,status,For Refinement,In Refinement
104430,2025-08-18,status,In Refinement,In Progress
104430,2025-08-21,status,In Progress,Done
121413,2025-06-20,status,Backlog,Triage
121413,2025-07-03,status,Triage,For Refinement
108247,2025-04-17,status,Lista de desejos,Backlog
108247,2025-04-19,status,Backlog,Triage
108247,2025-04-21,status,Triage,For Refinement
108247,2025-04-22,status,For Refinement,In Refinement
108247,2025-04-24,status,In Refinement,In Progress
108247,2025-04-26,status,In Progress,Done
115849,2025-10-02,status,Lista de desejos,Backlog
115849,2025-10-06,status,Backlog,Triage
115849,2025-10-10,status,Triage,For Refinement
115849,2025-10-13,status,For Refinement,In Refinement
115849,2025-10-17,status,In Refinement,In Progress
115849,2025-10-21,status,In Progress,Done
116090,2025-08-24,status,Lista de desejos,Backlog
116090,2025-08-26,status,Backlog,Triage
116090,2025-08-28,status,Triage,For Refinement
116090,2025-08-29,status,For Refinement,In Refinement
116090,2025-08-31,status,In Refinement,In Progress
116090,2025-09-02,status,In Progress,Done
124543,2025-08-28,status,Lista de desejos,Backlog
124543,2025-08-31,status,Backlog,Triage
124543,2025-09-04,status,Triage,For Refinement
124543,2025-09-08,status,For Refinement,In Refinement
124543,2025-09-12,status,In Refinement,In Progress
124543,2025-09-15,status,In Progress,Done
121198,2025-04-04,status,Backlog,Triage
121198,2025-04-16,status,Triage,For Refinement
121198,2025-04-29,status,For Refinement,In Refinement
101397,2025-03-23,status,Lista de desejos,Backlog
101397,2025-03-25,status,Backlog,Triage
101397,2025-03-28,status,Triage,For Refinement
101397,2025-03-30,status,For Refinement,In Refinement
101397,2025-04-02,status,In Refinement,In Progress
101397,2025-04-04,status,In Progress,Done
109656,2025-06-17,status,Lista de desejos,Backlog
109656,2025-06-19,status,Backlog,Triage
109656,2025-06-22,status,Triage,For Refinement
109656,2025-06-24,status,For Refinement,In Refinement
109656,2025-06-27,status,In Refinement,In Progress
109656,2025-06-29,status,In Progress,Done
107520,2025-05-28,status,Lista de desejos,Backlog
107520,2025-05-29,status,Backlog,Triage
107520,2025-05-31,status,Triage,For Refinement
107520,2025-06-02,status,For Refinement,In Refinement
107520,2025-06-04,status,In Refinement,In Progress
107520,2025-06-05,status,In Progress,Done
115572,2025-02-07,status,Lista de desejos,Backlog
115572,2025-02-09,status,Backlog,Triage
115572,2025-02-12,status,Triage,For Refinement
115572,2025-02-15,status,For Refinement,In Refinement
115572,2025-02-18,status,In Refinement,In Progress
115572,2025-02-20,status,In Progress,Done
110029,2025-09-04,status,Backlog,Triage
110029,2025-09-13,status,Triage,For Refinement
110029,2025-09-23,status,For Refinement,In Refinement
110029,2025-10-02,status,In Refinement,For Technical Analysis
116491,2025-08-28,status,Lista de desejos,Backlog
116491,2025-08-31,status,Backlog,Triage
116491,2025-09-02,status,Triage,For Refinement
116491,2025-09-05,status,For Refinement,In Refinement
116491,2025-09-08,status,In Refinement,In Progress
116491,2025-09-10,status,In Progress,Done
116491,2025-09-13,status,Done,Canceled
112890,2025-07-09,status,Backlog,Triage
112890,2025-07-11,status,Triage,For Refinement
112890,2025-07-14,status,For Refinement,In Refinement
112890,2025-07-17,status,In Refinement,For Technical Analysis
112890,2025-07-19,status,For Technical Analysis,In Technical Analysis
116837,2025-09-05,status,Lista de desejos,Backlog
116837,2025-09-07,status,Backlog,Triage
116837,2025-09-08,status,Triage,For Refinement
116837,2025-09-10,status,For Refinement,In Refinement
116837,2025-09-11,status,In Refinement,In Progress
116837,2025-09-13,status,In Progress,Done
119290,2025-06-16,status,Lista de desejos,Backlog
119290,2025-06-18,status,Backlog,Triage
119290,2025-06-21,status,Triage,For Refinement
119290,2025-06-24,status,For Refinement,In Refinement
119290,2025-06-27,status,In Refinement,In Progress
119290,2025-06-29,status,In Progress,Done
122511,2025-06-14,status,Backlog,Triage
122511,2025-06-17,status,Triage,For Refinement
122511,2025-06-19,status,For Refinement,In Refinement
122511,2025-06-22,status,In Refinement,For Technical Analysis
113066,2025-08-13,status,Backlog,Triage
113066,2025-08-24,status,Triage,For Refinement
113066,2025-09-04,status,For Refinement,In Refinement
122018,2025-04-10,status,Lista de desejos,Backlog
122018,2025-04-12,status,Backlog,Triage
122018,2025-04-14,status,Triage,For Refinement
122018,2025-04-16,status,For Refinement,In Refinement
122018,2025-04-18,status,In Refinement,In Progress
122018,2025-04-20,status,In Progress,Done
122018,2025-04-22,status,Done,Canceled
110487,2025-12-15,status,Lista de desejos,Backlog
110487,2025-12-17,status,Backlog,Triage
110487,2025-12-20,status,Triage,For Refinement
110487,2025-12-22,status,For Refinement,In Refinement
110487,2025-12-25,status,In Refinement,In Progress
110487,2025-12-27,status,In Progress,Done
124744,2025-03-25,status,Lista de desejos,Backlog
124744,2025-03-29,status,Backlog,Triage
124744,2025-04-02,status,Triage,For Refinement
124744,2025-04-05,status,For Refinement,In Refinement
124744,2025-04-09,status,In Refinement,In Progress
124744,2025-04-13,status,In Progress,Done
103380,2025-05-02,status,Lista de desejos,Backlog
103380,2025-05-05,status,Backlog,Triage
103380,2025-05-08,status,Triage,For Refinement
103380,2025-05-12,status,For Refinement,In Refinement
103380,2025-05-15,status,In Refinement,In Progress
103380,2025-05-18,status,In Progress,Done
106818,2025-07-07,status,Lista de desejos,Backlog
106818,2025-07-09,status,Backlog,Triage
106818,2025-07-11,status,Triage,For Refinement
106818,2025-07-12,status,For Refinement,In Refinement
106818,2025-07-14,status,In Refinement,In Progress
106818,2025-07-16,status,In Progress,Done
124408,2025-09-03,status,Lista de desejos,Backlog
124408,2025-09-06,status,Backlog,Triage
124408,2025-09-09,status,Triage,For Refinement
124408,2025-09-13,status,For Refinement,In Refinement
124408,2025-09-16,status,In Refinement,In Progress
124408,2025-09-19,status,In Progress,Done
121923,2025-06-18,status,Backlog,Triage
121923,2025-06-25,status,Triage,For Refinement
114798,2025-07-18,status,Backlog,Triage
114798,2025-07-24,status,Triage,For Refinement
114798,2025-07-30,status,For Refinement,In Refinement
114798,2025-08-05,status,In Refinement,For Technical Analysis
114798,2025-08-11,status,For Technical Analysis,In Technical Analysis
114798,2025-08-17,status,In Technical Analysis,Ready for Development
114213,2025-05-09,status,Lista de desejos,Backlog
114213,2025-05-10,status,Backlog,Triage
114213,2025-05-12,status,Triage,For Refinement
114213,2025-05-14,status,For Refinement,In Refinement
114213,2025-05-16,status,In Refinement,In Progress
114213,2025-05-17,status,In Progress,Done
120498,2025-12-31,status,Backlog,Triage
120498,2026-01-08,status,Triage,For Refinement
114718,2025-08-19,status,Backlog,Triage
114718,2025-08-22,status,Triage,For Refinement
114718,2025-08-26,status,For Refinement,In Refinement
114718,2025-08-29,status,In Refinement,For Technical Analysis
101254,2025-11-03,status,Lista de desejos,Backlog
101254,2025-11-05,status,Backlog,Triage
101254,2025-11-07,status,Triage,For Refinement
101254,2025-11-08,status,For Refinement,In Refinement
101254,2025-11-10,status,In Refinement,In Progress
101254,2025-11-12,status,In Progress,Done
108983,2025-08-31,status,Backlog,Triage
108983,2025-09-10,status,Triage,For Refinement
104143,2025-09-03,status,Backlog,Triage
104143,2025-09-05,status,Triage,For Refinement
104143,2025-09-06,status,For Refinement,In Refinement
104143,2025-09-08,status,In Refinement,For Technical Analysis
104143,2025-09-10,status,For Technical Analysis,In Technical Analysis
104143,2025-09-11,status,In Technical Analysis,Ready for Development
104143,2025-09-13,status,Ready for Development,In Development
120132,2025-08-01,status,Lista de desejos,Backlog
120132,2025-08-03,status,Backlog,Triage
120132,2025-08-06,status,Triage,For Refinement
120132,2025-08-09,status,For Refinement,In Refinement
120132,2025-08-12,status,In Refinement,In Progress
120132,2025-08-14,status,In Progress,Done
123050,2025-01-16,status,Lista de desejos,Backlog
123050,2025-01-19,status,Backlog,Triage
123050,2025-01-22,status,Triage,For Refinement
123050,2025-01-24,status,For Refinement,In Refinement
123050,2025-01-27,status,In Refinement,In Progress
123050,2025-01-30,status,In Progress,Done
120354,2025-08-21,status,Lista de desejos,Backlog
120354,2025-08-24,status,Backlog,Triage
120354,2025-08-26,status,Triage,For Refinement
120354,2025-08-29,status,For Refinement,In Refinement
120354,2025-08-31,status,In Refinement,In Progress
120354,2025-09-03,status,In Progress,Done
115236,2025-07-23,status,Backlog,Triage
115236,2025-07-26,status,Triage,For Refinement
115236,2025-07-30,status,For Refinement,In Refinement
115236,2025-08-02,status,In Refinement,For Technical Analysis
115236,2025-08-06,status,For Technical Analysis,In Technical Analysis
115236,2025-08-09,status,In Technical Analysis,Ready for Development
115775,2025-10-05,status,Lista de desejos,Backlog
115775,2025-10-08,status,Backlog,Triage
115775,2025-10-11,status,Triage,For Refinement
115775,2025-10-15,status,For Refinement,In Refinement
115775,2025-10-18,status,In Refinement,In Progress
115775,2025-10-21,status,In Progress,Done
100832,2025-07-09,status,Lista de desejos,Backlog
100832,2025-07-10,status,Backlog,Triage
100832,2025-07-11,status,Triage,For Refinement
100832,2025-07-13,status,For Refinement,In Refinement
100832,2025-07-15,status,In Refinement,In Progress
100832,2025-07-16,status,In Progress,Done
100832,2025-07-17,status,Done,Canceled
103153,2025-10-12,status,Lista de desejos,Backlog
103153,2025-10-16,status,Backlog,Triage
103153,2025-10-19,status,Triage,For Refinement
103153,2025-10-22,status,For Refinement,In Refinement
103153,2025-10-25,status,In Refinement,In Progress
103153,2025-10-29,status,In Progress,Done
114210,2025-06-15,status,Lista de desejos,Backlog
114210,2025-06-23,status,Backlog,Triage
114210,2025-07-02,status,Triage,For Refinement
111625,2025-08-18,status,Backlog,Triage
111625,2025-08-23,status,Triage,For Refinement
111625,2025-08-29,status,For Refinement,In Refinement
111625,2025-09-03,status,In Refinement,For Technical Analysis
104790,2025-08-24,status,Lista de desejos,Backlog
104790,2025-08-25,status,Backlog,Triage
104790,2025-08-27,status,Triage,For Refinement
104790,2025-08-29,status,For Refinement,In Refinement
104790,2025-08-31,status,In Refinement,In Progress
104790,2025-09-01,status,In Progress,Done
106389,2025-09-06,status,Backlog,Triage
106389,2025-09-08,status,Triage,For Refinement
106389,2025-09-11,status,For Refinement,In Refinement
106389,2025-09-13,status,In Refinement,For Technical Analysis
106389,2025-09-15,status,For Technical Analysis,In Technical Analysis
106389,2025-09-17,status,In Technical Analysis,Ready for Development
106389,2025-09-20,status,Ready for Development,In Development
106389,2025-09-22,status,In Development,For Release
109603,2025-03-24,status,Lista de desejos,Backlog
109603,2025-03-27,status,Backlog,Triage
109603,2025-03-29,status,Triage,For Refinement
109603,2025-04-01,status,For Refinement,In Refinement
109603,2025-04-03,status,In Refinement,In Progress
109603,2025-04-05,status,In Progress,Done
109603,2025-04-08,status,Done,Canceled
108615,2025-10-18,status,Backlog,Triage
108615,2025-10-22,status,Triage,For Refinement
108615,2025-10-27,status,For Refinement,In Refinement
108615,2025-10-31,status,In Refinement,For Technical Analysis
108615,2025-11-04,status,For Technical Analysis,In Technical Analysis
108615,2025-11-08,status,In Technical Analysis,Ready for Development
108615,2025-11-13,status,Ready for Development,In Development
108615,2025-11-17,status,In Development,For Release
122969,2025-09-14,status,Backlog,Triage
108875,2025-12-24,status,Backlog,Triage
108875,2025-12-30,status,Triage,For Refinement
108875,2026-01-04,status,For Refinement,In Refinement
108875,2026-01-10,status,In Refinement,For Technical Analysis
101989,2025-03-20,status,Lista de desejos,Backlog
101989,2025-03-22,status,Backlog,Triage
101989,2025-03-25,status,Triage,For Refinement
101989,2025-03-27,status,For Refinement,In Refinement
101989,2025-03-30,status,In Refinement,In Progress
101989,2025-04-01,status,In Progress,Done
104805,2025-06-23,status,Lista de desejos,Backlog
104805,2025-06-26,status,Backlog,Triage
104805,2025-06-30,status,Triage,For Refinement
104805,2025-07-04,status,For Refinement,In Refinement
104805,2025-07-08,status,In Refinement,In Progress
104805,2025-07-11,status,In Progress,Done
108028,2025-03-29,status,Backlog,Triage
108028,2025-04-04,status,Triage,For Refinement
108028,2025-04-09,status,For Refinement,In Refinement
108028,2025-04-15,status,In Refinement,For Technical Analysis
108028,2025-04-20,status,For Technical Analysis,In Technical Analysis
108028,2025-04-26,status,In Technical Analysis,Ready for Development
108028,2025-05-01,status,Ready for Development,In Development
108028,2025-05-07,status,In Development,For Release
116237,2025-07-15,status,Backlog,Triage
116237,2025-07-23,status,Triage,For Refinement
116237,2025-07-30,status,For Refinement,In Refinement
116237,2025-08-06,status,In Refinement,For Technical Analysis
116237,2025-08-13,status,For Technical Analysis,In Technical Analysis
116237,2025-08-21,status,In Technical Analysis,Ready for Development
109449,2025-06-05,status,Backlog,Triage
110108,2025-09-18,status,Lista de desejos,Backlog
110108,2025-09-21,status,Backlog,Triage
110108,2025-09-23,status,Triage,For Refinement
110108,2025-09-26,status,For Refinement,In Refinement
110108,2025-09-28,status,In Refinement,In Progress
110108,2025-10-01,status,In Progress,Done
118176,2025-05-16,status,Lista de desejos,Backlog
118176,2025-05-20,status,Backlog,Triage
118176,2025-05-24,status,Triage,For Refinement
118176,2025-05-29,status,For Refinement,In Refinement
118176,2025-06-02,status,In Refinement,In Progress
118176,2025-06-06,status,In Progress,Done
116380,2025-09-14,status,Lista de desejos,Backlog
116380,2025-09-16,status,Backlog,Triage
116380,2025-09-19,status,Triage,For Refinement
116380,2025-09-22,status,For Refinement,In Refinement
116380,2025-09-25,status,In Refinement,In Progress
116380,2025-09-27,status,In Progress,Done
115384,2025-09-02,status,Lista de desejos,Backlog
115384,2025-09-06,status,Backlog,Triage
115384,2025-09-09,status,Triage,For Refinement
115384,2025-09-12,status,For Refinement,In Refinement
115384,2025-09-15,status,In Refinement,In Progress
115384,2025-09-19,status,In Progress,Done
102635,2025-10-31,status,Lista de desejos,Backlog
102635,2025-11-01,status,Backlog,Triage
102635,2025-11-03,status,Triage,For Refinement
102635,2025-11-05,status,For Refinement,In Refinement
102635,2025-11-07,status,In Refinement,In Progress
102635,2025-11-08,status,In Progress,Done
104657,2025-05-07,status,Lista de desejos,Backlog
104657,2025-05-10,status,Backlog,Triage
104657,2025-05-13,status,Triage,For Refinement
104657,2025-05-16,status,For Refinement,In Refinement
104657,2025-05-19,status,In Refinement,In Progress
104657,2025-05-22,status,In Progress,Done
124872,2025-06-10,status,Lista de desejos,Backlog
124872,2025-06-13,status,Backlog,Triage
124872,2025-06-16,status,Triage,For Refinement
124872,2025-06-20,status,For Refinement,In Refinement
124872,2025-06-23,status,In Refinement,In Progress
124872,2025-06-26,status,In Progress,Done
119030,2025-08-09,status,Lista de desejos,Backlog
119030,2025-08-12,status,Backlog,Triage
119030,2025-08-15,status,Triage,For Refinement
119030,2025-08-18,status,For Refinement,In Refinement
119030,2025-08-21,status,In Refinement,In Progress
119030,2025-08-24,status,In Progress,Done
117874,2025-07-26,status,Lista de desejos,Backlog
117874,2025-07-31,status,Backlog,Triage
117874,2025-08-04,status,Triage,For Refinement
117874,2025-08-08,status,For Refinement,In Refinement
117874,2025-08-12,status,In Refinement,In Progress
117874,2025-08-17,status,In Progress,Done
115294,2025-07-06,status,Backlog,Triage
107659,2025-09-03,status,Lista de desejos,Backlog
107659,2025-09-04,status,Backlog,Triage
107659,2025-09-06,status,Triage,For Refinement
107659,2025-09-07,status,For Refinement,In Refinement
107659,2025-09-09,status,In Refinement,In Progress
107659,2025-09-10,status,In Progress,Done
117651,2025-08-15,status,Backlog,Triage
117651,2025-08-24,status,Triage,For Refinement
117651,2025-09-02,status,For Refinement,In Refinement
117651,2025-09-11,status,In Refinement,For Technical Analysis
121136,2025-04-10,status,Lista de desejos,Backlog
121136,2025-04-12,status,Backlog,Triage
121136,2025-04-14,status,Triage,For Refinement
121136,2025-04-17,status,For Refinement,In Refinement
121136,2025-04-19,status,In Refinement,In Progress
121136,2025-04-21,status,In Progress,Done
104065,2025-07-01,status,Backlog,Triage
104065,2025-07-10,status,Triage,For Refinement
119245,2025-10-08,status,Lista de desejos,Backlog
119245,2025-10-10,status,Backlog,Triage
119245,2025-10-12,status,Triage,For Refinement
119245,2025-10-13,status,For Refinement,In Refinement
119245,2025-10-15,status,In Refinement,In Progress
119245,2025-10-17,status,In Progress,Done
110850,2025-03-21,status,Lista de desejos,Backlog
110850,2025-03-26,status,Backlog,Triage
110850,2025-03-30,status,Triage,For Refinement
110850,2025-04-03,status,For Refinement,In Refinement
110850,2025-04-07,status,In Refinement,In Progress
110850,2025-04-12,status,In Progress,Done
113761,2025-10-15,status,Lista de desejos,Backlog
113761,2025-10-20,status,Backlog,Triage
113761,2025-10-24,status,Triage,For Refinement
113761,2025-10-28,status,For Refinement,In Refinement
113761,2025-11-01,status,In Refinement,In Progress
113761,2025-11-06,status,In Progress,Done
112469,2025-04-13,status,Backlog,Triage
112469,2025-04-17,status,Triage,For Refinement
112469,2025-04-21,status,For Refinement,In Refinement
103053,2025-08-03,status,Lista de desejos,Backlog
103053,2025-08-07,status,Backlog,Triage
103053,2025-08-10,status,Triage,For Refinement
103053,2025-08-14,status,For Refinement,In Refinement
103053,2025-08-17,status,In Refinement,In Progress
103053,2025-08-21,status,In Progress,Done
114734,2025-10-23,status,Backlog,Triage
114734,2025-10-26,status,Triage,For Refinement
114734,2025-10-29,status,For Refinement,In Refinement
114734,2025-11-01,status,In Refinement,For Technical Analysis
114734,2025-11-04,status,For Technical Analysis,In Technical Analysis
108731,2025-08-24,status,Backlog,Triage
108731,2025-08-27,status,Triage,For Refinement
108731,2025-08-31,status,For Refinement,In Refinement
108731,2025-09-03,status,In Refinement,For Technical Analysis
108731,2025-09-06,status,For Technical Analysis,In Technical Analysis
108731,2025-09-10,status,In Technical Analysis,Ready for Development
108731,2025-09-13,status,Ready for Development,In Development
103655,2025-02-03,status,Backlog,Triage
103655,2025-02-06,status,Triage,For Refinement
103655,2025-02-08,status,For Refinement,In Refinement
103655,2025-02-11,status,In Refinement,For Technical Analysis
103655,2025-02-14,status,For Technical Analysis,In Technical Analysis
103466,2025-07-20,status,Lista de desejos,Backlog
103466,2025-07-22,status,Backlog,Triage
103466,2025-07-24,status,Triage,For Refinement
103466,2025-07-25,status,For Refinement,In Refinement
103466,2025-07-27,status,In Refinement,In Progress
103466,2025-07-29,status,In Progress,Done
103600,2025-07-20,status,Lista de desejos,Backlog
103600,2025-07-22,status,Backlog,Triage
103600,2025-07-23,status,Triage,For Refinement
103600,2025-07-25,status,For Refinement,In Refinement
103600,2025-07-26,status,In Refinement,In Progress
103600,2025-07-28,status,In Progress,Done
108673,2025-07-20,status,Lista de desejos,Backlog
108673,2025-07-22,status,Backlog,Triage
108673,2025-07-24,status,Triage,For Refinement
108673,2025-07-26,status,For Refinement,In Refinement
108673,2025-07-28,status,In Refinement,In Progress
108673,2025-07-30,status,In Progress,Done
108673,2025-08-01,status,Done,Canceled
122650,2025-04-16,status,Backlog,Triage
122650,2025-04-19,status,Triage,For Refinement
122650,2025-04-21,status,For Refinement,In Refinement
122650,2025-04-23,status,In Refinement,For Technical Analysis
122650,2025-04-25,status,For Technical Analysis,In Technical Analysis
122650,2025-04-28,status,In Technical Analysis,Ready for Development
110494,2025-09-10,status,Lista de desejos,Backlog
110494,2025-09-13,status,Backlog,Triage
110494,2025-09-17,status,Triage,For Refinement
110494,2025-09-21,status,For Refinement,In Refinement
110494,2025-09-25,status,In Refinement,In Progress
110494,2025-09-28,status,In Progress,Done
102959,2025-01-27,status,Lista de desejos,Backlog
102959,2025-01-30,status,Backlog,Triage
102959,2025-02-02,status,Triage,For Refinement
102959,2025-02-06,status,For Refinement,In Refinement
102959,2025-02-10,status,In Refinement,In Progress
102959,2025-02-13,status,In Progress,Done
102959,2025-02-16,status,Done,Canceled
118323,2025-07-08,status,Lista de desejos,Backlog
118323,2025-07-10,status,Backlog,Triage
118323,2025-07-12,status,Triage,For Refinement
118323,2025-07-14,status,For Refinement,In Refinement
118323,2025-07-16,status,In Refinement,In Progress
118323,2025-07-18,status,In Progress,Done
107245,2025-09-21,status,Backlog,Triage
107245,2025-10-03,status,Triage,For Refinement
107245,2025-10-14,status,For Refinement,In Refinement
107245,2025-10-26,status,In Refinement,For Technical Analysis
110991,2025-10-06,status,Backlog,Triage
110991,2025-10-11,status,Triage,For Refinement
110991,2025-10-17,status,For Refinement,In Refinement
110991,2025-10-22,status,In Refinement,For Technical Analysis
110991,2025-10-28,status,For Technical Analysis,In Technical Analysis
110991,2025-11-03,status,In Technical Analysis,Ready for Development
110991,2025-11-08,status,Ready for Development,In Development
101476,2025-07-13,status,Lista de desejos,Backlog
101476,2025-07-15,status,Backlog,Triage
101476,2025-07-17,status,Triage,For Refinement
101476,2025-07-19,status,For Refinement,In Refinement
101476,2025-07-21,status,In Refinement,In Progress
101476,2025-07-23,status,In Progress,Done
115534,2025-09-24,status,Backlog,Triage
115534,2025-09-27,status,Triage,For Refinement
115534,2025-09-29,status,For Refinement,In Refinement
115534,2025-10-02,status,In Refinement,For Technical Analysis
115534,2025-10-04,status,For Technical Analysis,In Technical Analysis
115534,2025-10-06,status,In Technical Analysis,Ready for Development
115534,2025-10-09,status,Ready for Development,In Development
105205,2025-04-06,status,Lista de desejos,Backlog
105205,2025-04-08,status,Backlog,Triage
105205,2025-04-10,status,Triage,For Refinement
105205,2025-04-12,status,For Refinement,In Refinement
105205,2025-04-13,status,In Refinement,In Progress
105205,2025-04-15,status,In Progress,Done
105205,2025-04-17,status,Done,Canceled
109130,2025-06-03,status,Backlog,Triage
109130,2025-06-08,status,Triage,For Refinement
109130,2025-06-13,status,For Refinement,In Refinement
109130,2025-06-17,status,In Refinement,For Technical Analysis
109130,2025-06-21,status,For Technical Analysis,In Technical Analysis
119647,2025-04-22,status,Backlog,Triage
119647,2025-05-02,status,Triage,For Refinement
121650,2025-08-30,status,Backlog,Triage
121650,2025-09-06,status,Triage,For Refinement
121650,2025-09-13,status,For Refinement,In Refinement
121650,2025-09-19,status,In Refinement,For Technical Analysis
121650,2025-09-26,status,For Technical Analysis,In Technical Analysis
121650,2025-10-03,status,In Technical Analysis,Ready for Development
100467,2025-04-22,status,Lista de desejos,Backlog
100467,2025-04-26,status,Backlog,Triage
100467,2025-04-30,status,Triage,For Refinement
100467,2025-05-03,status,For Refinement,In Refinement
100467,2025-05-07,status,In Refinement,In Progress
100467,2025-05-11,status,In Progress,Done
113042,2025-08-26,status,Lista de desejos,Backlog
113042,2025-08-27,status,Backlog,Triage
113042,2025-08-29,status,Triage,For Refinement
113042,2025-08-31,status,For Refinement,In Refinement
113042,2025-09-02,status,In Refinement,In Progress
113042,2025-09-03,status,In Progress,Done
115375,2025-07-01,status,Lista de desejos,Backlog
115375,2025-07-06,status,Backlog,Triage
115375,2025-07-10,status,Triage,For Refinement
115375,2025-07-14,status,For Refinement,In Refinement
115375,2025-07-18,status,In Refinement,In Progress
115375,2025-07-23,status,In Progress,Done
106076,2025-07-07,status,Backlog,Triage
106076,2025-07-09,status,Triage,For Refinement
106076,2025-07-11,status,For Refinement,In Refinement
106076,2025-07-13,status,In Refinement,For Technical Analysis
106076,2025-07-15,status,For Technical Analysis,In Technical Analysis
106076,2025-07-18,status,In Technical Analysis,Ready for Development
106076,2025-07-20,status,Ready for Development,In Development
106076,2025-07-22,status,In Development,For Release
106076,2025-07-24,status,For Release,Waiting Information
106076,2025-07-26,status,Waiting Information,Information Sent
109507,2025-08-12,status,Lista de desejos,Backlog
109507,2025-08-14,status,Backlog,Triage
109507,2025-08-17,status,Triage,For Refinement
109507,2025-08-19,status,For Refinement,In Refinement
109507,2025-08-22,status,In Refinement,In Progress
109507,2025-08-24,status,In Progress,Done
112983,2025-12-23,status,Lista de desejos,Backlog
112983,2025-12-25,status,Backlog,Triage
112983,2025-12-27,status,Triage,For Refinement
112983,2025-12-29,status,For Refinement,In Refinement
112983,2025-12-31,status,In Refinement,In Progress
112983,2026-01-02,status,In Progress,Done
117132,2025-07-28,status,Backlog,Triage
117132,2025-08-16,status,Triage,For Refinement
100604,2025-01-25,status,Lista de desejos,Backlog
100604,2025-01-28,status,Backlog,Triage
100604,2025-02-01,status,Triage,For Refinement
100604,2025-02-05,status,For Refinement,In Refinement
100604,2025-02-09,status,In Refinement,In Progress
100604,2025-02-12,status,In Progress,Done
117861,2025-04-12,status,Lista de desejos,Backlog
117861,2025-04-16,status,Backlog,Triage
117861,2025-04-20,status,Triage,For Refinement
117861,2025-04-23,status,For Refinement,In Refinement
117861,2025-04-27,status,In Refinement,In Progress
117861,2025-05-01,status,In Progress,Done
102314,2025-10-25,status,Lista de desejos,Backlog
102314,2025-10-27,status,Backlog,Triage
102314,2025-10-30,status,Triage,For Refinement
102314,2025-11-02,status,For Refinement,In Refinement
102314,2025-11-05,status,In Refinement,In Progress
102314,2025-11-07,status,In Progress,Done
102307,2025-08-16,status,Lista de desejos,Backlog
102307,2025-08-19,status,Backlog,Triage
102307,2025-08-23,status,Triage,For Refinement
102307,2025-08-27,status,For Refinement,In Refinement
102307,2025-08-31,status,In Refinement,In Progress
102307,2025-09-03,status,In Progress,Done
105833,2025-06-24,status,Lista de desejos,Backlog
105833,2025-06-27,status,Backlog,Triage
105833,2025-06-30,status,Triage,For Refinement
105833,2025-07-03,status,For Refinement,In Refinement
105833,2025-07-05,status,In Refinement,In Progress
105833,2025-07-08,status,In Progress,Done
105833,2025-07-11,status,Done,Canceled
103358,2025-07-23,status,Lista de desejos,Backlog
103358,2025-07-26,status,Backlog,Triage
103358,2025-07-29,status,Triage,For Refinement
103358,2025-08-01,status,For Refinement,In Refinement
103358,2025-08-04,status,In Refinement,In Progress
103358,2025-08-07,status,In Progress,Done
106536,2025-08-25,status,Backlog,Triage
106536,2025-08-30,status,Triage,For Refinement
106536,2025-09-05,status,For Refinement,In Refinement
106536,2025-09-10,status,In Refinement,For Technical Analysis
106536,2025-09-15,status,For Technical Analysis,In Technical Analysis
120102,2025-05-09,status,Lista de desejos,Backlog
120102,2025-05-12,status,Backlog,Triage
120102,2025-05-15,status,Triage,For Refinement
120102,2025-05-18,status,For Refinement,In Refinement
120102,2025-05-21,status,In Refinement,In Progress
120102,2025-05-24,status,In Progress,Done
118064,2025-09-21,status,Backlog,Triage
118064,2025-09-28,status,Triage,For Refinement
118064,2025-10-06,status,For Refinement,In Refinement
118064,2025-10-13,status,In Refinement,For Technical Analysis
118064,2025-10-21,status,For Technical Analysis,In Technical Analysis
118064,2025-10-28,status,In Technical Analysis,Ready for Development
116787,2025-06-17,status,Lista de desejos,Backlog
116787,2025-06-19,status,Backlog,Triage
116787,2025-06-21,status,Triage,For Refinement
116787,2025-06-24,status,For Refinement,In Refinement
116787,2025-06-26,status,In Refinement,In Progress
116787,2025-06-28,status,In Progress,Done
110694,2025-09-08,status,Backlog,Triage
110694,2025-09-14,status,Triage,For Refinement
110694,2025-09-21,status,For Refinement,In Refinement
110694,2025-09-27,status,In Refinement,For Technical Analysis
110694,2025-10-03,status,For Technical Analysis,In Technical Analysis
110694,2025-10-10,status,In Technical Analysis,Ready for Development
110694,2025-10-16,status,Ready for Development,In Development
100865,2025-07-17,status,Lista de desejos,Backlog
100865,2025-07-18,status,Backlog,Triage
100865,2025-07-20,status,Triage,For Refinement
100865,2025-07-21,status,For Refinement,In Refinement
100865,2025-07-23,status,In Refinement,In Progress
100865,2025-07-24,status,In Progress,Done
101256,2025-07-16,status,Lista de desejos,Backlog
101256,2025-07-18,status,Backlog,Triage
101256,2025-07-20,status,Triage,For Refinement
101256,2025-07-23,status,For Refinement,In Refinement
101256,2025-07-25,status,In Refinement,In Progress
101256,2025-07-27,status,In Progress,Done
101891,2025-09-13,status,Lista de desejos,Backlog
101891,2025-09-18,status,Backlog,Triage
101891,2025-09-22,status,Triage,For Refinement
101891,2025-09-26,status,For Refinement,In Refinement
101891,2025-09-30,status,In Refinement,In Progress
101891,2025-10-05,status,In Progress,Done
123069,2025-03-11,status,Lista de desejos,Backlog
123069,2025-03-15,status,Backlog,Triage
123069,2025-03-18,status,Triage,For Refinement
123069,2025-03-22,status,For Refinement,In Refinement
123069,2025-03-25,status,In Refinement,In Progress
123069,2025-03-29,status,In Progress,Done
116680,2025-12-27,status,Backlog,Triage
116680,2025-12-30,status,Triage,For Refinement
116680,2026-01-03,status,For Refinement,In Refinement
116680,2026-01-07,status,In Refinement,For Technical Analysis
116680,2026-01-11,status,For Technical Analysis,In Technical Analysis
116680,2026-01-14,status,In Technical Analysis,Ready for Development
104812,2025-07-03,status,Lista de desejos,Backlog
104812,2025-07-05,status,Backlog,Triage
104812,2025-07-07,status,Triage,For Refinement
104812,2025-07-10,status,For Refinement,In Refinement
104812,2025-07-12,status,In Refinement,In Progress
104812,2025-07-14,status,In Progress,Done
110228,2025-07-14,status,Lista de desejos,Backlog
110228,2025-07-17,status,Backlog,Triage
110228,2025-07-20,status,Triage,For Refinement
110228,2025-07-23,status,For Refinement,In Refinement
110228,2025-07-26,status,In Refinement,In Progress
110228,2025-07-29,status,In Progress,Done
106863,2025-08-22,status,Lista de desejos,Backlog
106863,2025-08-26,status,Backlog,Triage
106863,2025-08-30,status,Triage,For Refinement
106863,2025-09-03,status,For Refinement,In Refinement
106863,2025-09-07,status,In Refinement,In Progress
106863,2025-09-11,status,In Progress,Done
117364,2025-07-21,status,Backlog,Triage
117364,2025-08-01,status,Triage,For Refinement
117364,2025-08-12,status,For Refinement,In Refinement
115549,2025-09-19,status,Lista de desejos,Backlog
115549,2025-09-21,status,Backlog,Triage
115549,2025-09-22,status,Triage,For Refinement
115549,2025-09-24,status,For Refinement,In Refinement
115549,2025-09-25,status,In Refinement,In Progress
115549,2025-09-27,status,In Progress,Done
118180,2025-06-28,status,Lista de desejos,Backlog
118180,2025-07-01,status,Backlog,Triage
118180,2025-07-03,status,Triage,For Refinement
118180,2025-07-05,status,For Refinement,In Refinement
118180,2025-07-07,status,In Refinement,In Progress
118180,2025-07-10,status,In Progress,Done
123669,2025-03-08,status,Lista de desejos,Backlog
123669,2025-03-09,status,Backlog,Triage
123669,2025-03-11,status,Triage,For Refinement
123669,2025-03-12,status,For Refinement,In Refinement
123669,2025-03-14,status,In Refinement,In Progress
123669,2025-03-15,status,In Progress,Done
101001,2025-01-22,status,Lista de desejos,Backlog
101001,2025-01-26,status,Backlog,Triage
101001,2025-01-30,status,Triage,For Refinement
101001,2025-02-03,status,For Refinement,In Refinement
101001,2025-02-07,status,In Refinement,In Progress
101001,2025-02-11,status,In Progress,Done
121937,2025-03-22,status,Lista de desejos,Backlog
121937,2025-03-24,status,Backlog,Triage
121937,2025-03-26,status,Triage,For Refinement
121937,2025-03-29,status,For Refinement,In Refinement
121937,2025-03-31,status,In Refinement,In Progress
121937,2025-04-02,status,In Progress,Done
102265,2025-10-06,status,Lista de desejos,Backlog
102265,2025-10-08,status,Backlog,Triage
102265,2025-10-10,status,Triage,For Refinement
102265,2025-10-11,status,For Refinement,In Refinement
102265,2025-10-13,status,In Refinement,In Progress
102265,2025-10-15,status,In Progress,Done
113828,2025-01-20,status,Lista de desejos,Backlog
113828,2025-01-24,status,Backlog,Triage
113828,2025-01-28,status,Triage,For Refinement
113828,2025-02-01,status,For Refinement,In Refinement
113828,2025-02-05,status,In Refinement,In Progress
113828,2025-02-09,status,In Progress,Done
117182,2025-05-17,status,Lista de desejos,Backlog
117182,2025-05-18,status,Backlog,Triage
117182,2025-05-20,status,Triage,For Refinement
117182,2025-05-22,status,For Refinement,In Refinement
117182,2025-05-24,status,In Refinement,In Progress
117182,2025-05-25,status,In Progress,Done
114006,2025-12-14,status,Lista de desejos,Backlog
114006,2025-12-17,status,Backlog,Triage
114006,2025-12-20,status,Triage,For Refinement
114006,2025-12-24,status,For Refinement,In Refinement
114006,2025-12-27,status,In Refinement,In Progress
114006,2025-12-30,status,In Progress,Done
124857,2025-05-16,status,Lista de desejos,Backlog
124857,2025-05-17,status,Backlog,Triage
124857,2025-05-19,status,Triage,For Refinement
124857,2025-05-20,status,For Refinement,In Refinement
124857,2025-05-22,status,In Refinement,In Progress
124857,2025-05-23,status,In Progress,Done
108121,2025-10-13,status,Lista de desejos,Backlog
108121,2025-10-15,status,Backlog,Triage
108121,2025-10-18,status,Triage,For Refinement
108121,2025-10-21,status,For Refinement,In Refinement
108121,2025-10-24,status,In Refinement,In Progress
108121,2025-10-26,status,In Progress,Done
100118,2025-02-12,status,Backlog,Triage
100118,2025-02-19,status,Triage,For Refinement
100118,2025-02-25,status,For Refinement,In Refinement
100118,2025-03-04,status,In Refinement,For Technical Analysis
100118,2025-03-11,status,For Technical Analysis,In Technical Analysis
114789,2025-06-26,status,Lista de desejos,Backlog
114789,2025-06-30,status,Backlog,Triage
114789,2025-07-03,status,Triage,For Refinement
114789,2025-07-07,status,For Refinement,In Refinement
114789,2025-07-10,status,In Refinement,In Progress
114789,2025-07-14,status,In Progress,Done
122378,2025-12-28,status,Lista de desejos,Backlog
122378,2025-12-31,status,Backlog,Triage
122378,2026-01-02,status,Triage,For Refinement
122378,2026-01-04,status,For Refinement,In Refinement
122378,2026-01-06,status,In Refinement,In Progress
122378,2026-01-09,status,In Progress,Done
110444,2025-06-15,status,Lista de desejos,Backlog
110444,2025-06-16,status,Backlog,Triage
110444,2025-06-18,status,Triage,For Refinement
110444,2025-06-19,status,For Refinement,In Refinement
110444,2025-06-21,status,In Refinement,In Progress
110444,2025-06-22,status,In Progress,Done
114488,2026-01-03,status,Lista de desejos,Backlog
114488,2026-01-07,status,Backlog,Triage
114488,2026-01-10,status,Triage,For Refinement
114488,2026-01-14,status,For Refinement,In Refinement
114488,2026-01-17,status,In Refinement,In Progress
114488,2026-01-21,status,In Progress,Done
124502,2025-09-06,status,Lista de desejos,Backlog
124502,2025-09-10,status,Backlog,Triage
124502,2025-09-14,status,Triage,For Refinement
124502,2025-09-17,status,For Refinement,In Refinement
124502,2025-09-21,status,In Refinement,In Progress
124502,2025-09-25,status,In Progress,Done
117451,2025-06-10,status,Backlog,Triage
117451,2025-06-13,status,Triage,For Refinement
117451,2025-06-17,status,For Refinement,In Refinement
117451,2025-06-21,status,In Refinement,For Technical Analysis
117451,2025-06-25,status,For Technical Analysis,In Technical Analysis
117451,2025-06-28,status,In Technical Analysis,Ready for Development
110510,2025-06-14,status,Backlog,Triage
110510,2025-06-16,status,Triage,For Refinement
110510,2025-06-19,status,For Refinement,In Refinement
110510,2025-06-21,status,In Refinement,For Technical Analysis
104746,2025-10-13,status,Backlog,Triage
104746,2025-10-18,status,Triage,For Refinement
119826,2025-08-15,status,Lista de desejos,Backlog
119826,2025-08-18,status,Backlog,Triage
119826,2025-08-21,status,Triage,For Refinement
119826,2025-08-25,status,For Refinement,In Refinement
119826,2025-08-28,status,In Refinement,In Progress
119826,2025-08-31,status,In Progress,Done
119186,2025-06-07,status,Backlog,Triage
119186,2025-06-17,status,Triage,For Refinement
119186,2025-06-27,status,For Refinement,In Refinement
119186,2025-07-07,status,In Refinement,For Technical Analysis
115312,2025-08-04,status,Backlog,Triage
115312,2025-08-10,status,Triage,For Refinement
115312,2025-08-15,status,For Refinement,In Refinement
115312,2025-08-20,status,In Refinement,For Technical Analysis
115312,2025-08-25,status,For Technical Analysis,In Technical Analysis
115312,2025-08-31,status,In Technical Analysis,Ready for Development
119309,2025-06-06,status,Lista de desejos,Backlog
119309,2025-06-08,status,Backlog,Triage
119309,2025-06-11,status,Triage,For Refinement
119309,2025-06-14,status,For Refinement,In Refinement
119309,2025-06-17,status,In Refinement,In Progress
119309,2025-06-19,status,In Progress,Done
122520,2025-05-23,status,Lista de desejos,Backlog
122520,2025-05-26,status,Backlog,Triage
122520,2025-05-29,status,Triage,For Refinement
122520,2025-06-02,status,For Refinement,In Refinement
122520,2025-06-05,status,In Refinement,In Progress
122520,2025-06-08,status,In Progress,Done
109966,2025-05-16,status,Lista de desejos,Backlog
109966,2025-05-20,status,Backlog,Triage
109966,2025-05-23,status,Triage,For Refinement
109966,2025-05-26,status,For Refinement,In Refinement
109966,2025-05-29,status,In Refinement,In Progress
109966,2025-06-02,status,In Progress,Done
102870,2025-12-09,status,Backlog,Triage
102870,2025-12-16,status,Triage,For Refinement
102870,2025-12-22,status,For Refinement,In Refinement
123946,2025-04-07,status,Backlog,Triage
123946,2025-04-09,status,Triage,For Refinement
123946,2025-04-11,status,For Refinement,In Refinement
123946,2025-04-13,status,In Refinement,For Technical Analysis
123946,2025-04-15,status,For Technical Analysis,In Technical Analysis
117938,2025-10-15,status,Backlog,Triage
117938,2025-10-18,status,Triage,For Refinement
117938,2025-10-21,status,For Refinement,In Refinement
105493,2025-07-02,status,Lista de desejos,Backlog
105493,2025-07-05,status,Backlog,Triage
105493,2025-07-09,status,Triage,For Refinement
105493,2025-07-12,status,For Refinement,In Refinement
105493,2025-07-16,status,In Refinement,In Progress
105493,2025-07-19,status,In Progress,Done
120710,2025-05-05,status,Lista de desejos,Backlog
120710,2025-05-08,status,Backlog,Triage
120710,2025-05-11,status,Triage,For Refinement
120710,2025-05-13,status,For Refinement,In Refinement
120710,2025-05-16,status,In Refinement,In Progress
120710,2025-05-19,status,In Progress,Done
119190,2025-08-01,status,Backlog,Triage
119190,2025-08-04,status,Triage,For Refinement
119190,2025-08-07,status,For Refinement,In Refinement
119190,2025-08-10,status,In Refinement,For Technical Analysis
119190,2025-08-14,status,For Technical Analysis,In Technical Analysis
119190,2025-08-17,status,In Technical Analysis,Ready for Development
119190,2025-08-20,status,Ready for Development,In Development
119190,2025-08-23,status,In Development,For Release
119190,2025-08-26,status,For Release,Waiting Information
104976,2025-04-03,status,Lista de desejos,Backlog
104976,2025-04-05,status,Backlog,Triage
104976,2025-04-07,status,Triage,For Refinement
104976,2025-04-10,status,For Refinement,In Refinement
104976,2025-04-12,status,In Refinement,In Progress
104976,2025-04-14,status,In Progress,Done
104615,2025-10-05,status,Backlog,Triage
104615,2025-10-11,status,Triage,For Refinement
104615,2025-10-16,status,For Refinement,In Refinement
104615,2025-10-21,status,In Refinement,For Technical Analysis
104615,2025-10-27,status,For Technical Analysis,In Technical Analysis
104615,2025-11-01,status,In Technical Analysis,Ready for Development
104615,2025-11-07,status,Ready for Development,In Development
104615,2025-11-12,status,In Development,For Release
104615,2025-11-17,status,For Release,Waiting Information
104615,2025-11-23,status,Waiting Information,Information Sent
102302,2025-05-11,status,Lista de desejos,Backlog
102302,2025-05-14,status,Backlog,Triage
102302,2025-05-17,status,Triage,For Refinement
102302,2025-05-19,status,For Refinement,In Refinement
102302,2025-05-22,status,In Refinement,In Progress
102302,2025-05-25,status,In Progress,Done
123478,2025-03-20,status,Lista de desejos,Backlog
123478,2025-03-22,status,Backlog,Triage
123478,2025-03-25,status,Triage,For Refinement
123478,2025-03-27,status,For Refinement,In Refinement
123478,2025-03-30,status,In Refinement,In Progress
123478,2025-04-01,status,In Progress,Done
119470,2025-11-15,status,Lista de desejos,Backlog
119470,2025-11-18,status,Backlog,Triage
119470,2025-11-22,status,Triage,For Refinement
119470,2025-11-25,status,For Refinement,In Refinement
110763,2025-05-04,status,Backlog,Triage
110763,2025-05-09,status,Triage,For Refinement
110763,2025-05-15,status,For Refinement,In Refinement
110763,2025-05-20,status,In Refinement,For Technical Analysis
110763,2025-05-26,status,For Technical Analysis,In Technical Analysis
110763,2025-05-31,status,In Technical Analysis,Ready for Development
110763,2025-06-06,status,Ready for Development,In Development
110763,2025-06-11,status,In Development,For Release
108566,2025-05-03,status,Backlog,Triage
108566,2025-05-10,status,Triage,For Refinement
108566,2025-05-17,status,For Refinement,In Refinement
120669,2025-10-03,status,Backlog,Triage
120669,2025-10-08,status,Triage,For Refinement
120669,2025-10-13,status,For Refinement,In Refinement
114891,2025-02-23,status,Lista de desejos,Backlog
114891,2025-02-25,status,Backlog,Triage
114891,2025-02-27,status,Triage,For Refinement
114891,2025-03-01,status,For Refinement,In Refinement
114891,2025-03-03,status,In Refinement,In Progress
114891,2025-03-05,status,In Progress,Done
104765,2025-02-05,status,Backlog,Triage
104765,2025-02-12,status,Triage,For Refinement
104765,2025-02-18,status,For Refinement,In Refinement
104765,2025-02-24,status,In Refinement,For Technical Analysis
104765,2025-03-03,status,For Technical Analysis,In Technical Analysis
119071,2025-06-22,status,Lista de desejos,Backlog
119071,2025-06-26,status,Backlog,Triage
119071,2025-06-29,status,Triage,For Refinement
119071,2025-07-03,status,For Refinement,In Refinement
119071,2025-07-06,status,In Refinement,In Progress
119071,2025-07-10,status,In Progress,Done
118341,2025-09-01,status,Lista de desejos,Backlog
118341,2025-09-03,status,Backlog,Triage
118341,2025-09-05,status,Triage,For Refinement
118341,2025-09-07,status,For Refinement,In Refinement
118341,2025-09-09,status,In Refinement,In Progress
118341,2025-09-11,status,In Progress,Done
118341,2025-09-13,status,Done,Canceled
121127,2025-09-09,status,Lista de desejos,Backlog
121127,2025-09-13,status,Backlog,Triage
121127,2025-09-17,status,Triage,For Refinement
121127,2025-09-21,status,For Refinement,In Refinement
121127,2025-09-25,status,In Refinement,In Progress
121127,2025-09-29,status,In Progress,Done
120784,2025-08-01,status,Lista de desejos,Backlog
120784,2025-08-05,status,Backlog,Triage
120784,2025-08-09,status,Triage,For Refinement
120784,2025-08-14,status,For Refinement,In Refinement
120784,2025-08-18,status,In Refinement,In Progress
120784,2025-08-22,status,In Progress,Done
115755,2025-08-22,status,Lista de desejos,Backlog
115755,2025-08-23,status,Backlog,Triage
115755,2025-08-25,status,Triage,For Refinement
115755,2025-08-27,status,For Refinement,In Refinement
115755,2025-08-29,status,In Refinement,In Progress
115755,2025-08-30,status,In Progress,Done
117875,2025-08-30,status,Lista de desejos,Backlog
117875,2025-09-01,status,Backlog,Triage
117875,2025-09-04,status,Triage,For Refinement
117875,2025-09-06,status,For Refinement,In Refinement
117875,2025-09-09,status,In Refinement,In Progress
117875,2025-09-11,status,In Progress,Done
120442,2025-10-01,status,Lista de desejos,Backlog
120442,2025-10-03,status,Backlog,Triage
120442,2025-10-05,status,Triage,For Refinement
120442,2025-10-06,status,For Refinement,In Refinement
120442,2025-10-08,status,In Refinement,In Progress
120442,2025-10-10,status,In Progress,Done
115702,2025-05-07,status,Lista de desejos,Backlog
115702,2025-05-11,status,Backlog,Triage
115702,2025-05-15,status,Triage,For Refinement
115702,2025-05-19,status,For Refinement,In Refinement
115702,2025-05-23,status,In Refinement,In Progress
115702,2025-05-27,status,In Progress,Done
104378,2025-07-06,status,Lista de desejos,Backlog
104378,2025-07-08,status,Backlog,Triage
104378,2025-07-11,status,Triage,For Refinement
104378,2025-07-14,status,For Refinement,In Refinement
104378,2025-07-17,status,In Refinement,In Progress
104378,2025-07-19,status,In Progress,Done
118004,2025-01-09,status,Lista de desejos,Backlog
118004,2025-01-11,status,Backlog,Triage
118004,2025-01-13,status,Triage,For Refinement
118004,2025-01-16,status,For Refinement,In Refinement
118004,2025-01-18,status,In Refinement,In Progress
118004,2025-01-20,status,In Progress,Done
120930,2025-09-18,status,Lista de desejos,Backlog
120930,2025-09-19,status,Backlog,Triage
120930,2025-09-21,status,Triage,For Refinement
120930,2025-09-23,status,For Refinement,In Refinement
120930,2025-09-25,status,In Refinement,In Progress
120930,2025-09-26,status,In Progress,Done
109166,2025-06-16,status,Lista de desejos,Backlog
109166,2025-06-18,status,Backlog,Triage
109166,2025-06-20,status,Triage,For Refinement
109166,2025-06-22,status,For Refinement,In Refinement
109166,2025-06-24,status,In Refinement,In Progress
109166,2025-06-26,status,In Progress,Done
100623,2025-07-06,status,Lista de desejos,Backlog
100623,2025-07-10,status,Backlog,Triage
100623,2025-07-13,status,Triage,For Refinement
100623,2025-07-17,status,For Refinement,In Refinement
100623,2025-07-20,status,In Refinement,In Progress
100623,2025-07-24,status,In Progress,Done
118739,2025-04-11,status,Lista de desejos,Backlog
118739,2025-04-30,status,Backlog,Triage
101780,2025-10-24,status,Lista de desejos,Backlog
101780,2025-10-28,status,Backlog,Triage
101780,2025-10-31,status,Triage,For Refinement
101780,2025-11-04,status,For Refinement,In Refinement
101780,2025-11-07,status,In Refinement,In Progress
101780,2025-11-11,status,In Progress,Done
120464,2025-07-03,status,Backlog,Triage
120464,2025-07-07,status,Triage,For Refinement
120464,2025-07-12,status,For Refinement,In Refinement
120464,2025-07-16,status,In Refinement,For Technical Analysis
120464,2025-07-21,status,For Technical Analysis,In Technical Analysis
120464,2025-07-26,status,In Technical Analysis,Ready for Development
120464,2025-07-30,status,Ready for Development,In Development
116045,2025-10-16,status,Lista de desejos,Backlog
116045,2025-10-21,status,Backlog,Triage
116045,2025-10-25,status,Triage,For Refinement
116045,2025-10-29,status,For Refinement,In Refinement
116045,2025-11-02,status,In Refinement,In Progress
116045,2025-11-07,status,In Progress,Done
112476,2025-12-07,status,Lista de desejos,Backlog
112476,2025-12-12,status,Backlog,Triage
112476,2025-12-16,status,Triage,For Refinement
112476,2025-12-20,status,For Refinement,In Refinement
112476,2025-12-24,status,In Refinement,In Progress
112476,2025-12-29,status,In Progress,Done
105335,2025-12-13,status,Lista de desejos,Backlog
105335,2025-12-17,status,Backlog,Triage
105335,2025-12-21,status,Triage,For Refinement
105335,2025-12-25,status,For Refinement,In Refinement
105335,2025-12-29,status,In Refinement,In Progress
105335,2026-01-02,status,In Progress,Done
116897,2025-11-19,status,Backlog,Triage
116897,2025-11-30,status,Triage,For Refinement
116897,2025-12-12,status,For Refinement,In Refinement
116063,2025-02-21,status,Lista de desejos,Backlog
116063,2025-02-23,status,Backlog,Triage
116063,2025-02-25,status,Triage,For Refinement
116063,2025-02-26,status,For Refinement,In Refinement
116063,2025-02-28,status,In Refinement,In Progress
116063,2025-03-02,status,In Progress,Done
100125,2025-07-17,status,Lista de desejos,Backlog
100125,2025-07-20,status,Backlog,Triage
100125,2025-07-24,status,Triage,For Refinement
100125,2025-07-28,status,For Refinement,In Refinement
100125,2025-08-01,status,In Refinement,In Progress
100125,2025-08-04,status,In Progress,Done
109448,2025-09-21,status,Backlog,Triage
109448,2025-09-22,status,Triage,For Refinement
109448,2025-09-23,status,For Refinement,In Refinement
109448,2025-09-24,status,In Refinement,For Technical Analysis
109448,2025-09-25,status,For Technical Analysis,In Technical Analysis
109448,2025-09-25,status,In Technical Analysis,Ready for Development
109448,2025-09-26,status,Ready for Development,In Development
109448,2025-09-27,status,In Development,For Release
109448,2025-09-28,status,For Release,Waiting Information
109448,2025-09-29,status,Waiting Information,Information Sent
108126,2025-05-31,status,Lista de desejos,Backlog
108126,2025-06-03,status,Backlog,Triage
108126,2025-06-05,status,Triage,For Refinement
108126,2025-06-07,status,For Refinement,In Refinement
108126,2025-06-09,status,In Refinement,In Progress
108126,2025-06-12,status,In Progress,Done
101820,2025-10-07,status,Backlog,Triage
101820,2025-10-09,status,Triage,For Refinement
101820,2025-10-11,status,For Refinement,In Refinement
101820,2025-10-13,status,In Refinement,For Technical Analysis
101820,2025-10-14,status,For Technical Analysis,In Technical Analysis
101820,2025-10-16,status,In Technical Analysis,Ready for Development
101820,2025-10-18,status,Ready for Development,In Development
101820,2025-10-20,status,In Development,For Release
104466,2025-09-02,status,Lista de desejos,Backlog
104466,2025-09-07,status,Backlog,Triage
104466,2025-09-11,status,Triage,For Refinement
104466,2025-09-15,status,For Refinement,In Refinement
104466,2025-09-19,status,In Refinement,In Progress
104466,2025-09-24,status,In Progress,Done
123468,2025-06-23,status,Lista de desejos,Backlog
102094,2025-07-07,status,Lista de desejos,Backlog
102094,2025-07-10,status,Backlog,Triage
102094,2025-07-13,status,Triage,For Refinement
102094,2025-07-16,status,For Refinement,In Refinement
102094,2025-07-19,status,In Refinement,In Progress
102094,2025-07-22,status,In Progress,Done
103664,2025-05-09,status,Lista de desejos,Backlog
103664,2025-05-13,status,Backlog,Triage
103664,2025-05-17,status,Triage,For Refinement
103664,2025-05-22,status,For Refinement,In Refinement
103664,2025-05-26,status,In Refinement,In Progress
103664,2025-05-30,status,In Progress,Done
124131,2025-10-02,status,Backlog,Triage
110255,2025-12-29,status,Lista de desejos,Backlog
110255,2025-12-31,status,Backlog,Triage
110255,2026-01-03,status,Triage,For Refinement
110255,2026-01-05,status,For Refinement,In Refinement
110255,2026-01-08,status,In Refinement,In Progress
110255,2026-01-10,status,In Progress,Done
123285,2025-06-15,status,Lista de desejos,Backlog
123285,2025-06-17,status,Backlog,Triage
123285,2025-06-19,status,Triage,For Refinement
123285,2025-06-20,status,For Refinement,In Refinement
123285,2025-06-22,status,In Refinement,In Progress
123285,2025-06-24,status,In Progress,Done
100318,2025-06-11,status,Backlog,Triage
100318,2025-06-13,status,Triage,For Refinement
100318,2025-06-16,status,For Refinement,In Refinement
100318,2025-06-19,status,In Refinement,For Technical Analysis
100318,2025-06-22,status,For Technical Analysis,In Technical Analysis
100318,2025-06-24,status,In Technical Analysis,Ready for Development
108241,2025-07-14,status,Lista de desejos,Backlog
108241,2025-07-17,status,Backlog,Triage
108241,2025-07-21,status,Triage,For Refinement
108241,2025-07-24,status,For Refinement,In Refinement
108241,2025-07-28,status,In Refinement,In Progress
108241,2025-08-01,status,In Progress,Done
108241,2025-08-04,status,Done,Canceled
104306,2025-08-18,status,Lista de desejos,Backlog
104306,2025-08-21,status,Backlog,Triage
104306,2025-08-25,status,Triage,For Refinement
104306,2025-08-29,status,For Refinement,In Refinement
104306,2025-09-02,status,In Refinement,In Progress
104306,2025-09-05,status,In Progress,Done
104453,2025-11-08,status,Lista de desejos,Backlog
104453,2025-11-11,status,Backlog,Triage
104453,2025-11-13,status,Triage,For Refinement
104453,2025-11-15,status,For Refinement,In Refinement
104453,2025-11-17,status,In Refinement,In Progress
104453,2025-11-20,status,In Progress,Done
116220,2025-06-05,status,Backlog,Triage
116220,2025-06-13,status,Triage,For Refinement
116220,2025-06-20,status,For Refinement,In Refinement
116220,2025-06-27,status,In Refinement,For Technical Analysis
116220,2025-07-05,status,For Technical Analysis,In Technical Analysis
106443,2025-04-10,status,Lista de desejos,Backlog
106443,2025-04-13,status,Backlog,Triage
106443,2025-04-17,status,Triage,For Refinement
106443,2025-04-20,status,For Refinement,In Refinement
106443,2025-04-24,status,In Refinement,In Progress
106443,2025-04-27,status,In Progress,Done
111795,2025-01-05,status,Lista de desejos,Backlog
111795,2025-01-07,status,Backlog,Triage
111795,2025-01-09,status,Triage,For Refinement
111795,2025-01-12,status,For Refinement,In Refinement
111795,2025-01-14,status,In Refinement,In Progress
111795,2025-01-16,status,In Progress,Done
100860,2025-09-16,status,Lista de desejos,Backlog
100860,2025-09-19,status,Backlog,Triage
100860,2025-09-22,status,Triage,For Refinement
100860,2025-09-25,status,For Refinement,In Refinement
100860,2025-09-28,status,In Refinement,In Progress
100860,2025-10-01,status,In Progress,Done
100003,2025-04-26,status,Backlog,Triage
100003,2025-04-30,status,Triage,For Refinement
107538,2025-05-19,status,Lista de desejos,Backlog
107538,2025-05-30,status,Backlog,Triage
105410,2025-06-28,status,Lista de desejos,Backlog
105410,2025-07-01,status,Backlog,Triage
105410,2025-07-03,status,Triage,For Refinement
105410,2025-07-06,status,For Refinement,In Refinement
105410,2025-07-08,status,In Refinement,In Progress
105410,2025-07-11,status,In Progress,Done
113471,2025-04-22,status,Lista de desejos,Backlog
113471,2025-04-26,status,Backlog,Triage
113471,2025-04-29,status,Triage,For Refinement
113471,2025-05-03,status,For Refinement,In Refinement
113471,2025-05-06,status,In Refinement,In Progress
113471,2025-05-10,status,In Progress,Done
108995,2025-06-22,status,Lista de desejos,Backlog
108995,2025-06-25,status,Backlog,Triage
108995,2025-06-29,status,Triage,For Refinement
108995,2025-07-02,status,For Refinement,In Refinement
108995,2025-07-06,status,In Refinement,In Progress
108995,2025-07-09,status,In Progress,Done
108901,2025-07-15,status,Backlog,Triage
108901,2025-07-30,status,Triage,For Refinement
114478,2025-09-24,status,Lista de desejos,Backlog
114478,2025-09-27,status,Backlog,Triage
114478,2025-10-01,status,Triage,For Refinement
114478,2025-10-04,status,For Refinement,In Refinement
114478,2025-10-07,status,In Refinement,In Progress
114478,2025-10-11,status,In Progress,Done
114478,2025-10-14,status,Done,Canceled
109588,2025-10-04,status,Backlog,Triage
109588,2025-10-06,status,Triage,For Refinement
109588,2025-10-09,status,For Refinement,In Refinement
109588,2025-10-12,status,In Refinement,For Technical Analysis
109588,2025-10-15,status,For Technical Analysis,In Technical Analysis
109588,2025-10-17,status,In Technical Analysis,Ready for Development
122821,2025-12-12,status,Backlog,Triage
122754,2025-09-13,status,Backlog,Triage
122754,2025-09-14,status,Triage,For Refinement
122754,2025-09-16,status,For Refinement,In Refinement
122754,2025-09-18,status,In Refinement,For Technical Analysis
122754,2025-09-19,status,For Technical Analysis,In Technical Analysis
122754,2025-09-21,status,In Technical Analysis,Ready for Development
122754,2025-09-22,status,Ready for Development,In Development
122754,2025-09-24,status,In Development,For Release
122754,2025-09-26,status,For Release,Waiting Information
122754,2025-09-27,status,Waiting Information,Information Sent
119757,2025-12-02,status,Lista de desejos,Backlog
119757,2025-12-04,status,Backlog,Triage
119757,2025-12-06,status,Triage,For Refinement
119757,2025-12-08,status,For Refinement,In Refinement
119757,2025-12-10,status,In Refinement,In Progress
119757,2025-12-12,status,In Progress,Done
112805,2025-06-07,status,Lista de desejos,Backlog
112805,2025-06-10,status,Backlog,Triage
112805,2025-06-12,status,Triage,For Refinement
112805,2025-06-15,status,For Refinement,In Refinement
112805,2025-06-17,status,In Refinement,In Progress
112805,2025-06-20,status,In Progress,Done
121403,2025-01-15,status,Lista de desejos,Backlog
121403,2025-01-19,status,Backlog,Triage
121403,2025-01-23,status,Triage,For Refinement
121403,2025-01-28,status,For Refinement,In Refinement
121403,2025-02-01,status,In Refinement,In Progress
121403,2025-02-05,status,In Progress,Done
120069,2025-08-07,status,Backlog,Triage
120069,2025-08-10,status,Triage,For Refinement
120069,2025-08-13,status,For Refinement,In Refinement
113222,2025-09-01,status,Lista de desejos,Backlog
113222,2025-09-04,status,Backlog,Triage
113222,2025-09-08,status,Triage,For Refinement
113222,2025-09-11,status,For Refinement,In Refinement
113222,2025-09-15,status,In Refinement,In Progress
113222,2025-09-18,status,In Progress,Done
113809,2025-09-24,status,Lista de desejos,Backlog
113809,2025-09-26,status,Backlog,Triage
113809,2025-09-29,status,Triage,For Refinement
113809,2025-10-01,status,For Refinement,In Refinement
113809,2025-10-04,status,In Refinement,In Progress
113809,2025-10-06,status,In Progress,Done
101685,2025-04-23,status,Backlog,Triage
101685,2025-04-26,status,Triage,For Refinement
101685,2025-04-30,status,For Refinement,In Refinement
101685,2025-05-03,status,In Refinement,For Technical Analysis
101685,2025-05-07,status,For Technical Analysis,In Technical Analysis
101685,2025-05-11,status,In Technical Analysis,Ready for Development
101685,2025-05-14,status,Ready for Development,In Development
121631,2025-07-26,status,Lista de desejos,Backlog
121631,2025-07-29,status,Backlog,Triage
121631,2025-07-31,status,Triage,For Refinement
121631,2025-08-02,status,For Refinement,In Refinement
121631,2025-08-04,status,In Refinement,In Progress
121631,2025-08-07,status,In Progress,Done
123776,2025-05-05,status,Backlog,Triage
123776,2025-05-09,status,Triage,For Refinement
123776,2025-05-13,status,For Refinement,In Refinement
123776,2025-05-17,status,In Refinement,For Technical Analysis
123776,2025-05-22,status,For Technical Analysis,In Technical Analysis
123776,2025-05-26,status,In Technical Analysis,Ready for Development
123776,2025-05-30,status,Ready for Development,In Development
104560,2025-08-05,status,Lista de desejos,Backlog
104560,2025-08-08,status,Backlog,Triage
104560,2025-08-11,status,Triage,For Refinement
104560,2025-08-15,status,For Refinement,In Refinement
104560,2025-08-18,status,In Refinement,In Progress
104560,2025-08-21,status,In Progress,Done
115280,2025-09-19,status,Backlog,Triage
115280,2025-09-25,status,Triage,For Refinement
115280,2025-10-02,status,For Refinement,In Refinement
115280,2025-10-09,status,In Refinement,For Technical Analysis
115280,2025-10-15,status,For Technical Analysis,In Technical Analysis
115280,2025-10-22,status,In Technical Analysis,Ready for Development
115280,2025-10-29,status,Ready for Development,In Development
115280,2025-11-04,status,In Development,For Release
124527,2025-08-11,status,Backlog,Triage
124527,2025-08-12,status,Triage,For Refinement
124527,2025-08-13,status,For Refinement,In Refinement
124527,2025-08-15,status,In Refinement,For Technical Analysis
124527,2025-08-17,status,For Technical Analysis,In Technical Analysis
124527,2025-08-18,status,In Technical Analysis,Ready for Development
124527,2025-08-19,status,Ready for Development,In Development
111298,2025-07-27,status,Backlog,Triage
111298,2025-07-30,status,Triage,For Refinement
111298,2025-08-03,status,For Refinement,In Refinement
111298,2025-08-06,status,In Refinement,For Technical Analysis
111298,2025-08-10,status,For Technical Analysis,In Technical Analysis
111298,2025-08-13,status,In Technical Analysis,Ready for Development
111298,2025-08-17,status,Ready for Development,In Development
111298,2025-08-20,status,In Development,For Release
104567,2025-05-06,status,Backlog,Triage
104567,2025-05-08,status,Triage,For Refinement
104567,2025-05-10,status,For Refinement,In Refinement
104567,2025-05-12,status,In Refinement,For Technical Analysis
104567,2025-05-14,status,For Technical Analysis,In Technical Analysis
104567,2025-05-17,status,In Technical Analysis,Ready for Development
104567,2025-05-19,status,Ready for Development,In Development
104567,2025-05-21,status,In Development,For Release
104567,2025-05-23,status,For Release,Waiting Information
104567,2025-05-25,status,Waiting Information,Information Sent
117466,2025-05-13,status,Lista de desejos,Backlog
117466,2025-05-14,status,Backlog,Triage
117466,2025-05-16,status,Triage,For Refinement
117466,2025-05-18,status,For Refinement,In Refinement
117466,2025-05-20,status,In Refinement,In Progress
117466,2025-05-21,status,In Progress,Done
113648,2025-05-09,status,Backlog,Triage
113648,2025-05-15,status,Triage,For Refinement
113648,2025-05-22,status,For Refinement,In Refinement
113648,2025-05-28,status,In Refinement,For Technical Analysis
113648,2025-06-04,status,For Technical Analysis,In Technical Analysis
113648,2025-06-11,status,In Technical Analysis,Ready for Development
113648,2025-06-17,status,Ready for Development,In Development
112598,2025-04-08,status,Backlog,Triage
112598,2025-04-26,status,Triage,For Refinement
107927,2025-08-21,status,Lista de desejos,Backlog
107927,2025-08-24,status,Backlog,Triage
107927,2025-08-26,status,Triage,For Refinement
107927,2025-08-28,status,For Refinement,In Refinement
107927,2025-08-30,status,In Refinement,In Progress
107927,2025-09-02,status,In Progress,Done
122164,2025-12-29,status,Backlog,Triage
122164,2025-12-30,status,Triage,For Refinement
122164,2026-01-01,status,For Refinement,In Refinement
122164,2026-01-02,status,In Refinement,For Technical Analysis
122164,2026-01-04,status,For Technical Analysis,In Technical Analysis
122164,2026-01-06,status,In Technical Analysis,Ready for Development
122164,2026-01-07,status,Ready for Development,In Development
122164,2026-01-09,status,In Development,For Release
122164,2026-01-10,status,For Release,Waiting Information
121018,2025-04-05,status,Lista de desejos,Backlog
121018,2025-04-07,status,Backlog,Triage
121018,2025-04-10,status,Triage,For Refinement
121018,2025-04-13,status,For Refinement,In Refinement
121018,2025-04-16,status,In Refinement,In Progress
121018,2025-04-18,status,In Progress,Done
121288,2025-02-11,status,Lista de desejos,Backlog
121288,2025-02-14,status,Backlog,Triage
121288,2025-02-17,status,Triage,For Refinement
121288,2025-02-21,status,For Refinement,In Refinement
121288,2025-02-24,status,In Refinement,In Progress
121288,2025-02-27,status,In Progress,Done
103909,2025-06-16,status,Backlog,Triage
103909,2025-06-22,status,Triage,For Refinement
103909,2025-06-27,status,For Refinement,In Refinement
103909,2025-07-02,status,In Refinement,For Technical Analysis
103909,2025-07-08,status,For Technical Analysis,In Technical Analysis
102797,2025-01-05,status,Lista de desejos,Backlog
102797,2025-01-10,status,Backlog,Triage
102797,2025-01-14,status,Triage,For Refinement
102797,2025-01-18,status,For Refinement,In Refinement
102797,2025-01-22,status,In Refinement,In Progress
102797,2025-01-27,status,In Progress,Done
104593,2025-08-10,status,Lista de desejos,Backlog
104593,2025-08-15,status,Backlog,Triage
104593,2025-08-19,status,Triage,For Refinement
104593,2025-08-23,status,For Refinement,In Refinement
104593,2025-08-27,status,In Refinement,In Progress
104593,2025-09-01,status,In Progress,Done
111102,2025-04-29,status,Lista de desejos,Backlog
111102,2025-05-02,status,Backlog,Triage
111102,2025-05-04,status,Triage,For Refinement
111102,2025-05-07,status,For Refinement,In Refinement
111102,2025-05-09,status,In Refinement,In Progress
111102,2025-05-11,status,In Progress,Done
111102,2025-05-14,status,Done,Canceled
101261,2025-02-20,status,Lista de desejos,Backlog
101261,2025-02-22,status,Backlog,Triage
101261,2025-02-24,status,Triage,For Refinement
101261,2025-02-26,status,For Refinement,In Refinement
101261,2025-02-28,status,In Refinement,In Progress
101261,2025-03-02,status,In Progress,Done
115503,2025-06-13,status,Backlog,Triage
115503,2025-06-25,status,Triage,For Refinement
115503,2025-07-06,status,For Refinement,In Refinement
115503,2025-07-18,status,In Refinement,For Technical Analysis
114019,2025-09-02,status,Lista de desejos,Backlog
114019,2025-09-04,status,Backlog,Triage
114019,2025-09-07,status,Triage,For Refinement
114019,2025-09-09,status,For Refinement,In Refinement
114019,2025-09-12,status,In Refinement,In Progress
114019,2025-09-14,status,In Progress,Done
116943,2025-05-30,status,Lista de desejos,Backlog
116943,2025-06-01,status,Backlog,Triage
116943,2025-06-03,status,Triage,For Refinement
116943,2025-06-05,status,For Refinement,In Refinement
116943,2025-06-06,status,In Refinement,In Progress
116943,2025-06-08,status,In Progress,Done
116943,2025-06-10,status,Done,Canceled
121170,2025-07-05,status,Lista de desejos,Backlog
121170,2025-07-08,status,Backlog,Triage
121170,2025-07-12,status,Triage,For Refinement
121170,2025-07-16,status,For Refinement,In Refinement
121170,2025-07-20,status,In Refinement,In Progress
121170,2025-07-23,status,In Progress,Done
123453,2025-12-03,status,Lista de desejos,Backlog
123453,2025-12-04,status,Backlog,Triage
123453,2025-12-06,status,Triage,For Refinement
123453,2025-12-08,status,For Refinement,In Refinement
123453,2025-12-10,status,In Refinement,In Progress
123453,2025-12-11,status,In Progress,Done
109889,2025-10-04,status,Backlog,Triage
109889,2025-10-08,status,Triage,For Refinement
109889,2025-10-12,status,For Refinement,In Refinement
109889,2025-10-16,status,In Refinement,For Technical Analysis
109889,2025-10-20,status,For Technical Analysis,In Technical Analysis
109889,2025-10-25,status,In Technical Analysis,Ready for Development
109889,2025-10-29,status,Ready for Development,In Development
109889,2025-11-02,status,In Development,For Release
109889,2025-11-06,status,For Release,Waiting Information
109889,2025-11-10,status,Waiting Information,Information Sent
120000,2025-05-19,status,Backlog,Triage
120000,2025-05-22,status,Triage,For Refinement
120000,2025-05-26,status,For Refinement,In Refinement
120000,2025-05-29,status,In Refinement,For Technical Analysis
120000,2025-06-02,status,For Technical Analysis,In Technical Analysis
120000,2025-06-06,status,In Technical Analysis,Ready for Development
120000,2025-06-09,status,Ready for Development,In Development
120000,2025-06-13,status,In Development,For Release
120000,2025-06-16,status,For Release,Waiting Information
106937,2025-09-28,status,Backlog,Triage
106937,2025-10-10,status,Triage,For Refinement
106937,2025-10-23,status,For Refinement,In Refinement
114546,2025-07-29,status,Lista de desejos,Backlog
114546,2025-08-01,status,Backlog,Triage
114546,2025-08-04,status,Triage,For Refinement
114546,2025-08-07,status,For Refinement,In Refinement
114546,2025-08-10,status,In Refinement,In Progress
114546,2025-08-13,status,In Progress,Done
115763,2025-08-31,status,Backlog,Triage
115763,2025-09-07,status,Triage,For Refinement
115763,2025-09-14,status,For Refinement,In Refinement
115763,2025-09-21,status,In Refinement,For Technical Analysis
115763,2025-09-29,status,For Technical Analysis,In Technical Analysis
115763,2025-10-06,status,In Technical Analysis,Ready for Development
115763,2025-10-13,status,Ready for Development,In Development
110113,2025-11-14,status,Lista de desejos,Backlog
110113,2025-11-16,status,Backlog,Triage
110113,2025-11-17,status,Triage,For Refinement
110113,2025-11-19,status,For Refinement,In Refinement
110113,2025-11-20,status,In Refinement,In Progress
110113,2025-11-22,status,In Progress,Done
120184,2025-02-04,status,Lista de desejos,Backlog
120184,2025-02-08,status,Backlog,Triage
120184,2025-02-11,status,Triage,For Refinement
120184,2025-02-15,status,For Refinement,In Refinement
120184,2025-02-18,status,In Refinement,In Progress
120184,2025-02-22,status,In Progress,Done
101100,2025-08-03,status,Lista de desejos,Backlog
101100,2025-08-08,status,Backlog,Triage
101100,2025-08-12,status,Triage,For Refinement
105060,2025-07-09,status,Lista de desejos,Backlog
105060,2025-07-12,status,Backlog,Triage
105060,2025-07-16,status,Triage,For Refinement
105060,2025-07-20,status,For Refinement,In Refinement
105060,2025-07-24,status,In Refinement,In Progress
105060,2025-07-27,status,In Progress,Done
103190,2025-10-28,status,Lista de desejos,Backlog
103190,2025-11-01,status,Backlog,Triage
103190,2025-11-05,status,Triage,For Refinement
103190,2025-11-10,status,For Refinement,In Refinement
103190,2025-11-14,status,In Refinement,In Progress
103190,2025-11-18,status,In Progress,Done
110191,2025-05-08,status,Backlog,Triage
110191,2025-05-11,status,Triage,For Refinement
110191,2025-05-15,status,For Refinement,In Refinement
110191,2025-05-18,status,In Refinement,For Technical Analysis
110191,2025-05-22,status,For Technical Analysis,In Technical Analysis
110191,2025-05-25,status,In Technical Analysis,Ready for Development
103304,2025-08-06,status,Lista de desejos,Backlog
103304,2025-08-08,status,Backlog,Triage
103304,2025-08-09,status,Triage,For Refinement
103304,2025-08-11,status,For Refinement,In Refinement
103304,2025-08-12,status,In Refinement,In Progress
103304,2025-08-14,status,In Progress,Done
121553,2025-08-19,status,Lista de desejos,Backlog
121553,2025-08-22,status,Backlog,Triage
121553,2025-08-24,status,Triage,For Refinement
121553,2025-08-27,status,For Refinement,In Refinement
121553,2025-08-29,status,In Refinement,In Progress
121553,2025-09-01,status,In Progress,Done
122325,2025-08-24,status,Lista de desejos,Backlog
122325,2025-08-27,status,Backlog,Triage
122325,2025-08-29,status,Triage,For Refinement
122325,2025-08-31,status,For Refinement,In Refinement
122325,2025-09-02,status,In Refinement,In Progress
122325,2025-09-05,status,In Progress,Done
115479,2025-06-02,status,Backlog,Triage
115479,2025-06-07,status,Triage,For Refinement
115479,2025-06-12,status,For Refinement,In Refinement
119407,2025-10-10,status,Lista de desejos,Backlog
119407,2025-10-13,status,Backlog,Triage
119407,2025-10-16,status,Triage,For Refinement
119407,2025-10-19,status,For Refinement,In Refinement
119407,2025-10-21,status,In Refinement,In Progress
119407,2025-10-24,status,In Progress,Done
119407,2025-10-27,status,Done,Canceled
121551,2025-05-17,status,Lista de desejos,Backlog
121551,2025-05-19,status,Backlog,Triage
121551,2025-05-22,status,Triage,For Refinement
121551,2025-05-25,status,For Refinement,In Refinement
121551,2025-05-28,status,In Refinement,In Progress
121551,2025-05-30,status,In Progress,Done
112732,2025-04-10,status,Backlog,Triage
112732,2025-04-13,status,Triage,For Refinement
112732,2025-04-15,status,For Refinement,In Refinement
112732,2025-04-17,status,In Refinement,For Technical Analysis
112732,2025-04-20,status,For Technical Analysis,In Technical Analysis
112732,2025-04-22,status,In Technical Analysis,Ready for Development
112732,2025-04-24,status,Ready for Development,In Development
112732,2025-04-27,status,In Development,For Release
117945,2025-11-03,status,Backlog,Triage
117945,2025-11-12,status,Triage,For Refinement
117945,2025-11-21,status,For Refinement,In Refinement
107482,2025-05-26,status,Lista de desejos,Backlog
107482,2025-05-29,status,Backlog,Triage
107482,2025-06-01,status,Triage,For Refinement
107482,2025-06-05,status,For Refinement,In Refinement
107482,2025-06-08,status,In Refinement,In Progress
107482,2025-06-11,status,In Progress,Done
121832,2025-02-01,status,Lista de desejos,Backlog
121832,2025-02-04,status,Backlog,Triage
121832,2025-02-08,status,Triage,For Refinement
121832,2025-02-11,status,For Refinement,In Refinement
121832,2025-02-15,status,In Refinement,In Progress
121832,2025-02-18,status,In Progress,Done
111349,2025-02-03,status,Backlog,Triage
111349,2025-02-04,status,Triage,For Refinement
111349,2025-02-06,status,For Refinement,In Refinement
111349,2025-02-07,status,In Refinement,For Technical Analysis
111349,2025-02-08,status,For Technical Analysis,In Technical Analysis
111349,2025-02-09,status,In Technical Analysis,Ready for Development
111349,2025-02-11,status,Ready for Development,In Development
111349,2025-02-12,status,In Development,For Release
120479,2025-05-24,status,Backlog,Triage
120479,2025-05-31,status,Triage,For Refinement
111566,2025-12-18,status,Lista de desejos,Backlog
111566,2025-12-19,status,Backlog,Triage
111566,2025-12-21,status,Triage,For Refinement
111566,2025-12-22,status,For Refinement,In Refinement
111566,2025-12-24,status,In Refinement,In Progress
111566,2025-12-25,status,In Progress,Done
106691,2025-01-04,status,Lista de desejos,Backlog
106691,2025-01-08,status,Backlog,Triage
106691,2025-01-11,status,Triage,For Refinement
106691,2025-01-15,status,For Refinement,In Refinement
106691,2025-01-18,status,In Refinement,In Progress
106691,2025-01-22,status,In Progress,Done
115180,2025-05-05,status,Backlog,Triage
115180,2025-05-24,status,Triage,For Refinement
119876,2025-10-25,status,Backlog,Triage
108576,2025-07-21,status,Lista de desejos,Backlog
108576,2025-07-24,status,Backlog,Triage
108576,2025-07-26,status,Triage,For Refinement
108576,2025-07-29,status,For Refinement,In Refinement
108576,2025-07-31,status,In Refinement,In Progress
108576,2025-08-02,status,In Progress,Done
108576,2025-08-05,status,Done,Canceled
104501,2025-07-14,status,Lista de desejos,Backlog
104501,2025-07-17,status,Backlog,Triage
104501,2025-07-20,status,Triage,For Refinement
104501,2025-07-24,status,For Refinement,In Refinement
104501,2025-07-27,status,In Refinement,In Progress
104501,2025-07-30,status,In Progress,Done
112140,2025-09-27,status,Lista de desejos,Backlog
112140,2025-09-30,status,Backlog,Triage
112140,2025-10-03,status,Triage,For Refinement
112140,2025-10-07,status,For Refinement,In Refinement
112140,2025-10-11,status,In Refinement,In Progress
112140,2025-10-14,status,In Progress,Done
112140,2025-10-17,status,Done,Canceled
102346,2025-07-17,status,Backlog,Triage
102346,2025-07-23,status,Triage,For Refinement
102346,2025-07-30,status,For Refinement,In Refinement
102346,2025-08-06,status,In Refinement,For Technical Analysis
102346,2025-08-12,status,For Technical Analysis,In Technical Analysis
102346,2025-08-19,status,In Technical Analysis,Ready for Development
102346,2025-08-26,status,Ready for Development,In Development
102346,2025-09-01,status,In Development,For Release
107016,2025-11-29,status,Lista de desejos,Backlog
107016,2025-12-02,status,Backlog,Triage
107016,2025-12-05,status,Triage,For Refinement
107016,2025-12-08,status,For Refinement,In Refinement
107016,2025-12-11,status,In Refinement,In Progress
107016,2025-12-14,status,In Progress,Done
107016,2025-12-17,status,Done,Canceled
122667,2025-06-26,status,Lista de desejos,Backlog
122667,2025-06-29,status,Backlog,Triage
122667,2025-07-01,status,Triage,For Refinement
122667,2025-07-04,status,For Refinement,In Refinement
122667,2025-07-07,status,In Refinement,In Progress
122667,2025-07-09,status,In Progress,Done
122667,2025-07-12,status,Done,Canceled
105391,2025-03-18,status,Lista de desejos,Backlog
105391,2025-03-21,status,Backlog,Triage
105391,2025-03-24,status,Triage,For Refinement
105391,2025-03-27,status,For Refinement,In Refinement
105391,2025-03-31,status,In Refinement,In Progress
105391,2025-04-03,status,In Progress,Done
105391,2025-04-06,status,Done,Canceled
105049,2025-08-25,status,Lista de desejos,Backlog
105049,2025-08-29,status,Backlog,Triage
105049,2025-09-01,status,Triage,For Refinement
105049,2025-09-05,status,For Refinement,In Refinement
105049,2025-09-08,status,In Refinement,In Progress
105049,2025-09-12,status,In Progress,Done
121155,2025-08-22,status,Lista de desejos,Backlog
121155,2025-08-26,status,Backlog,Triage
121155,2025-08-30,status,Triage,For Refinement
121155,2025-09-04,status,For Refinement,In Refinement
121155,2025-09-08,status,In Refinement,In Progress
121155,2025-09-12,status,In Progress,Done
111996,2025-05-04,status,Lista de desejos,Backlog
111996,2025-05-07,status,Backlog,Triage
111996,2025-05-11,status,Triage,For Refinement
111996,2025-05-14,status,For Refinement,In Refinement
111996,2025-05-18,status,In Refinement,In Progress
111996,2025-05-21,status,In Progress,Done
111261,2025-06-01,status,Lista de desejos,Backlog
111261,2025-06-03,status,Backlog,Triage
111261,2025-06-06,status,Triage,For Refinement
111261,2025-06-08,status,For Refinement,In Refinement
111261,2025-06-11,status,In Refinement,In Progress
111261,2025-06-13,status,In Progress,Done
116327,2025-04-30,status,Lista de desejos,Backlog
116327,2025-05-02,status,Backlog,Triage
116327,2025-05-03,status,Triage,For Refinement
116327,2025-05-05,status,For Refinement,In Refinement
116327,2025-05-06,status,In Refinement,In Progress
116327,2025-05-08,status,In Progress,Done
107612,2025-08-15,status,Lista de desejos,Backlog
107612,2025-08-18,status,Backlog,Triage
107612,2025-08-21,status,Triage,For Refinement
107612,2025-08-24,status,For Refinement,In Refinement
107612,2025-08-27,status,In Refinement,In Progress
107612,2025-08-30,status,In Progress,Done
117576,2025-10-18,status,Lista de desejos,Backlog
117576,2025-10-20,status,Backlog,Triage
117576,2025-10-22,status,Triage,For Refinement
117576,2025-10-23,status,For Refinement,In Refinement
117576,2025-10-25,status,In Refinement,In Progress
117576,2025-10-27,status,In Progress,Done
112836,2025-03-29,status,Lista de desejos,Backlog
112836,2025-04-02,status,Backlog,Triage
112836,2025-04-06,status,Triage,For Refinement
112836,2025-04-09,status,For Refinement,In Refinement
112836,2025-04-13,status,In Refinement,In Progress
112836,2025-04-17,status,In Progress,Done
114450,2025-01-24,status,Backlog,Triage
114450,2025-02-07,status,Triage,For Refinement
114450,2025-02-22,status,For Refinement,In Refinement
102954,2025-08-31,status,Lista de desejos,Backlog
102954,2025-09-04,status,Backlog,Triage
102954,2025-09-07,status,Triage,For Refinement
102954,2025-09-10,status,For Refinement,In Refinement
102954,2025-09-13,status,In Refinement,In Progress
102954,2025-09-17,status,In Progress,Done
124969,2025-05-08,status,Lista de desejos,Backlog
124969,2025-05-11,status,Backlog,Triage
124969,2025-05-15,status,Triage,For Refinement
124969,2025-05-18,status,For Refinement,In Refinement
124969,2025-05-22,status,In Refinement,In Progress
124969,2025-05-26,status,In Progress,Done
124969,2025-05-29,status,Done,Canceled
101391,2025-10-01,status,Backlog,Triage
101391,2025-10-04,status,Triage,For Refinement
101391,2025-10-07,status,For Refinement,In Refinement
101391,2025-10-09,status,In Refinement,For Technical Analysis
101391,2025-10-11,status,For Technical Analysis,In Technical Analysis
101391,2025-10-14,status,In Technical Analysis,Ready for Development
101391,2025-10-17,status,Ready for Development,In Development
101391,2025-10-19,status,In Development,For Release
101391,2025-10-21,status,For Release,Waiting Information
106144,2025-06-07,status,Backlog,Triage
106144,2025-06-11,status,Triage,For Refinement
106144,2025-06-15,status,For Refinement,In Refinement
106144,2025-06-18,status,In Refinement,For Technical Analysis
106144,2025-06-22,status,For Technical Analysis,In Technical Analysis
106144,2025-06-26,status,In Technical Analysis,Ready for Development
116067,2025-05-17,status,Lista de desejos,Backlog
116067,2025-05-19,status,Backlog,Triage
116067,2025-05-20,status,Triage,For Refinement
116067,2025-05-22,status,For Refinement,In Refinement
116067,2025-05-23,status,In Refinement,In Progress
116067,2025-05-25,status,In Progress,Done
115585,2025-06-03,status,Backlog,Triage
115585,2025-06-08,status,Triage,For Refinement
115585,2025-06-13,status,For Refinement,In Refinement
113329,2025-07-06,status,Lista de desejos,Backlog
113329,2025-07-08,status,Backlog,Triage
113329,2025-07-10,status,Triage,For Refinement
113329,2025-07-13,status,For Refinement,In Refinement
113329,2025-07-15,status,In Refinement,In Progress
113329,2025-07-17,status,In Progress,Done
120437,2025-02-24,status,Lista de desejos,Backlog
120437,2025-03-01,status,Backlog,Triage
120437,2025-03-05,status,Triage,For Refinement
120437,2025-03-09,status,For Refinement,In Refinement
120437,2025-03-13,status,In Refinement,In Progress
120437,2025-03-18,status,In Progress,Done
114784,2025-06-24,status,Backlog,Triage
114784,2025-06-30,status,Triage,For Refinement
114784,2025-07-07,status,For Refinement,In Refinement
114784,2025-07-14,status,In Refinement,For Technical Analysis
114784,2025-07-20,status,For Technical Analysis,In Technical Analysis
114784,2025-07-27,status,In Technical Analysis,Ready for Development
114784,2025-08-03,status,Ready for Development,In Development
114784,2025-08-09,status,In Development,For Release
123215,2025-07-24,status,Backlog,Triage
123215,2025-07-30,status,Triage,For Refinement
123215,2025-08-05,status,For Refinement,In Refinement
123215,2025-08-11,status,In Refinement,For Technical Analysis
123215,2025-08-17,status,For Technical Analysis,In Technical Analysis
123215,2025-08-23,status,In Technical Analysis,Ready for Development
123215,2025-08-29,status,Ready for Development,In Development
123215,2025-09-04,status,In Development,For Release
105301,2025-10-30,status,Lista de desejos,Backlog
105301,2025-11-03,status,Backlog,Triage
105301,2025-11-07,status,Triage,For Refinement
105301,2025-11-12,status,For Refinement,In Refinement
105301,2025-11-16,status,In Refinement,In Progress
105301,2025-11-20,status,In Progress,Done
120939,2025-11-28,status,Lista de desejos,Backlog
120939,2025-12-01,status,Backlog,Triage
120939,2025-12-05,status,Triage,For Refinement
120939,2025-12-09,status,For Refinement,In Refinement
120939,2025-12-13,status,In Refinement,In Progress
120939,2025-12-16,status,In Progress,Done
124610,2025-09-30,status,Lista de desejos,Backlog
124610,2025-10-02,status,Backlog,Triage
124610,2025-10-04,status,Triage,For Refinement
124610,2025-10-06,status,For Refinement,In Refinement
124610,2025-10-08,status,In Refinement,In Progress
124610,2025-10-10,status,In Progress,Done
104469,2025-05-12,status,Lista de desejos,Backlog
104469,2025-05-14,status,Backlog,Triage
104469,2025-05-16,status,Triage,For Refinement
104469,2025-05-19,status,For Refinement,In Refinement
104469,2025-05-21,status,In Refinement,In Progress
104469,2025-05-23,status,In Progress,Done
108093,2025-11-20,status,Lista de desejos,Backlog
108093,2025-11-23,status,Backlog,Triage
108093,2025-11-27,status,Triage,For Refinement
108093,2025-11-30,status,For Refinement,In Refinement
108093,2025-12-04,status,In Refinement,In Progress
108093,2025-12-08,status,In Progress,Done
108093,2025-12-11,status,Done,Canceled
103547,2025-08-01,status,Lista de desejos,Backlog
103547,2025-08-05,status,Backlog,Triage
103547,2025-08-08,status,Triage,For Refinement
103547,2025-08-12,status,For Refinement,In Refinement
103547,2025-08-15,status,In Refinement,In Progress
103547,2025-08-19,status,In Progress,Done
107862,2025-06-08,status,Lista de desejos,Backlog
107862,2025-06-12,status,Backlog,Triage
107862,2025-06-16,status,Triage,For Refinement
107862,2025-06-21,status,For Refinement,In Refinement
107862,2025-06-25,status,In Refinement,In Progress
107862,2025-06-29,status,In Progress,Done
116714,2025-08-18,status,Lista de desejos,Backlog
116714,2025-08-21,status,Backlog,Triage
116714,2025-08-24,status,Triage,For Refinement
116714,2025-08-28,status,For Refinement,In Refinement
116714,2025-08-31,status,In Refinement,In Progress
116714,2025-09-03,status,In Progress,Done
103619,2025-11-19,status,Lista de desejos,Backlog
103619,2025-11-21,status,Backlog,Triage
103619,2025-11-24,status,Triage,For Refinement
103619,2025-11-26,status,For Refinement,In Refinement
103619,2025-11-29,status,In Refinement,In Progress
103619,2025-12-01,status,In Progress,Done
100261,2025-11-26,status,Lista de desejos,Backlog
100261,2025-11-30,status,Backlog,Triage
100261,2025-12-03,status,Triage,For Refinement
100261,2025-12-07,status,For Refinement,In Refinement
100261,2025-12-10,status,In Refinement,In Progress
100261,2025-12-14,status,In Progress,Done
103913,2025-07-19,status,Lista de desejos,Backlog
103913,2025-07-21,status,Backlog,Triage
103913,2025-07-24,status,Triage,For Refinement
103913,2025-07-27,status,For Refinement,In Refinement
103913,2025-07-30,status,In Refinement,In Progress
103913,2025-08-01,status,In Progress,Done
100888,2025-10-11,status,Lista de desejos,Backlog
100888,2025-10-12,status,Backlog,Triage
100888,2025-10-14,status,Triage,For Refinement
100888,2025-10-15,status,For Refinement,In Refinement
100888,2025-10-17,status,In Refinement,In Progress
100888,2025-10-18,status,In Progress,Done
121698,2025-03-20,status,Lista de desejos,Backlog
121698,2025-03-21,status,Backlog,Triage
121698,2025-03-23,status,Triage,For Refinement
121698,2025-03-24,status,For Refinement,In Refinement
121698,2025-03-26,status,In Refinement,In Progress
121698,2025-03-28,status,In Progress,Done
121698,2025-03-29,status,Done,Canceled
114293,2025-12-15,status,Lista de desejos,Backlog
114293,2025-12-17,status,Backlog,Triage
114293,2025-12-20,status,Triage,For Refinement
114293,2025-12-23,status,For Refinement,In Refinement
114293,2025-12-26,status,In Refinement,In Progress
114293,2025-12-28,status,In Progress,Done
118177,2025-01-26,status,Lista de desejos,Backlog
118177,2025-01-29,status,Backlog,Triage
118177,2025-02-02,status,Triage,For Refinement
118177,2025-02-05,status,For Refinement,In Refinement
118177,2025-02-09,status,In Refinement,In Progress
118177,2025-02-12,status,In Progress,Done
117309,2025-01-28,status,Backlog,Triage
117309,2025-01-30,status,Triage,For Refinement
117309,2025-01-31,status,For Refinement,In Refinement
117309,2025-02-01,status,In Refinement,For Technical Analysis
117309,2025-02-03,status,For Technical Analysis,In Technical Analysis
117309,2025-02-04,status,In Technical Analysis,Ready for Development
117309,2025-02-05,status,Ready for Development,In Development
117309,2025-02-07,status,In Development,For Release
117264,2025-09-07,status,Lista de desejos,Backlog
117264,2025-09-09,status,Backlog,Triage
117264,2025-09-11,status,Triage,For Refinement
117264,2025-09-12,status,For Refinement,In Refinement
117264,2025-09-14,status,In Refinement,In Progress
117264,2025-09-16,status,In Progress,Done
122299,2025-04-03,status,Lista de desejos,Backlog
122299,2025-04-05,status,Backlog,Triage
122299,2025-04-08,status,Triage,For Refinement
122299,2025-04-11,status,For Refinement,In Refinement
122299,2025-04-14,status,In Refinement,In Progress
122299,2025-04-16,status,In Progress,Done
106253,2025-05-04,status,Lista de desejos,Backlog
106253,2025-05-05,status,Backlog,Triage
106253,2025-05-07,status,Triage,For Refinement
106253,2025-05-08,status,For Refinement,In Refinement
106253,2025-05-09,status,In Refinement,In Progress
106253,2025-05-11,status,In Progress,Done
106253,2025-05-12,status,Done,Canceled
103412,2025-06-09,status,Lista de desejos,Backlog
103412,2025-06-12,status,Backlog,Triage
103412,2025-06-15,status,Triage,For Refinement
103412,2025-06-17,status,For Refinement,In Refinement
103412,2025-06-20,status,In Refinement,In Progress
103412,2025-06-23,status,In Progress,Done
100122,2025-03-20,status,Lista de desejos,Backlog
100122,2025-03-25,status,Backlog,Triage
100122,2025-03-29,status,Triage,For Refinement
100122,2025-04-02,status,For Refinement,In Refinement
100122,2025-04-06,status,In Refinement,In Progress
100122,2025-04-11,status,In Progress,Done
100175,2025-09-28,status,Lista de desejos,Backlog
100175,2025-09-29,status,Backlog,Triage
100175,2025-10-01,status,Triage,For Refinement
100175,2025-10-03,status,For Refinement,In Refinement
100175,2025-10-05,status,In Refinement,In Progress
100175,2025-10-06,status,In Progress,Done
112854,2025-04-10,status,Lista de desejos,Backlog
112854,2025-04-12,status,Backlog,Triage
112854,2025-04-14,status,Triage,For Refinement
112854,2025-04-16,status,For Refinement,In Refinement
112854,2025-04-18,status,In Refinement,In Progress
112854,2025-04-20,status,In Progress,Done
113458,2025-05-29,status,Lista de desejos,Backlog
113458,2025-06-01,status,Backlog,Triage
113458,2025-06-05,status,Triage,For Refinement
113458,2025-06-08,status,For Refinement,In Refinement
113458,2025-06-12,status,In Refinement,In Progress
113458,2025-06-15,status,In Progress,Done
109198,2025-09-02,status,Lista de desejos,Backlog
109198,2025-09-05,status,Backlog,Triage
109198,2025-09-08,status,Triage,For Refinement
109198,2025-09-11,status,For Refinement,In Refinement
109198,2025-09-13,status,In Refinement,In Progress
109198,2025-09-16,status,In Progress,Done
109198,2025-09-19,status,Done,Canceled
114053,2025-04-26,status,Lista de desejos,Backlog
114053,2025-04-30,status,Backlog,Triage
114053,2025-05-03,status,Triage,For Refinement
114053,2025-05-07,status,For Refinement,In Refinement
114053,2025-05-10,status,In Refinement,In Progress
114053,2025-05-14,status,In Progress,Done
100693,2025-06-15,status,Lista de desejos,Backlog
100693,2025-06-17,status,Backlog,Triage
100693,2025-06-20,status,Triage,For Refinement
100693,2025-06-23,status,For Refinement,In Refinement
100693,2025-06-26,status,In Refinement,In Progress
100693,2025-06-28,status,In Progress,Done
103288,2025-07-16,status,Backlog,Triage
117283,2025-09-21,status,Lista de desejos,Backlog
117283,2025-09-26,status,Backlog,Triage
117283,2025-09-30,status,Triage,For Refinement
117283,2025-10-05,status,For Refinement,In Refinement
107522,2025-07-26,status,Lista de desejos,Backlog
107522,2025-07-28,status,Backlog,Triage
107522,2025-07-31,status,Triage,For Refinement
107522,2025-08-03,status,For Refinement,In Refinement
107522,2025-08-06,status,In Refinement,In Progress
107522,2025-08-08,status,In Progress,Done
115499,2025-06-06,status,Backlog,Triage
115499,2025-06-09,status,Triage,For Refinement
115499,2025-06-11,status,For Refinement,In Refinement
115499,2025-06-14,status,In Refinement,For Technical Analysis
115499,2025-06-17,status,For Technical Analysis,In Technical Analysis
115499,2025-06-19,status,In Technical Analysis,Ready for Development
115499,2025-06-22,status,Ready for Development,In Development
124191,2025-12-06,status,Lista de desejos,Backlog
124191,2025-12-10,status,Backlog,Triage
124191,2025-12-14,status,Triage,For Refinement
124191,2025-12-18,status,For Refinement,In Refinement
124191,2025-12-22,status,In Refinement,In Progress
124191,2025-12-26,status,In Progress,Done
113419,2025-08-01,status,Lista de desejos,Backlog
113419,2025-08-04,status,Backlog,Triage
113419,2025-08-06,status,Triage,For Refinement
113419,2025-08-08,status,For Refinement,In Refinement
113419,2025-08-10,status,In Refinement,In Progress
113419,2025-08-13,status,In Progress,Done
121830,2025-07-03,status,Lista de desejos,Backlog
121830,2025-07-05,status,Backlog,Triage
121830,2025-07-07,status,Triage,For Refinement
121830,2025-07-08,status,For Refinement,In Refinement
121830,2025-07-10,status,In Refinement,In Progress
121830,2025-07-12,status,In Progress,Done
124616,2025-07-02,status,Backlog,Triage
124616,2025-07-07,status,Triage,For Refinement
124616,2025-07-13,status,For Refinement,In Refinement
124616,2025-07-18,status,In Refinement,For Technical Analysis
124616,2025-07-24,status,For Technical Analysis,In Technical Analysis
124616,2025-07-29,status,In Technical Analysis,Ready for Development
120848,2025-07-11,status,Backlog,Triage
120848,2025-07-18,status,Triage,For Refinement
120848,2025-07-24,status,For Refinement,In Refinement
120848,2025-07-31,status,In Refinement,For Technical Analysis
106393,2025-06-30,status,Backlog,Triage
106393,2025-07-03,status,Triage,For Refinement
106393,2025-07-07,status,For Refinement,In Refinement
106393,2025-07-10,status,In Refinement,For Technical Analysis
106393,2025-07-14,status,For Technical Analysis,In Technical Analysis
106393,2025-07-18,status,In Technical Analysis,Ready for Development
106393,2025-07-21,status,Ready for Development,In Development
102484,2025-08-27,status,Lista de desejos,Backlog
102484,2025-08-31,status,Backlog,Triage
102484,2025-09-03,status,Triage,For Refinement
102484,2025-09-07,status,For Refinement,In Refinement
102484,2025-09-10,status,In Refinement,In Progress
102484,2025-09-14,status,In Progress,Done
102729,2025-01-09,status,Lista de desejos,Backlog
102729,2025-01-14,status,Backlog,Triage
102729,2025-01-18,status,Triage,For Refinement
102729,2025-01-22,status,For Refinement,In Refinement
102729,2025-01-26,status,In Refinement,In Progress
102729,2025-01-31,status,In Progress,Done
122721,2025-12-13,status,Lista de desejos,Backlog
122721,2025-12-17,status,Backlog,Triage
122721,2025-12-20,status,Triage,For Refinement
122721,2025-12-24,status,For Refinement,In Refinement
122721,2025-12-27,status,In Refinement,In Progress
122721,2025-12-31,status,In Progress,Done
102537,2025-08-12,status,Backlog,Triage
102537,2025-08-18,status,Triage,For Refinement
102537,2025-08-24,status,For Refinement,In Refinement
121645,2025-12-29,status,Lista de desejos,Backlog
121645,2025-12-31,status,Backlog,Triage
121645,2026-01-02,status,Triage,For Refinement
121645,2026-01-05,status,For Refinement,In Refinement
121645,2026-01-07,status,In Refinement,In Progress
121645,2026-01-09,status,In Progress,Done
120452,2025-05-25,status,Lista de desejos,Backlog
120452,2025-05-27,status,Backlog,Triage
120452,2025-05-29,status,Triage,For Refinement
120452,2025-05-31,status,For Refinement,In Refinement
120452,2025-06-01,status,In Refinement,In Progress
120452,2025-06-03,status,In Progress,Done
120452,2025-06-05,status,Done,Canceled
118161,2025-07-02,status,Lista de desejos,Backlog
118161,2025-07-03,status,Backlog,Triage
118161,2025-07-05,status,Triage,For Refinement
118161,2025-07-06,status,For Refinement,In Refinement
118161,2025-07-08,status,In Refinement,In Progress
118161,2025-07-10,status,In Progress,Done
118161,2025-07-11,status,Done,Canceled
109517,2025-09-07,status,Lista de desejos,Backlog
109517,2025-09-12,status,Backlog,Triage
109517,2025-09-16,status,Triage,For Refinement
109517,2025-09-20,status,For Refinement,In Refinement
109517,2025-09-24,status,In Refinement,In Progress
109517,2025-09-29,status,In Progress,Done
118277,2025-08-30,status,Backlog,Triage
118277,2025-09-01,status,Triage,For Refinement
118277,2025-09-04,status,For Refinement,In Refinement
118277,2025-09-07,status,In Refinement,For Technical Analysis
118277,2025-09-09,status,For Technical Analysis,In Technical Analysis
118277,2025-09-12,status,In Technical Analysis,Ready for Development
118277,2025-09-15,status,Ready for Development,In Development
118277,2025-09-17,status,In Development,For Release
119926,2025-06-06,status,Backlog,Triage
119926,2025-06-09,status,Triage,For Refinement
119926,2025-06-11,status,For Refinement,In Refinement
114445,2025-07-12,status,Lista de desejos,Backlog
114445,2025-07-14,status,Backlog,Triage
114445,2025-07-16,status,Triage,For Refinement
114445,2025-07-18,status,For Refinement,In Refinement
114445,2025-07-20,status,In Refinement,In Progress
114445,2025-07-22,status,In Progress,Done
121097,2025-02-12,status,Backlog,Triage
121097,2025-03-02,status,Triage,For Refinement
123439,2025-03-30,status,Lista de desejos,Backlog
123439,2025-04-03,status,Backlog,Triage
123439,2025-04-07,status,Triage,For Refinement
123439,2025-04-10,status,For Refinement,In Refinement
123439,2025-04-14,status,In Refinement,In Progress
123439,2025-04-18,status,In Progress,Done
110843,2025-06-22,status,Lista de desejos,Backlog
110843,2025-06-23,status,Backlog,Triage
110843,2025-06-25,status,Triage,For Refinement
110843,2025-06-27,status,For Refinement,In Refinement
110843,2025-06-29,status,In Refinement,In Progress
110843,2025-06-30,status,In Progress,Done
102268,2025-08-24,status,Lista de desejos,Backlog
102268,2025-08-27,status,Backlog,Triage
102268,2025-08-30,status,Triage,For Refinement
102268,2025-09-03,status,For Refinement,In Refinement
102268,2025-09-06,status,In Refinement,In Progress
102268,2025-09-09,status,In Progress,Done
104140,2025-09-03,status,Backlog,Triage
104140,2025-09-11,status,Triage,For Refinement
116065,2025-07-10,status,Backlog,Triage
116065,2025-07-15,status,Triage,For Refinement
116065,2025-07-19,status,For Refinement,In Refinement
116065,2025-07-24,status,In Refinement,For Technical Analysis
116065,2025-07-28,status,For Technical Analysis,In Technical Analysis
116065,2025-08-01,status,In Technical Analysis,Ready for Development
116065,2025-08-06,status,Ready for Development,In Development
119670,2025-04-01,status,Lista de desejos,Backlog
119670,2025-04-03,status,Backlog,Triage
119670,2025-04-05,status,Triage,For Refinement
119670,2025-04-07,status,For Refinement,In Refinement
119670,2025-04-10,status,In Refinement,In Progress
119670,2025-04-12,status,In Progress,Done
119670,2025-04-14,status,Done,Canceled
124294,2025-02-20,status,Lista de desejos,Backlog
124294,2025-02-24,status,Backlog,Triage
124294,2025-02-28,status,Triage,For Refinement
124294,2025-03-05,status,For Refinement,In Refinement
124294,2025-03-09,status,In Refinement,In Progress
124294,2025-03-13,status,In Progress,Done
119468,2025-03-24,status,Lista de desejos,Backlog
119468,2025-03-26,status,Backlog,Triage
119468,2025-03-28,status,Triage,For Refinement
119468,2025-03-30,status,For Refinement,In Refinement
119468,2025-04-01,status,In Refinement,In Progress
119468,2025-04-03,status,In Progress,Done
116321,2025-03-04,status,Backlog,Triage
116321,2025-03-13,status,Triage,For Refinement
124533,2025-08-03,status,Backlog,Triage
124533,2025-08-05,status,Triage,For Refinement
124533,2025-08-06,status,For Refinement,In Refinement
124533,2025-08-08,status,In Refinement,For Technical Analysis
124533,2025-08-10,status,For Technical Analysis,In Technical Analysis
124533,2025-08-11,status,In Technical Analysis,Ready for Development
124533,2025-08-13,status,Ready for Development,In Development
101121,2025-06-30,status,Lista de desejos,Backlog
101121,2025-07-02,status,Backlog,Triage
101121,2025-07-05,status,Triage,For Refinement
101121,2025-07-07,status,For Refinement,In Refinement
101121,2025-07-10,status,In Refinement,In Progress
101121,2025-07-12,status,In Progress,Done
109665,2025-08-30,status,Lista de desejos,Backlog
109665,2025-09-01,status,Backlog,Triage
109665,2025-09-03,status,Triage,For Refinement
109665,2025-09-04,status,For Refinement,In Refinement
109665,2025-09-06,status,In Refinement,In Progress
109665,2025-09-08,status,In Progress,Done
106477,2025-08-26,status,Lista de desejos,Backlog
106477,2025-08-29,status,Backlog,Triage
106477,2025-09-02,status,Triage,For Refinement
106477,2025-09-06,status,For Refinement,In Refinement
106477,2025-09-10,status,In Refinement,In Progress
106477,2025-09-13,status,In Progress,Done
104636,2025-09-08,status,Backlog,Triage
104636,2025-09-27,status,Triage,For Refinement
123866,2025-02-02,status,Lista de desejos,Backlog
123866,2025-02-04,status,Backlog,Triage
123866,2025-02-06,status,Triage,For Refinement
123866,2025-02-08,status,For Refinement,In Refinement
123866,2025-02-10,status,In Refinement,In Progress
123866,2025-02-12,status,In Progress,Done
123866,2025-02-14,status,Done,Canceled
117801,2025-09-09,status,Lista de desejos,Backlog
117801,2025-09-13,status,Backlog,Triage
117801,2025-09-17,status,Triage,For Refinement
117801,2025-09-22,status,For Refinement,In Refinement
117801,2025-09-26,status,In Refinement,In Progress
117801,2025-09-30,status,In Progress,Done
116693,2025-01-30,status,Lista de desejos,Backlog
116693,2025-02-03,status,Backlog,Triage
116693,2025-02-06,status,Triage,For Refinement
116693,2025-02-10,status,For Refinement,In Refinement
116693,2025-02-14,status,In Refinement,In Progress
116693,2025-02-17,status,In Progress,Done
116693,2025-02-21,status,Done,Canceled
123916,2025-07-14,status,Lista de desejos,Backlog
123916,2025-07-18,status,Backlog,Triage
123916,2025-07-21,status,Triage,For Refinement
123916,2025-07-24,status,For Refinement,In Refinement
123916,2025-07-27,status,In Refinement,In Progress
123916,2025-07-31,status,In Progress,Done
123100,2025-12-20,status,Backlog,Triage
101259,2025-08-02,status,Lista de desejos,Backlog
101259,2025-08-05,status,Backlog,Triage
101259,2025-08-09,status,Triage,For Refinement
101259,2025-08-13,status,For Refinement,In Refinement
101259,2025-08-17,status,In Refinement,In Progress
101259,2025-08-20,status,In Progress,Done
116905,2025-09-09,status,Lista de desejos,Backlog
116905,2025-09-13,status,Backlog,Triage
116905,2025-09-16,status,Triage,For Refinement
116905,2025-09-20,status,For Refinement,In Refinement
116905,2025-09-23,status,In Refinement,In Progress
116905,2025-09-27,status,In Progress,Done
102292,2025-12-25,status,Backlog,Triage
102292,2026-01-04,status,Triage,For Refinement
103918,2025-01-22,status,Lista de desejos,Backlog
103918,2025-01-25,status,Backlog,Triage
103918,2025-01-27,status,Triage,For Refinement
103918,2025-01-30,status,For Refinement,In Refinement
103918,2025-02-01,status,In Refinement,In Progress
103918,2025-02-04,status,In Progress,Done
102351,2025-04-21,status,Lista de desejos,Backlog
102351,2025-04-23,status,Backlog,Triage
102351,2025-04-26,status,Triage,For Refinement
102351,2025-04-28,status,For Refinement,In Refinement
102351,2025-05-01,status,In Refinement,In Progress
102351,2025-05-03,status,In Progress,Done
108532,2025-09-14,status,Lista de desejos,Backlog
108532,2025-09-18,status,Backlog,Triage
108532,2025-09-21,status,Triage,For Refinement
108532,2025-09-25,status,For Refinement,In Refinement
108532,2025-09-28,status,In Refinement,In Progress
108532,2025-10-02,status,In Progress,Done
120960,2025-12-25,status,Lista de desejos,Backlog
120960,2025-12-29,status,Backlog,Triage
120960,2026-01-01,status,Triage,For Refinement
120960,2026-01-05,status,For Refinement,In Refinement
120960,2026-01-08,status,In Refinement,In Progress
120960,2026-01-12,status,In Progress,Done
120137,2025-08-17,status,Backlog,Triage
120137,2025-08-25,status,Triage,For Refinement
120137,2025-09-01,status,For Refinement,In Refinement
120137,2025-09-08,status,In Refinement,For Technical Analysis
120137,2025-09-15,status,For Technical Analysis,In Technical Analysis
120137,2025-09-23,status,In Technical Analysis,Ready for Development
117392,2025-09-23,status,Lista de desejos,Backlog
117392,2025-09-27,status,Backlog,Triage
117392,2025-10-01,status,Triage,For Refinement
117392,2025-10-04,status,For Refinement,In Refinement
117392,2025-10-08,status,In Refinement,In Progress
117392,2025-10-12,status,In Progress,Done
122107,2025-10-11,status,Backlog,Triage
122107,2025-10-20,status,Triage,For Refinement
122107,2025-10-28,status,For Refinement,In Refinement
104187,2025-03-03,status,Lista de desejos,Backlog
104187,2025-03-04,status,Backlog,Triage
104187,2025-03-06,status,Triage,For Refinement
104187,2025-03-07,status,For Refinement,In Refinement
104187,2025-03-09,status,In Refinement,In Progress
104187,2025-03-10,status,In Progress,Done
111682,2025-09-27,status,Backlog,Triage
111682,2025-10-14,status,Triage,For Refinement
104603,2025-03-14,status,Backlog,Triage
104603,2025-03-19,status,Triage,For Refinement
104603,2025-03-24,status,For Refinement,In Refinement
104603,2025-03-30,status,In Refinement,For Technical Analysis
104603,2025-04-05,status,For Technical Analysis,In Technical Analysis
104603,2025-04-10,status,In Technical Analysis,Ready for Development
104603,2025-04-15,status,Ready for Development,In Development
123995,2025-09-02,status,Backlog,Triage
123995,2025-09-06,status,Triage,For Refinement
123995,2025-09-10,status,For Refinement,In Refinement
123995,2025-09-14,status,In Refinement,For Technical Analysis
123995,2025-09-17,status,For Technical Analysis,In Technical Analysis
123995,2025-09-21,status,In Technical Analysis,Ready for Development
123995,2025-09-25,status,Ready for Development,In Development
110049,2025-06-23,status,Lista de desejos,Backlog
110049,2025-06-27,status,Backlog,Triage
110049,2025-07-01,status,Triage,For Refinement
110049,2025-07-04,status,For Refinement,In Refinement
110049,2025-07-08,status,In Refinement,In Progress
110049,2025-07-12,status,In Progress,Done
110323,2025-09-26,status,Backlog,Triage
110323,2025-09-28,status,Triage,For Refinement
110323,2025-09-30,status,For Refinement,In Refinement
110323,2025-10-01,status,In Refinement,For Technical Analysis
110323,2025-10-03,status,For Technical Analysis,In Technical Analysis
118193,2025-09-10,status,Lista de desejos,Backlog
118193,2025-09-13,status,Backlog,Triage
118193,2025-09-16,status,Triage,For Refinement
118193,2025-09-20,status,For Refinement,In Refinement
118193,2025-09-23,status,In Refinement,In Progress
118193,2025-09-26,status,In Progress,Done
115260,2025-06-13,status,Backlog,Triage
115260,2025-06-16,status,Triage,For Refinement
115260,2025-06-20,status,For Refinement,In Refinement
115260,2025-06-23,status,In Refinement,For Technical Analysis
115260,2025-06-26,status,For Technical Analysis,In Technical Analysis
115260,2025-06-30,status,In Technical Analysis,Ready for Development
115260,2025-07-03,status,Ready for Development,In Development
113959,2025-05-08,status,Lista de desejos,Backlog
113959,2025-05-11,status,Backlog,Triage
113959,2025-05-15,status,Triage,For Refinement
113959,2025-05-19,status,For Refinement,In Refinement
113959,2025-05-23,status,In Refinement,In Progress
113959,2025-05-26,status,In Progress,Done
107191,2025-06-21,status,Backlog,Triage
107191,2025-06-24,status,Triage,For Refinement
107191,2025-06-27,status,For Refinement,In Refinement
107191,2025-07-01,status,In Refinement,For Technical Analysis
107191,2025-07-05,status,For Technical Analysis,In Technical Analysis
116745,2025-11-19,status,Lista de desejos,Backlog
116745,2025-11-21,status,Backlog,Triage
116745,2025-11-23,status,Triage,For Refinement
116745,2025-11-25,status,For Refinement,In Refinement
116745,2025-11-27,status,In Refinement,In Progress
116745,2025-11-29,status,In Progress,Done
101908,2025-03-19,status,Backlog,Triage
101908,2025-03-25,status,Triage,For Refinement
101908,2025-04-01,status,For Refinement,In Refinement
101908,2025-04-08,status,In Refinement,For Technical Analysis
101908,2025-04-15,status,For Technical Analysis,In Technical Analysis
101908,2025-04-21,status,In Technical Analysis,Ready for Development
121035,2025-02-24,status,Backlog,Triage
121035,2025-03-01,status,Triage,For Refinement
121035,2025-03-05,status,For Refinement,In Refinement
121035,2025-03-09,status,In Refinement,For Technical Analysis
121035,2025-03-14,status,For Technical Analysis,In Technical Analysis
109002,2025-07-12,status,Lista de desejos,Backlog
109002,2025-07-14,status,Backlog,Triage
109002,2025-07-16,status,Triage,For Refinement
109002,2025-07-18,status,For Refinement,In Refinement
109002,2025-07-19,status,In Refinement,In Progress
109002,2025-07-21,status,In Progress,Done
109002,2025-07-23,status,Done,Canceled
106994,2025-02-26,status,Lista de desejos,Backlog
106994,2025-03-01,status,Backlog,Triage
106994,2025-03-04,status,Triage,For Refinement
106994,2025-03-08,status,For Refinement,In Refinement
106994,2025-03-11,status,In Refinement,In Progress
106994,2025-03-14,status,In Progress,Done
102049,2025-03-26,status,Lista de desejos,Backlog
102049,2025-03-30,status,Backlog,Triage
102049,2025-04-03,status,Triage,For Refinement
102049,2025-04-08,status,For Refinement,In Refinement
102049,2025-04-12,status,In Refinement,In Progress
102049,2025-04-16,status,In Progress,Done
116603,2025-04-29,status,Backlog,Triage
116603,2025-05-01,status,Triage,For Refinement
116603,2025-05-03,status,For Refinement,In Refinement
116603,2025-05-05,status,In Refinement,For Technical Analysis
116603,2025-05-07,status,For Technical Analysis,In Technical Analysis
122971,2025-09-16,status,Lista de desejos,Backlog
122971,2025-09-18,status,Backlog,Triage
122971,2025-09-21,status,Triage,For Refinement
122971,2025-09-24,status,For Refinement,In Refinement
122971,2025-09-27,status,In Refinement,In Progress
122971,2025-09-29,status,In Progress,Done
108483,2025-10-26,status,Lista de desejos,Backlog
108483,2025-10-30,status,Backlog,Triage
108483,2025-11-02,status,Triage,For Refinement
108483,2025-11-06,status,For Refinement,In Refinement
108483,2025-11-09,status,In Refinement,In Progress
108483,2025-11-13,status,In Progress,Done
103524,2025-10-30,status,Lista de desejos,Backlog
103524,2025-11-01,status,Backlog,Triage
103524,2025-11-03,status,Triage,For Refinement
103524,2025-11-06,status,For Refinement,In Refinement
103524,2025-11-08,status,In Refinement,In Progress
103524,2025-11-10,status,In Progress,Done
101334,2025-09-22,status,Lista de desejos,Backlog
101334,2025-09-25,status,Backlog,Triage
101334,2025-09-27,status,Triage,For Refinement
101334,2025-09-29,status,For Refinement,In Refinement
101334,2025-10-01,status,In Refinement,In Progress
101334,2025-10-04,status,In Progress,Done
124780,2025-05-31,status,Lista de desejos,Backlog
124780,2025-06-01,status,Backlog,Triage
124780,2025-06-03,status,Triage,For Refinement
124780,2025-06-04,status,For Refinement,In Refinement
124780,2025-06-06,status,In Refinement,In Progress
124780,2025-06-07,status,In Progress,Done
112031,2025-06-15,status,Lista de desejos,Backlog
112031,2025-06-19,status,Backlog,Triage
112031,2025-06-22,status,Triage,For Refinement
112031,2025-06-26,status,For Refinement,In Refinement
112031,2025-06-29,status,In Refinement,In Progress
112031,2025-07-03,status,In Progress,Done
122034,2025-04-27,status,Backlog,Triage
122034,2025-04-30,status,Triage,For Refinement
122034,2025-05-02,status,For Refinement,In Refinement
122034,2025-05-04,status,In Refinement,For Technical Analysis
122034,2025-05-06,status,For Technical Analysis,In Technical Analysis
122034,2025-05-09,status,In Technical Analysis,Ready for Development
113945,2025-08-07,status,Lista de desejos,Backlog
113945,2025-08-10,status,Backlog,Triage
113945,2025-08-14,status,Triage,For Refinement
113945,2025-08-17,status,For Refinement,In Refinement
113945,2025-08-21,status,In Refinement,In Progress
113945,2025-08-24,status,In Progress,Done
114917,2025-03-23,status,Lista de desejos,Backlog
114917,2025-03-27,status,Backlog,Triage
114917,2025-03-31,status,Triage,For Refinement
114917,2025-04-04,status,For Refinement,In Refinement
114917,2025-04-08,status,In Refinement,In Progress
114917,2025-04-12,status,In Progress,Done
115999,2025-04-03,status,Backlog,Triage
115999,2025-04-09,status,Triage,For Refinement
115999,2025-04-15,status,For Refinement,In Refinement
115999,2025-04-22,status,In Refinement,For Technical Analysis
115999,2025-04-28,status,For Technical Analysis,In Technical Analysis
113081,2025-04-16,status,Lista de desejos,Backlog
113081,2025-04-20,status,Backlog,Triage
113081,2025-04-24,status,Triage,For Refinement
113081,2025-04-27,status,For Refinement,In Refinement
113081,2025-05-01,status,In Refinement,In Progress
113081,2025-05-05,status,In Progress,Done
108073,2025-05-23,status,Lista de desejos,Backlog
108073,2025-05-26,status,Backlog,Triage
108073,2025-05-30,status,Triage,For Refinement
108073,2025-06-02,status,For Refinement,In Refinement
108073,2025-06-06,status,In Refinement,In Progress
108073,2025-06-09,status,In Progress,Done
103266,2025-05-06,status,Lista de desejos,Backlog
103266,2025-05-07,status,Backlog,Triage
103266,2025-05-09,status,Triage,For Refinement
103266,2025-05-10,status,For Refinement,In Refinement
103266,2025-05-12,status,In Refinement,In Progress
103266,2025-05-13,status,In Progress,Done
106791,2025-07-29,status,Lista de desejos,Backlog
106791,2025-08-01,status,Backlog,Triage
106791,2025-08-04,status,Triage,For Refinement
106791,2025-08-08,status,For Refinement,In Refinement
106791,2025-08-11,status,In Refinement,In Progress
106791,2025-08-14,status,In Progress,Done
100938,2025-09-23,status,Backlog,Triage
106479,2025-05-11,status,Lista de desejos,Backlog
106479,2025-05-14,status,Backlog,Triage
106479,2025-05-16,status,Triage,For Refinement
106479,2025-05-19,status,For Refinement,In Refinement
106479,2025-05-21,status,In Refinement,In Progress
106479,2025-05-24,status,In Progress,Done
121027,2025-05-04,status,Lista de desejos,Backlog
121027,2025-05-05,status,Backlog,Triage
121027,2025-05-07,status,Triage,For Refinement
121027,2025-05-09,status,For Refinement,In Refinement
121027,2025-05-11,status,In Refinement,In Progress
121027,2025-05-12,status,In Progress,Done
105892,2025-08-27,status,Lista de desejos,Backlog
105892,2025-08-31,status,Backlog,Triage
105892,2025-09-04,status,Triage,For Refinement
105892,2025-09-08,status,For Refinement,In Refinement
105892,2025-09-12,status,In Refinement,In Progress
105892,2025-09-16,status,In Progress,Done
119205,2025-08-08,status,Lista de desejos,Backlog
119205,2025-08-10,status,Backlog,Triage
119205,2025-08-13,status,Triage,For Refinement
119205,2025-08-16,status,For Refinement,In Refinement
119205,2025-08-19,status,In Refinement,In Progress
119205,2025-08-21,status,In Progress,Done
118810,2025-04-29,status,Lista de desejos,Backlog
118810,2025-05-02,status,Backlog,Triage
118810,2025-05-05,status,Triage,For Refinement
118810,2025-05-08,status,For Refinement,In Refinement
118810,2025-05-11,status,In Refinement,In Progress
118810,2025-05-14,status,In Progress,Done
112636,2025-09-01,status,Lista de desejos,Backlog
112636,2025-09-05,status,Backlog,Triage
112636,2025-09-08,status,Triage,For Refinement
112636,2025-09-11,status,For Refinement,In Refinement
112636,2025-09-14,status,In Refinement,In Progress
112636,2025-09-18,status,In Progress,Done
115414,2025-05-16,status,Lista de desejos,Backlog
115414,2025-05-17,status,Backlog,Triage
115414,2025-05-19,status,Triage,For Refinement
115414,2025-05-21,status,For Refinement,In Refinement
115414,2025-05-23,status,In Refinement,In Progress
115414,2025-05-24,status,In Progress,Done
103905,2025-06-23,status,Lista de desejos,Backlog
103905,2025-06-27,status,Backlog,Triage
103905,2025-06-30,status,Triage,For Refinement
103905,2025-07-03,status,For Refinement,In Refinement
103905,2025-07-06,status,In Refinement,In Progress
103905,2025-07-10,status,In Progress,Done
114772,2025-11-16,status,Lista de desejos,Backlog
114772,2025-11-20,status,Backlog,Triage
114772,2025-11-24,status,Triage,For Refinement
114772,2025-11-29,status,For Refinement,In Refinement
114772,2025-12-03,status,In Refinement,In Progress
114772,2025-12-07,status,In Progress,Done
117391,2025-02-02,status,Lista de desejos,Backlog
117391,2025-02-04,status,Backlog,Triage
117391,2025-02-06,status,Triage,For Refinement
117391,2025-02-08,status,For Refinement,In Refinement
117391,2025-02-10,status,In Refinement,In Progress
117391,2025-02-12,status,In Progress,Done
107182,2025-06-28,status,Lista de desejos,Backlog
107182,2025-07-03,status,Backlog,Triage
107182,2025-07-07,status,Triage,For Refinement
107182,2025-07-11,status,For Refinement,In Refinement
107182,2025-07-15,status,In Refinement,In Progress
107182,2025-07-20,status,In Progress,Done
123902,2025-08-20,status,Lista de desejos,Backlog
123902,2025-08-21,status,Backlog,Triage
123902,2025-08-23,status,Triage,For Refinement
123902,2025-08-25,status,For Refinement,In Refinement
123902,2025-08-27,status,In Refinement,In Progress
123902,2025-08-28,status,In Progress,Done
114641,2025-04-12,status,Backlog,Triage
114641,2025-04-24,status,Triage,For Refinement
114641,2025-05-06,status,For Refinement,In Refinement
114641,2025-05-18,status,In Refinement,For Technical Analysis
123172,2025-10-03,status,Lista de desejos,Backlog
123172,2025-10-07,status,Backlog,Triage
123172,2025-10-11,status,Triage,For Refinement
123172,2025-10-16,status,For Refinement,In Refinement
123172,2025-10-20,status,In Refinement,In Progress
123172,2025-10-24,status,In Progress,Done
114347,2025-06-22,status,Backlog,Triage
114347,2025-06-29,status,Triage,For Refinement
114347,2025-07-06,status,For Refinement,In Refinement
112969,2025-04-21,status,Lista de desejos,Backlog
112969,2025-04-23,status,Backlog,Triage
112969,2025-04-26,status,Triage,For Refinement
112969,2025-04-29,status,For Refinement,In Refinement
112969,2025-05-02,status,In Refinement,In Progress
112969,2025-05-04,status,In Progress,Done
104332,2025-07-08,status,Backlog,Triage
104332,2025-07-14,status,Triage,For Refinement
104332,2025-07-20,status,For Refinement,In Refinement
104332,2025-07-27,status,In Refinement,For Technical Analysis
104332,2025-08-02,status,For Technical Analysis,In Technical Analysis
119675,2025-06-17,status,Lista de desejos,Backlog
119675,2025-06-21,status,Backlog,Triage
119675,2025-06-25,status,Triage,For Refinement
119675,2025-06-28,status,For Refinement,In Refinement
119675,2025-07-02,status,In Refinement,In Progress
119675,2025-07-06,status,In Progress,Done
108805,2025-08-17,status,Backlog,Triage
108805,2025-09-02,status,Triage,For Refinement
119659,2025-03-26,status,Lista de desejos,Backlog
119659,2025-03-29,status,Backlog,Triage
119659,2025-04-02,status,Triage,For Refinement
119659,2025-04-06,status,For Refinement,In Refinement
119659,2025-04-10,status,In Refinement,In Progress
119659,2025-04-13,status,In Progress,Done
102183,2025-04-23,status,Backlog,Triage
102183,2025-04-29,status,Triage,For Refinement
102183,2025-05-05,status,For Refinement,In Refinement
102183,2025-05-11,status,In Refinement,For Technical Analysis
102183,2025-05-17,status,For Technical Analysis,In Technical Analysis
102183,2025-05-23,status,In Technical Analysis,Ready for Development
103201,2025-08-15,status,Lista de desejos,Backlog
103201,2025-08-18,status,Backlog,Triage
103201,2025-08-22,status,Triage,For Refinement
103201,2025-08-25,status,For Refinement,In Refinement
103201,2025-08-29,status,In Refinement,In Progress
103201,2025-09-01,status,In Progress,Done
112976,2025-09-06,status,Lista de desejos,Backlog
112976,2025-09-07,status,Backlog,Triage
112976,2025-09-09,status,Triage,For Refinement
112976,2025-09-11,status,For Refinement,In Refinement
112976,2025-09-13,status,In Refinement,In Progress
112976,2025-09-14,status,In Progress,Done
100440,2025-09-23,status,Backlog,Triage
100440,2025-09-27,status,Triage,For Refinement
100440,2025-09-30,status,For Refinement,In Refinement
100440,2025-10-04,status,In Refinement,For Technical Analysis
122186,2025-11-25,status,Lista de desejos,Backlog
122186,2025-11-26,status,Backlog,Triage
122186,2025-11-28,status,Triage,For Refinement
122186,2025-11-30,status,For Refinement,In Refinement
122186,2025-12-02,status,In Refinement,In Progress
122186,2025-12-03,status,In Progress,Done
100554,2025-02-09,status,Lista de desejos,Backlog
100554,2025-02-10,status,Backlog,Triage
100554,2025-02-12,status,Triage,For Refinement
100554,2025-02-14,status,For Refinement,In Refinement
100554,2025-02-16,status,In Refinement,In Progress
100554,2025-02-17,status,In Progress,Done
105711,2025-10-11,status,Backlog,Triage
105711,2025-10-15,status,Triage,For Refinement
105711,2025-10-18,status,For Refinement,In Refinement
105711,2025-10-22,status,In Refinement,For Technical Analysis
105711,2025-10-26,status,For Technical Analysis,In Technical Analysis
105711,2025-10-30,status,In Technical Analysis,Ready for Development
105711,2025-11-02,status,Ready for Development,In Development
105711,2025-11-06,status,In Development,For Release
103605,2025-06-08,status,Lista de desejos,Backlog
103605,2025-06-12,status,Backlog,Triage
103605,2025-06-15,status,Triage,For Refinement
103605,2025-06-19,status,For Refinement,In Refinement
103605,2025-06-22,status,In Refinement,In Progress
103605,2025-06-26,status,In Progress,Done
124282,2025-09-26,status,Backlog,Triage
124282,2025-10-03,status,Triage,For Refinement
124282,2025-10-11,status,For Refinement,In Refinement
124282,2025-10-19,status,In Refinement,For Technical Analysis
124282,2025-10-26,status,For Technical Analysis,In Technical Analysis
116214,2025-08-17,status,Backlog,Triage
116214,2025-08-20,status,Triage,For Refinement
116214,2025-08-24,status,For Refinement,In Refinement
116214,2025-08-28,status,In Refinement,For Technical Analysis
116214,2025-08-31,status,For Technical Analysis,In Technical Analysis
123455,2025-06-28,status,Backlog,Triage
123455,2025-07-05,status,Triage,For Refinement
123455,2025-07-12,status,For Refinement,In Refinement
123017,2025-11-22,status,Lista de desejos,Backlog
123017,2025-11-24,status,Backlog,Triage
123017,2025-11-26,status,Triage,For Refinement
123017,2025-11-28,status,For Refinement,In Refinement
123017,2025-11-30,status,In Refinement,In Progress
123017,2025-12-02,status,In Progress,Done
103270,2025-01-29,status,Lista de desejos,Backlog
103270,2025-01-30,status,Backlog,Triage
103270,2025-02-01,status,Triage,For Refinement
103270,2025-02-02,status,For Refinement,In Refinement
103270,2025-02-04,status,In Refinement,In Progress
103270,2025-02-05,status,In Progress,Done
105056,2025-08-12,status,Lista de desejos,Backlog
105056,2025-08-14,status,Backlog,Triage
105056,2025-08-16,status,Triage,For Refinement
105056,2025-08-18,status,For Refinement,In Refinement
105056,2025-08-20,status,In Refinement,In Progress
105056,2025-08-22,status,In Progress,Done
119157,2025-04-28,status,Lista de desejos,Backlog
119157,2025-04-29,status,Backlog,Triage
119157,2025-05-01,status,Triage,For Refinement
119157,2025-05-03,status,For Refinement,In Refinement
119157,2025-05-05,status,In Refinement,In Progress
119157,2025-05-06,status,In Progress,Done
123289,2025-07-17,status,Lista de desejos,Backlog
123289,2025-07-19,status,Backlog,Triage
123289,2025-07-22,status,Triage,For Refinement
123289,2025-07-25,status,For Refinement,In Refinement
123289,2025-07-28,status,In Refinement,In Progress
123289,2025-07-30,status,In Progress,Done
123425,2025-04-08,status,Lista de desejos,Backlog
123425,2025-04-11,status,Backlog,Triage
123425,2025-04-13,status,Triage,For Refinement
123425,2025-04-15,status,For Refinement,In Refinement
123425,2025-04-17,status,In Refinement,In Progress
123425,2025-04-20,status,In Progress,Done
114982,2025-12-26,status,Lista de desejos,Backlog
114982,2025-12-27,status,Backlog,Triage
114982,2025-12-29,status,Triage,For Refinement
114982,2025-12-30,status,For Refinement,In Refinement
114982,2025-12-31,status,In Refinement,In Progress
114982,2026-01-02,status,In Progress,Done
114982,2026-01-03,status,Done,Canceled
121469,2025-04-27,status,Lista de desejos,Backlog
121469,2025-04-28,status,Backlog,Triage
121469,2025-04-30,status,Triage,For Refinement
121469,2025-05-02,status,For Refinement,In Refinement
121469,2025-05-04,status,In Refinement,In Progress
121469,2025-05-05,status,In Progress,Done
123513,2025-04-10,status,Lista de desejos,Backlog
123513,2025-04-12,status,Backlog,Triage
123513,2025-04-14,status,Triage,For Refinement
123513,2025-04-15,status,For Refinement,In Refinement
123513,2025-04-17,status,In Refinement,In Progress
123513,2025-04-19,status,In Progress,Done
103351,2025-05-27,status,Lista de desejos,Backlog
103351,2025-05-30,status,Backlog,Triage
103351,2025-06-03,status,Triage,For Refinement
103351,2025-06-06,status,For Refinement,In Refinement
103351,2025-06-10,status,In Refinement,In Progress
103351,2025-06-13,status,In Progress,Done
111176,2025-06-22,status,Lista de desejos,Backlog
111176,2025-06-24,status,Backlog,Triage
111176,2025-06-26,status,Triage,For Refinement
111176,2025-06-27,status,For Refinement,In Refinement
111176,2025-06-29,status,In Refinement,In Progress
111176,2025-07-01,status,In Progress,Done
110511,2025-08-19,status,Lista de desejos,Backlog
110511,2025-08-23,status,Backlog,Triage
110511,2025-08-26,status,Triage,For Refinement
110511,2025-08-30,status,For Refinement,In Refinement
110511,2025-09-02,status,In Refinement,In Progress
110511,2025-09-06,status,In Progress,Done
109117,2025-07-04,status,Backlog,Triage
109117,2025-07-07,status,Triage,For Refinement
109117,2025-07-10,status,For Refinement,In Refinement
123038,2025-05-23,status,Lista de desejos,Backlog
123038,2025-05-26,status,Backlog,Triage
123038,2025-05-30,status,Triage,For Refinement
123038,2025-06-02,status,For Refinement,In Refinement
123038,2025-06-05,status,In Refinement,In Progress
123038,2025-06-09,status,In Progress,Done
123038,2025-06-12,status,Done,Canceled
109720,2025-03-04,status,Backlog,Triage
109720,2025-03-12,status,Triage,For Refinement
109720,2025-03-20,status,For Refinement,In Refinement
109720,2025-03-27,status,In Refinement,For Technical Analysis
109720,2025-04-04,status,For Technical Analysis,In Technical Analysis
109720,2025-04-12,status,In Technical Analysis,Ready for Development
114323,2025-09-07,status,Backlog,Triage
114323,2025-09-13,status,Triage,For Refinement
114323,2025-09-18,status,For Refinement,In Refinement
114323,2025-09-23,status,In Refinement,For Technical Analysis
114323,2025-09-28,status,For Technical Analysis,In Technical Analysis
114323,2025-10-04,status,In Technical Analysis,Ready for Development
120131,2025-04-04,status,Backlog,Triage
120131,2025-04-05,status,Triage,For Refinement
120131,2025-04-06,status,For Refinement,In Refinement
120131,2025-04-07,status,In Refinement,For Technical Analysis
120131,2025-04-09,status,For Technical Analysis,In Technical Analysis
120131,2025-04-10,status,In Technical Analysis,Ready for Development
120131,2025-04-11,status,Ready for Development,In Development
120131,2025-04-12,status,In Development,For Release
101636,2025-06-04,status,Backlog,Triage
101636,2025-06-10,status,Triage,For Refinement
101636,2025-06-15,status,For Refinement,In Refinement
101636,2025-06-21,status,In Refinement,For Technical Analysis
101636,2025-06-26,status,For Technical Analysis,In Technical Analysis
101636,2025-07-01,status,In Technical Analysis,Ready for Development
101636,2025-07-07,status,Ready for Development,In Development
113680,2025-01-06,status,Lista de desejos,Backlog
113680,2025-01-09,status,Backlog,Triage
113680,2025-01-12,status,Triage,For Refinement
113680,2025-01-16,status,For Refinement,In Refinement
113680,2025-01-19,status,In Refinement,In Progress
113680,2025-01-22,status,In Progress,Done
100685,2025-10-04,status,Backlog,Triage
100685,2025-10-09,status,Triage,For Refinement
100685,2025-10-14,status,For Refinement,In Refinement
100685,2025-10-19,status,In Refinement,For Technical Analysis
100685,2025-10-23,status,For Technical Analysis,In Technical Analysis
100685,2025-10-28,status,In Technical Analysis,Ready for Development
100685,2025-11-02,status,Ready for Development,In Development
100685,2025-11-07,status,In Development,For Release
121572,2025-07-11,status,Lista de desejos,Backlog
121572,2025-07-15,status,Backlog,Triage
121572,2025-07-18,status,Triage,For Refinement
121572,2025-07-22,status,For Refinement,In Refinement
121572,2025-07-25,status,In Refinement,In Progress
121572,2025-07-29,status,In Progress,Done
118461,2025-09-19,status,Backlog,Triage
118461,2025-09-29,status,Triage,For Refinement
118461,2025-10-10,status,For Refinement,In Refinement
118461,2025-10-20,status,In Refinement,For Technical Analysis
123061,2025-04-16,status,Backlog,Triage
123061,2025-04-22,status,Triage,For Refinement
123061,2025-04-29,status,For Refinement,In Refinement
123061,2025-05-05,status,In Refinement,For Technical Analysis
123061,2025-05-11,status,For Technical Analysis,In Technical Analysis
123061,2025-05-17,status,In Technical Analysis,Ready for Development
123061,2025-05-24,status,Ready for Development,In Development
123061,2025-05-30,status,In Development,For Release
108128,2025-11-07,status,Lista de desejos,Backlog
108128,2025-11-12,status,Backlog,Triage
108128,2025-11-16,status,Triage,For Refinement
108128,2025-11-20,status,For Refinement,In Refinement
108128,2025-11-24,status,In Refinement,In Progress
108128,2025-11-29,status,In Progress,Done
124292,2025-07-09,status,Lista de desejos,Backlog
124292,2025-07-12,status,Backlog,Triage
124292,2025-07-15,status,Triage,For Refinement
124292,2025-07-17,status,For Refinement,In Refinement
124292,2025-07-20,status,In Refinement,In Progress
124292,2025-07-23,status,In Progress,Done
122191,2025-01-08,status,Lista de desejos,Backlog
122191,2025-01-11,status,Backlog,Triage
122191,2025-01-13,status,Triage,For Refinement
122191,2025-01-15,status,For Refinement,In Refinement
122191,2025-01-17,status,In Refinement,In Progress
122191,2025-01-20,status,In Progress,Done
109884,2025-06-01,status,Lista de desejos,Backlog
109884,2025-06-04,status,Backlog,Triage
109884,2025-06-08,status,Triage,For Refinement
109884,2025-06-11,status,For Refinement,In Refinement
109884,2025-06-15,status,In Refinement,In Progress
109884,2025-06-19,status,In Progress,Done
109884,2025-06-22,status,Done,Canceled
103539,2025-06-07,status,Lista de desejos,Backlog
103539,2025-06-11,status,Backlog,Triage
103539,2025-06-15,status,Triage,For Refinement
103539,2025-06-19,status,For Refinement,In Refinement
103539,2025-06-23,status,In Refinement,In Progress
103539,2025-06-27,status,In Progress,Done
116462,2025-04-14,status,Lista de desejos,Backlog
116462,2025-04-16,status,Backlog,Triage
116462,2025-04-17,status,Triage,For Refinement
116462,2025-04-19,status,For Refinement,In Refinement
116462,2025-04-20,status,In Refinement,In Progress
116462,2025-04-22,status,In Progress,Done
103009,2025-06-12,status,Lista de desejos,Backlog
103009,2025-06-13,status,Backlog,Triage
103009,2025-06-15,status,Triage,For Refinement
103009,2025-06-16,status,For Refinement,In Refinement
103009,2025-06-18,status,In Refinement,In Progress
103009,2025-06-19,status,In Progress,Done
112212,2025-04-30,status,Backlog,Triage
112212,2025-05-07,status,Triage,For Refinement
112212,2025-05-13,status,For Refinement,In Refinement
112212,2025-05-19,status,In Refinement,For Technical Analysis
112212,2025-05-26,status,For Technical Analysis,In Technical Analysis
112212,2025-06-01,status,In Technical Analysis,Ready for Development
112212,2025-06-07,status,Ready for Development,In Development
112212,2025-06-14,status,In Development,For Release
118964,2025-02-26,status,Lista de desejos,Backlog
118964,2025-02-28,status,Backlog,Triage
118964,2025-03-03,status,Triage,For Refinement
118964,2025-03-05,status,For Refinement,In Refinement
118964,2025-03-08,status,In Refinement,In Progress
118964,2025-03-10,status,In Progress,Done
124561,2025-03-08,status,Backlog,Triage
124561,2025-03-14,status,Triage,For Refinement
124561,2025-03-19,status,For Refinement,In Refinement
124561,2025-03-25,status,In Refinement,For Technical Analysis
124561,2025-03-31,status,For Technical Analysis,In Technical Analysis
124561,2025-04-06,status,In Technical Analysis,Ready for Development
124561,2025-04-11,status,Ready for Development,In Development
124561,2025-04-17,status,In Development,For Release
119226,2025-09-09,status,Backlog,Triage
119226,2025-09-12,status,Triage,For Refinement
119226,2025-09-15,status,For Refinement,In Refinement
119226,2025-09-19,status,In Refinement,For Technical Analysis
119226,2025-09-22,status,For Technical Analysis,In Technical Analysis
119226,2025-09-25,status,In Technical Analysis,Ready for Development
120187,2025-08-12,status,Lista de desejos,Backlog
120187,2025-08-15,status,Backlog,Triage
120187,2025-08-17,status,Triage,For Refinement
120187,2025-08-20,status,For Refinement,In Refinement
120187,2025-08-22,status,In Refinement,In Progress
120187,2025-08-25,status,In Progress,Done
110118,2025-06-23,status,Lista de desejos,Backlog
110118,2025-06-27,status,Backlog,Triage
110118,2025-07-01,status,Triage,For Refinement
110118,2025-07-06,status,For Refinement,In Refinement
110118,2025-07-10,status,In Refinement,In Progress
110118,2025-07-14,status,In Progress,Done
101951,2025-05-05,status,Lista de desejos,Backlog
101951,2025-05-08,status,Backlog,Triage
101951,2025-05-11,status,Triage,For Refinement
101951,2025-05-15,status,For Refinement,In Refinement
101951,2025-05-18,status,In Refinement,In Progress
101951,2025-05-21,status,In Progress,Done
102755,2025-08-23,status,Lista de desejos,Backlog
102755,2025-08-25,status,Backlog,Triage
102755,2025-08-28,status,Triage,For Refinement
102755,2025-08-31,status,For Refinement,In Refinement
102755,2025-09-03,status,In Refinement,In Progress
102755,2025-09-05,status,In Progress,Done
107566,2025-07-16,status,Backlog,Triage
107566,2025-07-27,status,Triage,For Refinement
100180,2025-10-09,status,Lista de desejos,Backlog
100180,2025-10-11,status,Backlog,Triage
100180,2025-10-13,status,Triage,For Refinement
100180,2025-10-16,status,For Refinement,In Refinement
100180,2025-10-18,status,In Refinement,In Progress
100180,2025-10-20,status,In Progress,Done
104948,2025-07-26,status,Lista de desejos,Backlog
104948,2025-07-28,status,Backlog,Triage
104948,2025-07-31,status,Triage,For Refinement
104948,2025-08-02,status,For Refinement,In Refinement
104948,2025-08-05,status,In Refinement,In Progress
104948,2025-08-07,status,In Progress,Done
117545,2025-05-29,status,Backlog,Triage
109315,2025-12-06,status,Backlog,Triage
109315,2025-12-09,status,Triage,For Refinement
109315,2025-12-11,status,For Refinement,In Refinement
109315,2025-12-13,status,In Refinement,For Technical Analysis
109315,2025-12-16,status,For Technical Analysis,In Technical Analysis
104889,2025-09-30,status,Lista de desejos,Backlog
104889,2025-10-05,status,Backlog,Triage
104889,2025-10-09,status,Triage,For Refinement
104889,2025-10-13,status,For Refinement,In Refinement
104889,2025-10-17,status,In Refinement,In Progress
104889,2025-10-22,status,In Progress,Done
115271,2025-10-08,status,Backlog,Triage
115271,2025-10-26,status,Triage,For Refinement
122463,2025-01-11,status,Backlog,Triage
122463,2025-01-15,status,Triage,For Refinement
122463,2025-01-18,status,For Refinement,In Refinement
122463,2025-01-22,status,In Refinement,For Technical Analysis
122463,2025-01-25,status,For Technical Analysis,In Technical Analysis
122463,2025-01-29,status,In Technical Analysis,Ready for Development
122463,2025-02-01,status,Ready for Development,In Development
122463,2025-02-05,status,In Development,For Release
104911,2025-12-01,status,Lista de desejos,Backlog
104911,2025-12-05,status,Backlog,Triage
104911,2025-12-08,status,Triage,For Refinement
104911,2025-12-12,status,For Refinement,In Refinement
104911,2025-12-16,status,In Refinement,In Progress
104911,2025-12-19,status,In Progress,Done
104911,2025-12-23,status,Done,Canceled
107684,2025-05-02,status,Lista de desejos,Backlog
107684,2025-05-06,status,Backlog,Triage
107684,2025-05-10,status,Triage,For Refinement
107684,2025-05-14,status,For Refinement,In Refinement
107684,2025-05-18,status,In Refinement,In Progress
107684,2025-05-22,status,In Progress,Done
100510,2025-07-24,status,Lista de desejos,Backlog
100510,2025-07-25,status,Backlog,Triage
100510,2025-07-27,status,Triage,For Refinement
100510,2025-07-29,status,For Refinement,In Refinement
100510,2025-07-31,status,In Refinement,In Progress
100510,2025-08-01,status,In Progress,Done
108520,2025-03-25,status,Backlog,Triage
108520,2025-03-31,status,Triage,For Refinement
108520,2025-04-06,status,For Refinement,In Refinement
108520,2025-04-12,status,In Refinement,For Technical Analysis
108520,2025-04-19,status,For Technical Analysis,In Technical Analysis
108520,2025-04-25,status,In Technical Analysis,Ready for Development
108520,2025-05-01,status,Ready for Development,In Development
118464,2025-01-26,status,Backlog,Triage
107980,2025-09-27,status,Backlog,Triage
107980,2025-10-08,status,Triage,For Refinement
107980,2025-10-18,status,For Refinement,In Refinement
107980,2025-10-29,status,In Refinement,For Technical Analysis
112936,2025-05-25,status,Backlog,Triage
112936,2025-05-28,status,Triage,For Refinement
112936,2025-05-30,status,For Refinement,In Refinement
112936,2025-06-02,status,In Refinement,For Technical Analysis
112936,2025-06-05,status,For Technical Analysis,In Technical Analysis
107096,2025-12-20,status,Lista de desejos,Backlog
107096,2025-12-24,status,Backlog,Triage
107096,2025-12-28,status,Triage,For Refinement
107096,2026-01-02,status,For Refinement,In Refinement
107096,2026-01-06,status,In Refinement,In Progress
107096,2026-01-10,status,In Progress,Done
113555,2025-08-27,status,Lista de desejos,Backlog
113555,2025-08-29,status,Backlog,Triage
113555,2025-08-31,status,Triage,For Refinement
113555,2025-09-02,status,For Refinement,In Refinement
113555,2025-09-04,status,In Refinement,In Progress
113555,2025-09-06,status,In Progress,Done
113555,2025-09-08,status,Done,Canceled
114813,2025-11-02,status,Lista de desejos,Backlog
114813,2025-11-03,status,Backlog,Triage
114813,2025-11-05,status,Triage,For Refinement
114813,2025-11-07,status,For Refinement,In Refinement
114813,2025-11-09,status,In Refinement,In Progress
114813,2025-11-10,status,In Progress,Done
124550,2025-07-25,status,Lista de desejos,Backlog
124550,2025-07-27,status,Backlog,Triage
124550,2025-07-30,status,Triage,For Refinement
124550,2025-08-02,status,For Refinement,In Refinement
124550,2025-08-05,status,In Refinement,In Progress
124550,2025-08-07,status,In Progress,Done
108850,2025-05-09,status,Backlog,Triage
108850,2025-05-15,status,Triage,For Refinement
108850,2025-05-22,status,For Refinement,In Refinement
108850,2025-05-28,status,In Refinement,For Technical Analysis
108850,2025-06-03,status,For Technical Analysis,In Technical Analysis
108850,2025-06-09,status,In Technical Analysis,Ready for Development
108850,2025-06-16,status,Ready for Development,In Development
108850,2025-06-22,status,In Development,For Release
113597,2025-06-06,status,Lista de desejos,Backlog
113597,2025-06-09,status,Backlog,Triage
113597,2025-06-13,status,Triage,For Refinement
113597,2025-06-17,status,For Refinement,In Refinement
113597,2025-06-21,status,In Refinement,In Progress
113597,2025-06-24,status,In Progress,Done
116689,2025-08-23,status,Lista de desejos,Backlog
116689,2025-08-25,status,Backlog,Triage
116689,2025-08-27,status,Triage,For Refinement
116689,2025-08-28,status,For Refinement,In Refinement
116689,2025-08-30,status,In Refinement,In Progress
116689,2025-09-01,status,In Progress,Done
101514,2025-07-12,status,Lista de desejos,Backlog
101514,2025-07-14,status,Backlog,Triage
101514,2025-07-17,status,Triage,For Refinement
101514,2025-07-20,status,For Refinement,In Refinement
101514,2025-07-23,status,In Refinement,In Progress
101514,2025-07-25,status,In Progress,Done
107433,2025-05-20,status,Lista de desejos,Backlog
107433,2025-05-23,status,Backlog,Triage
107433,2025-05-26,status,Triage,For Refinement
107433,2025-05-29,status,For Refinement,In Refinement
107433,2025-06-01,status,In Refinement,In Progress
107433,2025-06-04,status,In Progress,Done
102873,2025-05-27,status,Backlog,Triage
102873,2025-05-30,status,Triage,For Refinement
102873,2025-06-03,status,For Refinement,In Refinement
102873,2025-06-06,status,In Refinement,For Technical Analysis
102873,2025-06-09,status,For Technical Analysis,In Technical Analysis
102873,2025-06-12,status,In Technical Analysis,Ready for Development
102873,2025-06-16,status,Ready for Development,In Development
102873,2025-06-19,status,In Development,For Release
104405,2025-07-07,status,Backlog,Triage
104405,2025-07-14,status,Triage,For Refinement
104405,2025-07-21,status,For Refinement,In Refinement
104405,2025-07-28,status,In Refinement,For Technical Analysis
104405,2025-08-04,status,For Technical Analysis,In Technical Analysis
121567,2025-03-03,status,Backlog,Triage
121567,2025-03-11,status,Triage,For Refinement
121567,2025-03-18,status,For Refinement,In Refinement
121567,2025-03-26,status,In Refinement,For Technical Analysis
121567,2025-04-02,status,For Technical Analysis,In Technical Analysis
121567,2025-04-10,status,In Technical Analysis,Ready for Development
100389,2025-01-13,status,Backlog,Triage
100389,2025-01-22,status,Triage,For Refinement
100389,2025-01-31,status,For Refinement,In Refinement
106999,2025-05-19,status,Lista de desejos,Backlog
106999,2025-05-21,status,Backlog,Triage
106999,2025-05-23,status,Triage,For Refinement
106999,2025-05-25,status,For Refinement,In Refinement
106999,2025-05-27,status,In Refinement,In Progress
106999,2025-05-29,status,In Progress,Done
106999,2025-05-31,status,Done,Canceled
114405,2025-03-22,status,Lista de desejos,Backlog
114405,2025-03-26,status,Backlog,Triage
114405,2025-03-29,status,Triage,For Refinement
114405,2025-04-02,status,For Refinement,In Refinement
114405,2025-04-05,status,In Refinement,In Progress
114405,2025-04-09,status,In Progress,Done
116244,2025-05-12,status,Backlog,Triage
116244,2025-05-19,status,Triage,For Refinement
116244,2025-05-26,status,For Refinement,In Refinement
116847,2025-07-09,status,Lista de desejos,Backlog
116847,2025-07-11,status,Backlog,Triage
116847,2025-07-14,status,Triage,For Refinement
116847,2025-07-17,status,For Refinement,In Refinement
116847,2025-07-20,status,In Refinement,In Progress
116847,2025-07-22,status,In Progress,Done
112227,2025-05-04,status,Lista de desejos,Backlog
112227,2025-05-07,status,Backlog,Triage
112227,2025-05-10,status,Triage,For Refinement
112227,2025-05-12,status,For Refinement,In Refinement
112227,2025-05-15,status,In Refinement,In Progress
112227,2025-05-18,status,In Progress,Done
102846,2025-10-06,status,Lista de desejos,Backlog
102846,2025-10-09,status,Backlog,Triage
102846,2025-10-11,status,Triage,For Refinement
102846,2025-10-14,status,For Refinement,In Refinement
102846,2025-10-16,status,In Refinement,In Progress
102846,2025-10-19,status,In Progress,Done
113807,2025-11-14,status,Lista de desejos,Backlog
113807,2025-11-16,status,Backlog,Triage
113807,2025-11-18,status,Triage,For Refinement
113807,2025-11-20,status,For Refinement,In Refinement
113807,2025-11-22,status,In Refinement,In Progress
113807,2025-11-24,status,In Progress,Done
123048,2025-11-27,status,Backlog,Triage
123048,2025-12-02,status,Triage,For Refinement
123048,2025-12-07,status,For Refinement,In Refinement
123048,2025-12-12,status,In Refinement,For Technical Analysis
123048,2025-12-17,status,For Technical Analysis,In Technical Analysis
123048,2025-12-22,status,In Technical Analysis,Ready for Development
115878,2025-11-09,status,Backlog,Triage
115878,2025-11-16,status,Triage,For Refinement
115878,2025-11-22,status,For Refinement,In Refinement
115878,2025-11-29,status,In Refinement,For Technical Analysis
115878,2025-12-06,status,For Technical Analysis,In Technical Analysis
115878,2025-12-12,status,In Technical Analysis,Ready for Development
115878,2025-12-19,status,Ready for Development,In Development
108956,2025-12-11,status,Lista de desejos,Backlog
108956,2025-12-13,status,Backlog,Triage
108956,2025-12-14,status,Triage,For Refinement
108956,2025-12-16,status,For Refinement,In Refinement
108956,2025-12-17,status,In Refinement,In Progress
108956,2025-12-19,status,In Progress,Done
111284,2025-12-14,status,Lista de desejos,Backlog
111284,2025-12-17,status,Backlog,Triage
111284,2025-12-19,status,Triage,For Refinement
111284,2025-12-22,status,For Refinement,In Refinement
111284,2025-12-24,status,In Refinement,In Progress
111284,2025-12-27,status,In Progress,Done
109157,2025-07-11,status,Lista de desejos,Backlog
109157,2025-07-16,status,Backlog,Triage
109157,2025-07-20,status,Triage,For Refinement
109157,2025-07-24,status,For Refinement,In Refinement
109157,2025-07-28,status,In Refinement,In Progress
109157,2025-08-02,status,In Progress,Done
118640,2025-06-11,status,Lista de desejos,Backlog
118640,2025-06-14,status,Backlog,Triage
118640,2025-06-18,status,Triage,For Refinement
118640,2025-06-21,status,For Refinement,In Refinement
118640,2025-06-25,status,In Refinement,In Progress
118640,2025-06-28,status,In Progress,Done
108715,2025-08-09,status,Backlog,Triage
108715,2025-08-14,status,Triage,For Refinement
108715,2025-08-20,status,For Refinement,In Refinement
108715,2025-08-25,status,In Refinement,For Technical Analysis
124348,2025-05-31,status,Backlog,Triage
106988,2025-01-25,status,Lista de desejos,Backlog
106988,2025-01-28,status,Backlog,Triage
106988,2025-02-01,status,Triage,For Refinement
106988,2025-02-04,status,For Refinement,In Refinement
106988,2025-02-08,status,In Refinement,In Progress
106988,2025-02-11,status,In Progress,Done
123944,2025-01-25,status,Lista de desejos,Backlog
123944,2025-01-29,status,Backlog,Triage
123944,2025-02-01,status,Triage,For Refinement
123944,2025-02-05,status,For Refinement,In Refinement
123944,2025-02-08,status,In Refinement,In Progress
123944,2025-02-12,status,In Progress,Done
112138,2025-06-27,status,Lista de desejos,Backlog
112138,2025-06-30,status,Backlog,Triage
112138,2025-07-04,status,Triage,For Refinement
112138,2025-07-08,status,For Refinement,In Refinement
112138,2025-07-12,status,In Refinement,In Progress
112138,2025-07-15,status,In Progress,Done
117298,2025-08-06,status,Lista de desejos,Backlog
117298,2025-08-10,status,Backlog,Triage
117298,2025-08-14,status,Triage,For Refinement
117298,2025-08-18,status,For Refinement,In Refinement
117298,2025-08-22,status,In Refinement,In Progress
117298,2025-08-26,status,In Progress,Done
123347,2025-04-23,status,Lista de desejos,Backlog
123347,2025-04-25,status,Backlog,Triage
123347,2025-04-27,status,Triage,For Refinement
123347,2025-04-28,status,For Refinement,In Refinement
123347,2025-04-30,status,In Refinement,In Progress
123347,2025-05-02,status,In Progress,Done
104104,2025-07-10,status,Lista de desejos,Backlog
104104,2025-07-13,status,Backlog,Triage
104104,2025-07-15,status,Triage,For Refinement
104104,2025-07-18,status,For Refinement,In Refinement
104104,2025-07-20,status,In Refinement,In Progress
104104,2025-07-23,status,In Progress,Done
108376,2025-12-24,status,Lista de desejos,Backlog
108376,2025-12-27,status,Backlog,Triage
108376,2025-12-30,status,Triage,For Refinement
108376,2026-01-03,status,For Refinement,In Refinement
108376,2026-01-06,status,In Refinement,In Progress
108376,2026-01-09,status,In Progress,Done
121676,2025-04-02,status,Lista de desejos,Backlog
121676,2025-04-06,status,Backlog,Triage
121676,2025-04-10,status,Triage,For Refinement
121676,2025-04-13,status,For Refinement,In Refinement
121676,2025-04-17,status,In Refinement,In Progress
121676,2025-04-21,status,In Progress,Done
106325,2025-05-22,status,Lista de desejos,Backlog
106325,2025-05-25,status,Backlog,Triage
106325,2025-05-28,status,Triage,For Refinement
106325,2025-06-01,status,For Refinement,In Refinement
106325,2025-06-04,status,In Refinement,In Progress
106325,2025-06-07,status,In Progress,Done
119956,2025-01-10,status,Backlog,Triage
119956,2025-01-13,status,Triage,For Refinement
119956,2025-01-16,status,For Refinement,In Refinement
119956,2025-01-19,status,In Refinement,For Technical Analysis
119956,2025-01-22,status,For Technical Analysis,In Technical Analysis
104141,2025-05-06,status,Backlog,Triage
122548,2025-09-25,status,Backlog,Triage
122548,2025-09-28,status,Triage,For Refinement
122548,2025-10-02,status,For Refinement,In Refinement
122548,2025-10-05,status,In Refinement,For Technical Analysis
122548,2025-10-09,status,For Technical Analysis,In Technical Analysis
122548,2025-10-13,status,In Technical Analysis,Ready for Development
122548,2025-10-16,status,Ready for Development,In Development
122548,2025-10-20,status,In Development,For Release
122548,2025-10-23,status,For Release,Waiting Information
115336,2025-08-02,status,Lista de desejos,Backlog
115336,2025-08-07,status,Backlog,Triage
115336,2025-08-11,status,Triage,For Refinement
115336,2025-08-15,status,For Refinement,In Refinement
115336,2025-08-19,status,In Refinement,In Progress
115336,2025-08-24,status,In Progress,Done
112658,2025-06-21,status,Backlog,Triage
112658,2025-06-27,status,Triage,For Refinement
112658,2025-07-02,status,For Refinement,In Refinement
112658,2025-07-08,status,In Refinement,For Technical Analysis
112658,2025-07-14,status,For Technical Analysis,In Technical Analysis
112658,2025-07-20,status,In Technical Analysis,Ready for Development
112658,2025-07-25,status,Ready for Development,In Development
112658,2025-07-31,status,In Development,For Release
102076,2025-04-07,status,Backlog,Triage
112608,2025-06-07,status,Lista de desejos,Backlog
112608,2025-06-11,status,Backlog,Triage
112608,2025-06-15,status,Triage,For Refinement
112608,2025-06-20,status,For Refinement,In Refinement
112608,2025-06-24,status,In Refinement,In Progress
112608,2025-06-28,status,In Progress,Done
124213,2025-07-02,status,Backlog,Triage
124213,2025-07-09,status,Triage,For Refinement
124213,2025-07-17,status,For Refinement,In Refinement
124213,2025-07-24,status,In Refinement,For Technical Analysis
124213,2025-08-01,status,For Technical Analysis,In Technical Analysis
124213,2025-08-08,status,In Technical Analysis,Ready for Development
123007,2025-06-19,status,Backlog,Triage
123007,2025-06-24,status,Triage,For Refinement
123007,2025-06-30,status,For Refinement,In Refinement
123007,2025-07-06,status,In Refinement,For Technical Analysis
123007,2025-07-11,status,For Technical Analysis,In Technical Analysis
123007,2025-07-17,status,In Technical Analysis,Ready for Development
123007,2025-07-23,status,Ready for Development,In Development
123007,2025-07-29,status,In Development,For Release
123007,2025-08-03,status,For Release,Waiting Information
112448,2025-05-15,status,Lista de desejos,Backlog
112448,2025-05-18,status,Backlog,Triage
112448,2025-05-20,status,Triage,For Refinement
112448,2025-05-22,status,For Refinement,In Refinement
112448,2025-05-24,status,In Refinement,In Progress
112448,2025-05-27,status,In Progress,Done
110687,2025-10-07,status,Backlog,Triage
123828,2025-10-04,status,Lista de desejos,Backlog
123828,2025-10-08,status,Backlog,Triage
123828,2025-10-12,status,Triage,For Refinement
123828,2025-10-16,status,For Refinement,In Refinement
123828,2025-10-20,status,In Refinement,In Progress
123828,2025-10-24,status,In Progress,Done
112176,2025-06-02,status,Lista de desejos,Backlog
112176,2025-06-06,status,Backlog,Triage
112176,2025-06-10,status,Triage,For Refinement
112176,2025-06-13,status,For Refinement,In Refinement
112176,2025-06-17,status,In Refinement,In Progress
112176,2025-06-21,status,In Progress,Done
120292,2025-07-26,status,Lista de desejos,Backlog
120292,2025-07-27,status,Backlog,Triage
120292,2025-07-29,status,Triage,For Refinement
120292,2025-07-31,status,For Refinement,In Refinement
120292,2025-08-02,status,In Refinement,In Progress
120292,2025-08-03,status,In Progress,Done
104965,2025-03-25,status,Lista de desejos,Backlog
104965,2025-03-28,status,Backlog,Triage
104965,2025-03-31,status,Triage,For Refinement
104965,2025-04-03,status,For Refinement,In Refinement
104965,2025-04-07,status,In Refinement,In Progress
104965,2025-04-10,status,In Progress,Done
104965,2025-04-13,status,Done,Canceled
100584,2025-05-23,status,Backlog,Triage
100584,2025-05-29,status,Triage,For Refinement
100584,2025-06-03,status,For Refinement,In Refinement
100584,2025-06-09,status,In Refinement,For Technical Analysis
100584,2025-06-14,status,For Technical Analysis,In Technical Analysis
100584,2025-06-20,status,In Technical Analysis,Ready for Development
100584,2025-06-25,status,Ready for Development,In Development
100584,2025-07-01,status,In Development,For Release
115642,2025-11-02,status,Lista de desejos,Backlog
115642,2025-11-05,status,Backlog,Triage
115642,2025-11-08,status,Triage,For Refinement
115642,2025-11-11,status,For Refinement,In Refinement
115642,2025-11-14,status,In Refinement,In Progress
115642,2025-11-17,status,In Progress,Done
123279,2025-09-24,status,Lista de desejos,Backlog
123279,2025-09-27,status,Backlog,Triage
123279,2025-10-01,status,Triage,For Refinement
123279,2025-10-05,status,For Refinement,In Refinement
123279,2025-10-09,status,In Refinement,In Progress
123279,2025-10-12,status,In Progress,Done
104611,2025-09-27,status,Lista de desejos,Backlog
104611,2025-09-30,status,Backlog,Triage
104611,2025-10-03,status,Triage,For Refinement
104611,2025-10-05,status,For Refinement,In Refinement
104611,2025-10-08,status,In Refinement,In Progress
104611,2025-10-11,status,In Progress,Done
123526,2025-10-05,status,Backlog,Triage
123526,2025-10-09,status,Triage,For Refinement
123526,2025-10-14,status,For Refinement,In Refinement
123526,2025-10-18,status,In Refinement,For Technical Analysis
123526,2025-10-23,status,For Technical Analysis,In Technical Analysis
123526,2025-10-28,status,In Technical Analysis,Ready for Development
123526,2025-11-01,status,Ready for Development,In Development
123526,2025-11-06,status,In Development,For Release
123526,2025-11-10,status,For Release,Waiting Information
116315,2025-06-21,status,Lista de desejos,Backlog
116315,2025-06-23,status,Backlog,Triage
116315,2025-06-24,status,Triage,For Refinement
116315,2025-06-26,status,For Refinement,In Refinement
116315,2025-06-27,status,In Refinement,In Progress
116315,2025-06-29,status,In Progress,Done
119447,2025-06-19,status,Lista de desejos,Backlog
119447,2025-06-22,status,Backlog,Triage
119447,2025-06-25,status,Triage,For Refinement
119447,2025-06-28,status,For Refinement,In Refinement
119447,2025-07-01,status,In Refinement,In Progress
119447,2025-07-04,status,In Progress,Done
113722,2025-06-11,status,Backlog,Triage
113722,2025-06-17,status,Triage,For Refinement
113722,2025-06-22,status,For Refinement,In Refinement
113722,2025-06-28,status,In Refinement,For Technical Analysis
121986,2025-10-15,status,Lista de desejos,Backlog
121986,2025-10-18,status,Backlog,Triage
121986,2025-10-21,status,Triage,For Refinement
121986,2025-10-24,status,For Refinement,In Refinement
121986,2025-10-27,status,In Refinement,In Progress
121986,2025-10-30,status,In Progress,Done
108708,2025-07-13,status,Lista de desejos,Backlog
108708,2025-07-16,status,Backlog,Triage
108708,2025-07-20,status,Triage,For Refinement
108708,2025-07-24,status,For Refinement,In Refinement
108708,2025-07-28,status,In Refinement,In Progress
108708,2025-07-31,status,In Progress,Done
113262,2025-06-05,status,Backlog,Triage
113262,2025-06-10,status,Triage,For Refinement
113262,2025-06-15,status,For Refinement,In Refinement
113262,2025-06-20,status,In Refinement,For Technical Analysis
113262,2025-06-25,status,For Technical Analysis,In Technical Analysis
113262,2025-06-30,status,In Technical Analysis,Ready for Development
111348,2025-06-20,status,Lista de desejos,Backlog
111348,2025-06-24,status,Backlog,Triage
111348,2025-06-28,status,Triage,For Refinement
111348,2025-07-02,status,For Refinement,In Refinement
111348,2025-07-06,status,In Refinement,In Progress
111348,2025-07-10,status,In Progress,Done
102527,2025-10-01,status,Backlog,Triage
117119,2025-06-19,status,Lista de desejos,Backlog
117119,2025-06-22,status,Backlog,Triage
117119,2025-06-25,status,Triage,For Refinement
117119,2025-06-28,status,For Refinement,In Refinement
117119,2025-07-01,status,In Refinement,In Progress
117119,2025-07-04,status,In Progress,Done
105106,2025-11-21,status,Backlog,Triage
105106,2025-11-23,status,Triage,For Refinement
105106,2025-11-25,status,For Refinement,In Refinement
105106,2025-11-27,status,In Refinement,For Technical Analysis
103826,2025-07-12,status,Backlog,Triage
103826,2025-07-15,status,Triage,For Refinement
103826,2025-07-19,status,For Refinement,In Refinement
103826,2025-07-22,status,In Refinement,For Technical Analysis
103826,2025-07-25,status,For Technical Analysis,In Technical Analysis
103826,2025-07-28,status,In Technical Analysis,Ready for Development
103826,2025-08-01,status,Ready for Development,In Development
103826,2025-08-04,status,In Development,For Release
106858,2025-06-30,status,Lista de desejos,Backlog
106858,2025-07-04,status,Backlog,Triage
106858,2025-07-09,status,Triage,For Refinement
106858,2025-07-14,status,For Refinement,In Refinement
106858,2025-07-18,status,In Refinement,In Progress
110424,2025-05-05,status,Lista de desejos,Backlog
110424,2025-05-08,status,Backlog,Triage
110424,2025-05-11,status,Triage,For Refinement
110424,2025-05-14,status,For Refinement,In Refinement
110424,2025-05-17,status,In Refinement,In Progress
110424,2025-05-20,status,In Progress,Done
117096,2025-05-27,status,Lista de desejos,Backlog
117096,2025-05-30,status,Backlog,Triage
117096,2025-06-02,status,Triage,For Refinement
117096,2025-06-06,status,For Refinement,In Refinement
117096,2025-06-09,status,In Refinement,In Progress
117096,2025-06-12,status,In Progress,Done
102229,2025-10-28,status,Lista de desejos,Backlog
102229,2025-10-31,status,Backlog,Triage
102229,2025-11-04,status,Triage,For Refinement
102229,2025-11-08,status,For Refinement,In Refinement
102229,2025-11-12,status,In Refinement,In Progress
102229,2025-11-15,status,In Progress,Done
114896,2025-10-04,status,Backlog,Triage
114896,2025-10-11,status,Triage,For Refinement
115454,2025-06-29,status,Lista de desejos,Backlog
115454,2025-07-03,status,Backlog,Triage
115454,2025-07-07,status,Triage,For Refinement
115454,2025-07-11,status,For Refinement,In Refinement
115454,2025-07-15,status,In Refinement,In Progress
115454,2025-07-19,status,In Progress,Done
107760,2025-09-28,status,Backlog,Triage
107760,2025-10-02,status,Triage,For Refinement
107760,2025-10-06,status,For Refinement,In Refinement
107760,2025-10-10,status,In Refinement,For Technical Analysis
107760,2025-10-15,status,For Technical Analysis,In Technical Analysis
107760,2025-10-19,status,In Technical Analysis,Ready for Development
107760,2025-10-23,status,Ready for Development,In Development
107760,2025-10-27,status,In Development,For Release
123792,2025-04-30,status,Backlog,Triage
123792,2025-05-06,status,Triage,For Refinement
123792,2025-05-13,status,For Refinement,In Refinement
123792,2025-05-20,status,In Refinement,For Technical Analysis
123792,2025-05-26,status,For Technical Analysis,In Technical Analysis
123792,2025-06-02,status,In Technical Analysis,Ready for Development
123792,2025-06-09,status,Ready for Development,In Development
123792,2025-06-15,status,In Development,For Release
112081,2025-12-01,status,Lista de desejos,Backlog
112081,2025-12-03,status,Backlog,Triage
112081,2025-12-05,status,Triage,For Refinement
112081,2025-12-08,status,For Refinement,In Refinement
112081,2025-12-10,status,In Refinement,In Progress
112081,2025-12-12,status,In Progress,Done
113323,2025-08-13,status,Lista de desejos,Backlog
113323,2025-08-15,status,Backlog,Triage
113323,2025-08-18,status,Triage,For Refinement
113323,2025-08-20,status,For Refinement,In Refinement
113323,2025-08-23,status,In Refinement,In Progress
113323,2025-08-25,status,In Progress,Done
113173,2025-05-05,status,Lista de desejos,Backlog
113173,2025-05-08,status,Backlog,Triage
113173,2025-05-10,status,Triage,For Refinement
113173,2025-05-13,status,For Refinement,In Refinement
113173,2025-05-15,status,In Refinement,In Progress
113173,2025-05-18,status,In Progress,Done
111439,2025-07-06,status,Lista de desejos,Backlog
111439,2025-07-09,status,Backlog,Triage
111439,2025-07-12,status,Triage,For Refinement
111439,2025-07-16,status,For Refinement,In Refinement
111439,2025-07-20,status,In Refinement,In Progress
111439,2025-07-23,status,In Progress,Done
111439,2025-07-26,status,Done,Canceled
108364,2025-08-04,status,Lista de desejos,Backlog
108364,2025-08-08,status,Backlog,Triage
108364,2025-08-11,status,Triage,For Refinement
108364,2025-08-15,status,For Refinement,In Refinement
108364,2025-08-18,status,In Refinement,In Progress
108364,2025-08-22,status,In Progress,Done
122723,2025-05-20,status,Backlog,Triage
122723,2025-05-28,status,Triage,For Refinement
122723,2025-06-05,status,For Refinement,In Refinement
122723,2025-06-13,status,In Refinement,For Technical Analysis
122723,2025-06-21,status,For Technical Analysis,In Technical Analysis
101036,2025-05-19,status,Lista de desejos,Backlog
101036,2025-05-22,status,Backlog,Triage
101036,2025-05-26,status,Triage,For Refinement
101036,2025-05-29,status,For Refinement,In Refinement
101036,2025-06-02,status,In Refinement,In Progress
101036,2025-06-05,status,In Progress,Done
102030,2025-12-02,status,Lista de desejos,Backlog
102030,2025-12-06,status,Backlog,Triage
102030,2025-12-09,status,Triage,For Refinement
102030,2025-12-13,status,For Refinement,In Refinement
102030,2025-12-16,status,In Refinement,In Progress
102030,2025-12-20,status,In Progress,Done
120211,2025-05-04,status,Lista de desejos,Backlog
120211,2025-05-06,status,Backlog,Triage
120211,2025-05-09,status,Triage,For Refinement
120211,2025-05-11,status,For Refinement,In Refinement
120211,2025-05-14,status,In Refinement,In Progress
120211,2025-05-16,status,In Progress,Done
118599,2025-06-30,status,Backlog,Triage
118599,2025-07-08,status,Triage,For Refinement
118599,2025-07-15,status,For Refinement,In Refinement
118599,2025-07-22,status,In Refinement,For Technical Analysis
118599,2025-07-29,status,For Technical Analysis,In Technical Analysis
118599,2025-08-06,status,In Technical Analysis,Ready for Development
113292,2025-07-21,status,Backlog,Triage
113292,2025-07-27,status,Triage,For Refinement
113292,2025-08-02,status,For Refinement,In Refinement
113292,2025-08-08,status,In Refinement,For Technical Analysis
100881,2025-03-04,status,Lista de desejos,Backlog
100881,2025-03-07,status,Backlog,Triage
100881,2025-03-09,status,Triage,For Refinement
100881,2025-03-11,status,For Refinement,In Refinement
100881,2025-03-13,status,In Refinement,In Progress
100881,2025-03-16,status,In Progress,Done
107859,2025-08-08,status,Lista de desejos,Backlog
107859,2025-08-11,status,Backlog,Triage
107859,2025-08-13,status,Triage,For Refinement
107859,2025-08-15,status,For Refinement,In Refinement
107859,2025-08-17,status,In Refinement,In Progress
107859,2025-08-20,status,In Progress,Done
118518,2025-06-13,status,Backlog,Triage
118518,2025-06-26,status,Triage,For Refinement
109189,2025-11-30,status,Backlog,Triage
109189,2025-12-12,status,Triage,For Refinement
102887,2025-10-18,status,Backlog,Triage
102887,2025-10-25,status,Triage,For Refinement
102887,2025-10-31,status,For Refinement,In Refinement
102887,2025-11-06,status,In Refinement,For Technical Analysis
102887,2025-11-13,status,For Technical Analysis,In Technical Analysis
122816,2025-05-23,status,Backlog,Triage
122816,2025-06-01,status,Triage,For Refinement
122816,2025-06-09,status,For Refinement,In Refinement
122816,2025-06-18,status,In Refinement,For Technical Analysis
122816,2025-06-27,status,For Technical Analysis,In Technical Analysis
123956,2025-03-09,status,Lista de desejos,Backlog
123956,2025-03-11,status,Backlog,Triage
123956,2025-03-14,status,Triage,For Refinement
123956,2025-03-16,status,For Refinement,In Refinement
123956,2025-03-19,status,In Refinement,In Progress
123956,2025-03-21,status,In Progress,Done
124799,2025-09-13,status,Lista de desejos,Backlog
124799,2025-09-15,status,Backlog,Triage
124799,2025-09-17,status,Triage,For Refinement
124799,2025-09-19,status,For Refinement,In Refinement
124799,2025-09-21,status,In Refinement,In Progress
124799,2025-09-23,status,In Progress,Done
105976,2025-05-28,status,Lista de desejos,Backlog
105976,2025-05-30,status,Backlog,Triage
105976,2025-05-31,status,Triage,For Refinement
105976,2025-06-02,status,For Refinement,In Refinement
105976,2025-06-03,status,In Refinement,In Progress
105976,2025-06-05,status,In Progress,Done
108454,2025-09-16,status,Lista de desejos,Backlog
108454,2025-09-22,status,Backlog,Triage
108454,2025-09-27,status,Triage,For Refinement
106107,2025-07-13,status,Lista de desejos,Backlog
106107,2025-07-16,status,Backlog,Triage
106107,2025-07-18,status,Triage,For Refinement
106107,2025-07-21,status,For Refinement,In Refinement
106107,2025-07-23,status,In Refinement,In Progress
106107,2025-07-26,status,In Progress,Done
118268,2025-07-10,status,Lista de desejos,Backlog
118268,2025-07-14,status,Backlog,Triage
118268,2025-07-18,status,Triage,For Refinement
118268,2025-07-21,status,For Refinement,In Refinement
118268,2025-07-25,status,In Refinement,In Progress
118268,2025-07-29,status,In Progress,Done
114039,2025-03-10,status,Lista de desejos,Backlog
114039,2025-03-13,status,Backlog,Triage
114039,2025-03-15,status,Triage,For Refinement
114039,2025-03-18,status,For Refinement,In Refinement
114039,2025-03-20,status,In Refinement,In Progress
114039,2025-03-23,status,In Progress,Done
111733,2025-01-16,status,Backlog,Triage
111733,2025-01-27,status,Triage,For Refinement
111733,2025-02-07,status,For Refinement,In Refinement
124581,2025-03-31,status,Lista de desejos,Backlog
124581,2025-04-03,status,Backlog,Triage
124581,2025-04-05,status,Triage,For Refinement
124581,2025-04-07,status,For Refinement,In Refinement
124581,2025-04-09,status,In Refinement,In Progress
124581,2025-04-12,status,In Progress,Done
122309,2025-03-02,status,Lista de desejos,Backlog
122309,2025-03-06,status,Backlog,Triage
122309,2025-03-09,status,Triage,For Refinement
122309,2025-03-13,status,For Refinement,In Refinement
122309,2025-03-16,status,In Refinement,In Progress
122309,2025-03-20,status,In Progress,Done
122987,2025-04-27,status,Backlog,Triage
122987,2025-05-05,status,Triage,For Refinement
122987,2025-05-13,status,For Refinement,In Refinement
122987,2025-05-21,status,In Refinement,For Technical Analysis
104034,2025-06-01,status,Backlog,Triage
104034,2025-06-13,status,Triage,For Refinement
104034,2025-06-25,status,For Refinement,In Refinement
104034,2025-07-07,status,In Refinement,For Technical Analysis
105375,2025-07-17,status,Backlog,Triage
105375,2025-07-24,status,Triage,For Refinement
105375,2025-07-31,status,For Refinement,In Refinement
105375,2025-08-08,status,In Refinement,For Technical Analysis
105375,2025-08-16,status,For Technical Analysis,In Technical Analysis
105375,2025-08-23,status,In Technical Analysis,Ready for Development
105375,2025-08-30,status,Ready for Development,In Development
112829,2025-09-06,status,Lista de desejos,Backlog
112829,2025-09-07,status,Backlog,Triage
112829,2025-09-09,status,Triage,For Refinement
112829,2025-09-11,status,For Refinement,In Refinement
112829,2025-09-13,status,In Refinement,In Progress
112829,2025-09-14,status,In Progress,Done
113884,2025-11-13,status,Backlog,Triage
113884,2025-12-02,status,Triage,For Refinement
123932,2025-05-01,status,Lista de desejos,Backlog
123932,2025-05-04,status,Backlog,Triage
123932,2025-05-07,status,Triage,For Refinement
123932,2025-05-09,status,For Refinement,In Refinement
123932,2025-05-12,status,In Refinement,In Progress
123932,2025-05-15,status,In Progress,Done
108671,2025-07-13,status,Backlog,Triage
108671,2025-07-17,status,Triage,For Refinement
108671,2025-07-20,status,For Refinement,In Refinement
108671,2025-07-23,status,In Refinement,For Technical Analysis
108671,2025-07-27,status,For Technical Analysis,In Technical Analysis
120942,2025-10-04,status,Backlog,Triage
120942,2025-10-22,status,Triage,For Refinement
115424,2025-07-26,status,Backlog,Triage
115424,2025-07-28,status,Triage,For Refinement
115424,2025-07-30,status,For Refinement,In Refinement
115424,2025-08-02,status,In Refinement,For Technical Analysis
115424,2025-08-04,status,For Technical Analysis,In Technical Analysis
115424,2025-08-06,status,In Technical Analysis,Ready for Development
103625,2025-01-31,status,Lista de desejos,Backlog
103625,2025-02-04,status,Backlog,Triage
103625,2025-02-07,status,Triage,For Refinement
103625,2025-02-11,status,For Refinement,In Refinement
103625,2025-02-14,status,In Refinement,In Progress
103625,2025-02-17,status,In Progress,Done
103625,2025-02-21,status,Done,Canceled
116235,2025-06-23,status,Lista de desejos,Backlog
116235,2025-06-26,status,Backlog,Triage
116235,2025-06-30,status,Triage,For Refinement
116235,2025-07-03,status,For Refinement,In Refinement
116235,2025-07-07,status,In Refinement,In Progress
116235,2025-07-10,status,In Progress,Done
109326,2025-08-25,status,Lista de desejos,Backlog
109326,2025-08-26,status,Backlog,Triage
109326,2025-08-28,status,Triage,For Refinement
109326,2025-08-29,status,For Refinement,In Refinement
109326,2025-08-31,status,In Refinement,In Progress
109326,2025-09-01,status,In Progress,Done
120831,2025-11-12,status,Lista de desejos,Backlog
120831,2025-11-14,status,Backlog,Triage
120831,2025-11-17,status,Triage,For Refinement
120831,2025-11-19,status,For Refinement,In Refinement
120831,2025-11-22,status,In Refinement,In Progress
120831,2025-11-24,status,In Progress,Done
121536,2025-12-19,status,Lista de desejos,Backlog
121536,2025-12-24,status,Backlog,Triage
121536,2025-12-28,status,Triage,For Refinement
121536,2026-01-01,status,For Refinement,In Refinement
121536,2026-01-05,status,In Refinement,In Progress
121536,2026-01-10,status,In Progress,Done
109688,2025-01-26,status,Backlog,Triage
109688,2025-01-28,status,Triage,For Refinement
109688,2025-01-31,status,For Refinement,In Refinement
109688,2025-02-02,status,In Refinement,For Technical Analysis
109688,2025-02-05,status,For Technical Analysis,In Technical Analysis
109688,2025-02-07,status,In Technical Analysis,Ready for Development
109688,2025-02-10,status,Ready for Development,In Development
109688,2025-02-12,status,In Development,For Release
109688,2025-02-15,status,For Release,Waiting Information
109688,2025-02-17,status,Waiting Information,Information Sent
108119,2025-07-20,status,Lista de desejos,Backlog
108119,2025-07-24,status,Backlog,Triage
108119,2025-07-28,status,Triage,For Refinement
108119,2025-07-31,status,For Refinement,In Refinement
108119,2025-08-04,status,In Refinement,In Progress
108119,2025-08-08,status,In Progress,Done
107054,2025-06-28,status,Backlog,Triage
107054,2025-07-02,status,Triage,For Refinement
107054,2025-07-05,status,For Refinement,In Refinement
107054,2025-07-09,status,In Refinement,For Technical Analysis
107054,2025-07-13,status,For Technical Analysis,In Technical Analysis
107054,2025-07-17,status,In Technical Analysis,Ready for Development
107054,2025-07-21,status,Ready for Development,In Development
107054,2025-07-25,status,In Development,For Release
107054,2025-07-28,status,For Release,Waiting Information
107054,2025-08-01,status,Waiting Information,Information Sent
123142,2025-08-10,status,Lista de desejos,Backlog
123142,2025-08-13,status,Backlog,Triage
123142,2025-08-17,status,Triage,For Refinement
123142,2025-08-20,status,For Refinement,In Refinement
123142,2025-08-24,status,In Refinement,In Progress
123142,2025-08-27,status,In Progress,Done
105087,2025-05-06,status,Backlog,Triage
105087,2025-05-14,status,Triage,For Refinement
105087,2025-05-21,status,For Refinement,In Refinement
105087,2025-05-29,status,In Refinement,For Technical Analysis
105087,2025-06-05,status,For Technical Analysis,In Technical Analysis
105087,2025-06-13,status,In Technical Analysis,Ready for Development
111049,2025-11-17,status,Lista de desejos,Backlog
111049,2025-11-20,status,Backlog,Triage
111049,2025-11-24,status,Triage,For Refinement
111049,2025-11-28,status,For Refinement,In Refinement
111049,2025-12-02,status,In Refinement,In Progress
111049,2025-12-05,status,In Progress,Done
117791,2025-06-29,status,Lista de desejos,Backlog
117791,2025-07-03,status,Backlog,Triage
117791,2025-07-07,status,Triage,For Refinement
117791,2025-07-12,status,For Refinement,In Refinement
117791,2025-07-16,status,In Refinement,In Progress
117791,2025-07-20,status,In Progress,Done
100450,2025-10-06,status,Backlog,Triage
100450,2025-10-12,status,Triage,For Refinement
100450,2025-10-19,status,For Refinement,In Refinement
100450,2025-10-25,status,In Refinement,For Technical Analysis
100450,2025-10-31,status,For Technical Analysis,In Technical Analysis
100450,2025-11-07,status,In Technical Analysis,Ready for Development
100450,2025-11-13,status,Ready for Development,In Development
116768,2025-07-09,status,Backlog,Triage
116768,2025-07-16,status,Triage,For Refinement
116768,2025-07-23,status,For Refinement,In Refinement
116768,2025-07-30,status,In Refinement,For Technical Analysis
116768,2025-08-06,status,For Technical Analysis,In Technical Analysis
116768,2025-08-13,status,In Technical Analysis,Ready for Development
122865,2025-04-03,status,Backlog,Triage
122865,2025-04-11,status,Triage,For Refinement
122865,2025-04-18,status,For Refinement,In Refinement
107002,2025-04-10,status,Lista de desejos,Backlog
107002,2025-04-12,status,Backlog,Triage
107002,2025-04-14,status,Triage,For Refinement
107002,2025-04-16,status,For Refinement,In Refinement
107002,2025-04-18,status,In Refinement,In Progress
107002,2025-04-20,status,In Progress,Done
107002,2025-04-22,status,Done,Canceled
122372,2025-08-06,status,Backlog,Triage
122372,2025-08-07,status,Triage,For Refinement
122372,2025-08-09,status,For Refinement,In Refinement
122372,2025-08-11,status,In Refinement,For Technical Analysis
122372,2025-08-12,status,For Technical Analysis,In Technical Analysis
122372,2025-08-14,status,In Technical Analysis,Ready for Development
122372,2025-08-16,status,Ready for Development,In Development
122372,2025-08-17,status,In Development,For Release
104171,2025-12-20,status,Lista de desejos,Backlog
104171,2025-12-24,status,Backlog,Triage
104171,2025-12-27,status,Triage,For Refinement
104171,2025-12-30,status,For Refinement,In Refinement
104171,2026-01-02,status,In Refinement,In Progress
104171,2026-01-06,status,In Progress,Done
106511,2025-07-18,status,Backlog,Triage
106511,2025-08-02,status,Triage,For Refinement
106511,2025-08-17,status,For Refinement,In Refinement
110745,2025-03-20,status,Lista de desejos,Backlog
110745,2025-03-22,status,Backlog,Triage
110745,2025-03-25,status,Triage,For Refinement
110745,2025-03-28,status,For Refinement,In Refinement
110745,2025-03-31,status,In Refinement,In Progress
110745,2025-04-02,status,In Progress,Done
100963,2025-06-24,status,Lista de desejos,Backlog
100963,2025-06-26,status,Backlog,Triage
100963,2025-06-28,status,Triage,For Refinement
100963,2025-07-01,status,For Refinement,In Refinement
100963,2025-07-03,status,In Refinement,In Progress
100963,2025-07-05,status,In Progress,Done
114519,2025-09-21,status,Backlog,Triage
114519,2025-09-24,status,Triage,For Refinement
114519,2025-09-26,status,For Refinement,In Refinement
114519,2025-09-29,status,In Refinement,For Technical Analysis
114519,2025-10-02,status,For Technical Analysis,In Technical Analysis
114519,2025-10-05,status,In Technical Analysis,Ready for Development
114519,2025-10-07,status,Ready for Development,In Development
114519,2025-10-10,status,In Development,For Release
124070,2025-12-26,status,Backlog,Triage
124070,2026-01-05,status,Triage,For Refinement
124070,2026-01-16,status,For Refinement,In Refinement
124070,2026-01-26,status,In Refinement,For Technical Analysis
115713,2025-03-30,status,Lista de desejos,Backlog
115713,2025-04-03,status,Backlog,Triage
115713,2025-04-07,status,Triage,For Refinement
115713,2025-04-10,status,For Refinement,In Refinement
115713,2025-04-14,status,In Refinement,In Progress
115713,2025-04-18,status,In Progress,Done
108449,2025-07-31,status,Lista de desejos,Backlog
108449,2025-08-04,status,Backlog,Triage
108449,2025-08-07,status,Triage,For Refinement
108449,2025-08-11,status,For Refinement,In Refinement
108449,2025-08-14,status,In Refinement,In Progress
108449,2025-08-17,status,In Progress,Done
108449,2025-08-21,status,Done,Canceled
106483,2025-09-04,status,Lista de desejos,Backlog
106483,2025-09-06,status,Backlog,Triage
106483,2025-09-08,status,Triage,For Refinement
106483,2025-09-09,status,For Refinement,In Refinement
106483,2025-09-11,status,In Refinement,In Progress
106483,2025-09-13,status,In Progress,Done
113017,2025-12-04,status,Lista de desejos,Backlog
113017,2025-12-07,status,Backlog,Triage
113017,2025-12-11,status,Triage,For Refinement
113017,2025-12-14,status,For Refinement,In Refinement
113017,2025-12-18,status,In Refinement,In Progress
113017,2025-12-21,status,In Progress,Done
119137,2025-06-11,status,Lista de desejos,Backlog
101362,2025-03-17,status,Lista de desejos,Backlog
101362,2025-03-18,status,Backlog,Triage
101362,2025-03-20,status,Triage,For Refinement
101362,2025-03-21,status,For Refinement,In Refinement
101362,2025-03-23,status,In Refinement,In Progress
101362,2025-03-24,status,In Progress,Done
107685,2025-06-23,status,Backlog,Triage
107685,2025-07-01,status,Triage,For Refinement
113710,2026-01-01,status,Lista de desejos,Backlog
113710,2026-01-03,status,Backlog,Triage
113710,2026-01-05,status,Triage,For Refinement
113710,2026-01-08,status,For Refinement,In Refinement
113710,2026-01-10,status,In Refinement,In Progress
113710,2026-01-12,status,In Progress,Done
109402,2025-04-12,status,Lista de desejos,Backlog
109402,2025-04-14,status,Backlog,Triage
109402,2025-04-17,status,Triage,For Refinement
109402,2025-04-19,status,For Refinement,In Refinement
109402,2025-04-22,status,In Refinement,In Progress
109402,2025-04-24,status,In Progress,Done
103577,2025-09-22,status,Lista de desejos,Backlog
103577,2025-09-25,status,Backlog,Triage
103577,2025-09-27,status,Triage,For Refinement
103577,2025-09-30,status,For Refinement,In Refinement
103577,2025-10-02,status,In Refinement,In Progress
103577,2025-10-05,status,In Progress,Done
118831,2025-02-03,status,Lista de desejos,Backlog
118831,2025-02-05,status,Backlog,Triage
118831,2025-02-07,status,Triage,For Refinement
118831,2025-02-09,status,For Refinement,In Refinement
118831,2025-02-12,status,In Refinement,In Progress
118831,2025-02-14,status,In Progress,Done
118831,2025-02-16,status,Done,Canceled
111792,2025-05-19,status,Lista de desejos,Backlog
111792,2025-05-22,status,Backlog,Triage
111792,2025-05-24,status,Triage,For Refinement
111792,2025-05-27,status,For Refinement,In Refinement
111792,2025-05-29,status,In Refinement,In Progress
111792,2025-06-01,status,In Progress,Done
110528,2025-05-16,status,Lista de desejos,Backlog
110528,2025-05-19,status,Backlog,Triage
110528,2025-05-23,status,Triage,For Refinement
110528,2025-05-27,status,For Refinement,In Refinement
110528,2025-05-31,status,In Refinement,In Progress
110528,2025-06-03,status,In Progress,Done
122205,2025-05-14,status,Lista de desejos,Backlog
122205,2025-05-17,status,Backlog,Triage
122205,2025-05-20,status,Triage,For Refinement
122205,2025-05-22,status,For Refinement,In Refinement
122205,2025-05-25,status,In Refinement,In Progress
122205,2025-05-28,status,In Progress,Done
122558,2025-08-30,status,Lista de desejos,Backlog
122558,2025-09-04,status,Backlog,Triage
122558,2025-09-08,status,Triage,For Refinement
122558,2025-09-12,status,For Refinement,In Refinement
122558,2025-09-16,status,In Refinement,In Progress
122558,2025-09-21,status,In Progress,Done
123710,2025-06-18,status,Lista de desejos,Backlog
123710,2025-06-19,status,Backlog,Triage
123710,2025-06-20,status,Triage,For Refinement
123710,2025-06-22,status,For Refinement,In Refinement
123710,2025-06-24,status,In Refinement,In Progress
123710,2025-06-25,status,In Progress,Done
123710,2025-06-26,status,Done,Canceled
119910,2025-04-08,status,Lista de desejos,Backlog
119910,2025-04-10,status,Backlog,Triage
119910,2025-04-12,status,Triage,For Refinement
119910,2025-04-14,status,For Refinement,In Refinement
119910,2025-04-16,status,In Refinement,In Progress
119910,2025-04-18,status,In Progress,Done
111728,2025-07-12,status,Backlog,Triage
117658,2025-09-09,status,Backlog,Triage
117658,2025-09-14,status,Triage,For Refinement
117658,2025-09-19,status,For Refinement,In Refinement
117658,2025-09-24,status,In Refinement,For Technical Analysis
111581,2025-09-28,status,Backlog,Triage
111581,2025-10-06,status,Triage,For Refinement
111581,2025-10-14,status,For Refinement,In Refinement
111581,2025-10-22,status,In Refinement,For Technical Analysis
102805,2025-04-14,status,Lista de desejos,Backlog
102805,2025-04-18,status,Backlog,Triage
102805,2025-04-22,status,Triage,For Refinement
102805,2025-04-27,status,For Refinement,In Refinement
102805,2025-05-01,status,In Refinement,In Progress
102805,2025-05-05,status,In Progress,Done
100432,2025-07-23,status,Lista de desejos,Backlog
100432,2025-07-28,status,Backlog,Triage
100432,2025-08-01,status,Triage,For Refinement
100432,2025-08-05,status,For Refinement,In Refinement
100432,2025-08-09,status,In Refinement,In Progress
100432,2025-08-14,status,In Progress,Done
113077,2025-04-29,status,Lista de desejos,Backlog
113077,2025-05-01,status,Backlog,Triage
113077,2025-05-04,status,Triage,For Refinement
113077,2025-05-06,status,For Refinement,In Refinement
113077,2025-05-09,status,In Refinement,In Progress
113077,2025-05-11,status,In Progress,Done
122648,2025-10-10,status,Lista de desejos,Backlog
122648,2025-10-13,status,Backlog,Triage
122648,2025-10-16,status,Triage,For Refinement
122648,2025-10-20,status,For Refinement,In Refinement
122648,2025-10-23,status,In Refinement,In Progress
122648,2025-10-26,status,In Progress,Done
107200,2025-06-03,status,Lista de desejos,Backlog
107200,2025-06-05,status,Backlog,Triage
107200,2025-06-07,status,Triage,For Refinement
107200,2025-06-09,status,For Refinement,In Refinement
107200,2025-06-11,status,In Refinement,In Progress
107200,2025-06-13,status,In Progress,Done
116254,2025-09-18,status,Backlog,Triage
116254,2025-10-05,status,Triage,For Refinement
120862,2025-05-28,status,Backlog,Triage
120862,2025-06-06,status,Triage,For Refinement
120862,2025-06-14,status,For Refinement,In Refinement
120862,2025-06-23,status,In Refinement,For Technical Analysis
120862,2025-07-01,status,For Technical Analysis,In Technical Analysis
120862,2025-07-10,status,In Technical Analysis,Ready for Development
104188,2025-04-17,status,Backlog,Triage
104188,2025-04-20,status,Triage,For Refinement
104188,2025-04-22,status,For Refinement,In Refinement
104188,2025-04-25,status,In Refinement,For Technical Analysis
101877,2025-09-22,status,Lista de desejos,Backlog
101877,2025-10-05,status,Backlog,Triage
110236,2025-01-20,status,Lista de desejos,Backlog
110236,2025-01-23,status,Backlog,Triage
110236,2025-01-27,status,Triage,For Refinement
110236,2025-01-30,status,For Refinement,In Refinement
110236,2025-02-03,status,In Refinement,In Progress
110236,2025-02-06,status,In Progress,Done
102496,2025-08-02,status,Lista de desejos,Backlog
102496,2025-08-04,status,Backlog,Triage
102496,2025-08-05,status,Triage,For Refinement
102496,2025-08-07,status,For Refinement,In Refinement
102496,2025-08-08,status,In Refinement,In Progress
102496,2025-08-10,status,In Progress,Done
109229,2025-06-03,status,Lista de desejos,Backlog
109229,2025-06-05,status,Backlog,Triage
109229,2025-06-08,status,Triage,For Refinement
109229,2025-06-11,status,For Refinement,In Refinement
109229,2025-06-14,status,In Refinement,In Progress
109229,2025-06-16,status,In Progress,Done
104656,2025-07-29,status,Lista de desejos,Backlog
104656,2025-08-02,status,Backlog,Triage
104656,2025-08-05,status,Triage,For Refinement
104656,2025-08-09,status,For Refinement,In Refinement
104656,2025-08-13,status,In Refinement,In Progress
104656,2025-08-16,status,In Progress,Done
104656,2025-08-20,status,Done,Canceled
119381,2025-04-06,status,Lista de desejos,Backlog
119381,2025-04-09,status,Backlog,Triage
119381,2025-04-11,status,Triage,For Refinement
119381,2025-04-14,status,For Refinement,In Refinement
119381,2025-04-16,status,In Refinement,In Progress
119381,2025-04-19,status,In Progress,Done
105127,2025-07-05,status,Backlog,Triage
105127,2025-07-11,status,Triage,For Refinement
105127,2025-07-17,status,For Refinement,In Refinement
105127,2025-07-23,status,In Refinement,For Technical Analysis
105127,2025-07-29,status,For Technical Analysis,In Technical Analysis
100608,2025-02-09,status,Lista de desejos,Backlog
100608,2025-02-12,status,Backlog,Triage
100608,2025-02-14,status,Triage,For Refinement
100608,2025-02-17,status,For Refinement,In Refinement
100608,2025-02-19,status,In Refinement,In Progress
100608,2025-02-22,status,In Progress,Done
105852,2025-07-02,status,Lista de desejos,Backlog
105852,2025-07-05,status,Backlog,Triage
105852,2025-07-08,status,Triage,For Refinement
105852,2025-07-10,status,For Refinement,In Refinement
105852,2025-07-13,status,In Refinement,In Progress
105852,2025-07-16,status,In Progress,Done
108863,2025-03-26,status,Backlog,Triage
108863,2025-04-11,status,Triage,For Refinement
122824,2025-08-28,status,Lista de desejos,Backlog
122824,2025-08-31,status,Backlog,Triage
122824,2025-09-02,status,Triage,For Refinement
122824,2025-09-05,status,For Refinement,In Refinement
122824,2025-09-07,status,In Refinement,In Progress
122824,2025-09-10,status,In Progress,Done
109793,2025-04-09,status,Backlog,Triage
109793,2025-04-13,status,Triage,For Refinement
109793,2025-04-18,status,For Refinement,In Refinement
109793,2025-04-22,status,In Refinement,For Technical Analysis
109793,2025-04-26,status,For Technical Analysis,In Technical Analysis
109793,2025-04-30,status,In Technical Analysis,Ready for Development
109793,2025-05-04,status,Ready for Development,In Development
109793,2025-05-08,status,In Development,For Release
109793,2025-05-13,status,For Release,Waiting Information
109793,2025-05-17,status,Waiting Information,Information Sent
124606,2025-10-13,status,Lista de desejos,Backlog
124606,2025-10-16,status,Backlog,Triage
124606,2025-10-19,status,Triage,For Refinement
124606,2025-10-21,status,For Refinement,In Refinement
124606,2025-10-24,status,In Refinement,In Progress
124606,2025-10-27,status,In Progress,Done
103172,2025-08-20,status,Lista de desejos,Backlog
103172,2025-08-23,status,Backlog,Triage
103172,2025-08-25,status,Triage,For Refinement
103172,2025-08-27,status,For Refinement,In Refinement
103172,2025-08-29,status,In Refinement,In Progress
103172,2025-09-01,status,In Progress,Done
116988,2025-08-20,status,Lista de desejos,Backlog
116988,2025-08-23,status,Backlog,Triage
116988,2025-08-25,status,Triage,For Refinement
116988,2025-08-28,status,For Refinement,In Refinement
116988,2025-08-30,status,In Refinement,In Progress
116988,2025-09-02,status,In Progress,Done
111735,2025-02-13,status,Lista de desejos,Backlog
111735,2025-02-16,status,Backlog,Triage
111735,2025-02-19,status,Triage,For Refinement
111735,2025-02-22,status,For Refinement,In Refinement
111735,2025-02-25,status,In Refinement,In Progress
111735,2025-02-28,status,In Progress,Done
107053,2025-06-29,status,Backlog,Triage
107053,2025-07-02,status,Triage,For Refinement
107053,2025-07-04,status,For Refinement,In Refinement
107053,2025-07-07,status,In Refinement,For Technical Analysis
107053,2025-07-09,status,For Technical Analysis,In Technical Analysis
107053,2025-07-12,status,In Technical Analysis,Ready for Development
107053,2025-07-14,status,Ready for Development,In Development
107053,2025-07-17,status,In Development,For Release
106041,2025-08-14,status,Lista de desejos,Backlog
106041,2025-08-16,status,Backlog,Triage
106041,2025-08-17,status,Triage,For Refinement
106041,2025-08-19,status,For Refinement,In Refinement
106041,2025-08-20,status,In Refinement,In Progress
106041,2025-08-22,status,In Progress,Done
100709,2025-08-14,status,Lista de desejos,Backlog
100709,2025-08-16,status,Backlog,Triage
100709,2025-08-18,status,Triage,For Refinement
100709,2025-08-19,status,For Refinement,In Refinement
100709,2025-08-21,status,In Refinement,In Progress
100709,2025-08-23,status,In Progress,Done
106998,2025-02-24,status,Lista de desejos,Backlog
106998,2025-02-28,status,Backlog,Triage
106998,2025-03-03,status,Triage,For Refinement
106998,2025-03-07,status,For Refinement,In Refinement
106998,2025-03-10,status,In Refinement,In Progress
106998,2025-03-14,status,In Progress,Done
114660,2025-09-01,status,Lista de desejos,Backlog
114660,2025-09-03,status,Backlog,Triage
114660,2025-09-05,status,Triage,For Refinement
114660,2025-09-07,status,For Refinement,In Refinement
114660,2025-09-08,status,In Refinement,In Progress
114660,2025-09-10,status,In Progress,Done
114660,2025-09-12,status,Done,Canceled
117138,2025-09-26,status,Backlog,Triage
117138,2025-10-15,status,Triage,For Refinement
106954,2025-05-14,status,Backlog,Triage
108531,2025-08-17,status,Lista de desejos,Backlog
108531,2025-08-21,status,Backlog,Triage
108531,2025-08-25,status,Triage,For Refinement
108531,2025-08-28,status,For Refinement,In Refinement
108531,2025-09-01,status,In Refinement,In Progress
108531,2025-09-05,status,In Progress,Done
116864,2025-11-04,status,Lista de desejos,Backlog
116864,2025-11-06,status,Backlog,Triage
116864,2025-11-07,status,Triage,For Refinement
116864,2025-11-09,status,For Refinement,In Refinement
116864,2025-11-10,status,In Refinement,In Progress
116864,2025-11-12,status,In Progress,Done
124875,2025-08-30,status,Backlog,Triage
124875,2025-09-03,status,Triage,For Refinement
124875,2025-09-08,status,For Refinement,In Refinement
124875,2025-09-12,status,In Refinement,For Technical Analysis
124875,2025-09-16,status,For Technical Analysis,In Technical Analysis
124875,2025-09-21,status,In Technical Analysis,Ready for Development
124875,2025-09-25,status,Ready for Development,In Development
118456,2025-06-08,status,Backlog,Triage
118456,2025-06-12,status,Triage,For Refinement
118456,2025-06-17,status,For Refinement,In Refinement
118456,2025-06-21,status,In Refinement,For Technical Analysis
118456,2025-06-26,status,For Technical Analysis,In Technical Analysis
118456,2025-06-30,status,In Technical Analysis,Ready for Development
118456,2025-07-05,status,Ready for Development,In Development
118456,2025-07-09,status,In Development,For Release
120045,2025-01-03,status,Lista de desejos,Backlog
120045,2025-01-05,status,Backlog,Triage
120045,2025-01-07,status,Triage,For Refinement
120045,2025-01-09,status,For Refinement,In Refinement
120045,2025-01-10,status,In Refinement,In Progress
120045,2025-01-12,status,In Progress,Done
120045,2025-01-14,status,Done,Canceled
121433,2025-04-18,status,Lista de desejos,Backlog
121433,2025-04-21,status,Backlog,Triage
121433,2025-04-24,status,Triage,For Refinement
121433,2025-04-26,status,For Refinement,In Refinement
121433,2025-04-28,status,In Refinement,In Progress
121433,2025-05-01,status,In Progress,Done
121433,2025-05-04,status,Done,Canceled
112468,2025-08-21,status,Backlog,Triage
113073,2025-05-03,status,Backlog,Triage
113073,2025-05-06,status,Triage,For Refinement
113073,2025-05-08,status,For Refinement,In Refinement
113073,2025-05-11,status,In Refinement,For Technical Analysis
113073,2025-05-14,status,For Technical Analysis,In Technical Analysis
113073,2025-05-17,status,In Technical Analysis,Ready for Development
113073,2025-05-19,status,Ready for Development,In Development
113073,2025-05-22,status,In Development,For Release
109794,2025-12-15,status,Lista de desejos,Backlog
109794,2025-12-17,status,Backlog,Triage
109794,2025-12-19,status,Triage,For Refinement
109794,2025-12-20,status,For Refinement,In Refinement
109794,2025-12-22,status,In Refinement,In Progress
109794,2025-12-24,status,In Progress,Done
111990,2025-04-26,status,Lista de desejos,Backlog
111990,2025-04-29,status,Backlog,Triage
111990,2025-05-02,status,Triage,For Refinement
111990,2025-05-05,status,For Refinement,In Refinement
111990,2025-05-08,status,In Refinement,In Progress
111990,2025-05-11,status,In Progress,Done
118851,2025-12-04,status,Lista de desejos,Backlog
118851,2025-12-07,status,Backlog,Triage
118851,2025-12-09,status,Triage,For Refinement
118851,2025-12-11,status,For Refinement,In Refinement
118851,2025-12-13,status,In Refinement,In Progress
118851,2025-12-16,status,In Progress,Done
101609,2025-06-28,status,Lista de desejos,Backlog
101609,2025-07-01,status,Backlog,Triage
101609,2025-07-05,status,Triage,For Refinement
101609,2025-07-08,status,For Refinement,In Refinement
101609,2025-07-12,status,In Refinement,In Progress
101609,2025-07-15,status,In Progress,Done
103450,2025-07-14,status,Lista de desejos,Backlog
103450,2025-07-18,status,Backlog,Triage
103450,2025-07-22,status,Triage,For Refinement
103450,2025-07-26,status,For Refinement,In Refinement
103450,2025-07-30,status,In Refinement,In Progress
103450,2025-08-03,status,In Progress,Done
113957,2025-06-22,status,Lista de desejos,Backlog
113957,2025-06-23,status,Backlog,Triage
113957,2025-06-25,status,Triage,For Refinement
113957,2025-06-27,status,For Refinement,In Refinement
113957,2025-06-29,status,In Refinement,In Progress
113957,2025-06-30,status,In Progress,Done
110834,2025-09-14,status,Backlog,Triage
111002,2025-05-02,status,Lista de desejos,Backlog
111002,2025-05-03,status,Backlog,Triage
111002,2025-05-05,status,Triage,For Refinement
111002,2025-05-07,status,For Refinement,In Refinement
111002,2025-05-09,status,In Refinement,In Progress
111002,2025-05-10,status,In Progress,Done
111572,2025-07-05,status,Lista de desejos,Backlog
111572,2025-07-08,status,Backlog,Triage
111572,2025-07-11,status,Triage,For Refinement
111572,2025-07-13,status,For Refinement,In Refinement
111572,2025-07-15,status,In Refinement,In Progress
111572,2025-07-18,status,In Progress,Done
111572,2025-07-21,status,Done,Canceled
123855,2025-07-08,status,Lista de desejos,Backlog
123855,2025-07-11,status,Backlog,Triage
123855,2025-07-15,status,Triage,For Refinement
123855,2025-07-19,status,For Refinement,In Refinement
123855,2025-07-23,status,In Refinement,In Progress
123855,2025-07-26,status,In Progress,Done
116638,2025-01-30,status,Lista de desejos,Backlog
116638,2025-02-01,status,Backlog,Triage
116638,2025-02-02,status,Triage,For Refinement
116638,2025-02-04,status,For Refinement,In Refinement
116638,2025-02-05,status,In Refinement,In Progress
116638,2025-02-07,status,In Progress,Done
102201,2025-03-30,status,Lista de desejos,Backlog
102201,2025-04-01,status,Backlog,Triage
102201,2025-04-04,status,Triage,For Refinement
102201,2025-04-06,status,For Refinement,In Refinement
102201,2025-04-09,status,In Refinement,In Progress
102201,2025-04-11,status,In Progress,Done
104012,2025-09-10,status,Backlog,Triage
104012,2025-09-12,status,Triage,For Refinement
104012,2025-09-13,status,For Refinement,In Refinement
104012,2025-09-15,status,In Refinement,For Technical Analysis
104012,2025-09-16,status,For Technical Analysis,In Technical Analysis
104012,2025-09-18,status,In Technical Analysis,Ready for Development
109115,2025-09-11,status,Lista de desejos,Backlog
109115,2025-09-14,status,Backlog,Triage
109115,2025-09-17,status,Triage,For Refinement
109115,2025-09-19,status,For Refinement,In Refinement
109115,2025-09-21,status,In Refinement,In Progress
109115,2025-09-24,status,In Progress,Done
109115,2025-09-27,status,Done,Canceled
112548,2025-04-26,status,Lista de desejos,Backlog
112548,2025-04-28,status,Backlog,Triage
112548,2025-05-01,status,Triage,For Refinement
112548,2025-05-03,status,For Refinement,In Refinement
112548,2025-05-06,status,In Refinement,In Progress
112548,2025-05-08,status,In Progress,Done
110030,2025-03-04,status,Backlog,Triage
110030,2025-03-11,status,Triage,For Refinement
110030,2025-03-17,status,For Refinement,In Refinement
110030,2025-03-24,status,In Refinement,For Technical Analysis
110030,2025-03-30,status,For Technical Analysis,In Technical Analysis
110030,2025-04-06,status,In Technical Analysis,Ready for Development
110030,2025-04-12,status,Ready for Development,In Development
110030,2025-04-19,status,In Development,For Release
105107,2025-08-03,status,Lista de desejos,Backlog
105107,2025-08-05,status,Backlog,Triage
105107,2025-08-07,status,Triage,For Refinement
105107,2025-08-10,status,For Refinement,In Refinement
105107,2025-08-12,status,In Refinement,In Progress
105107,2025-08-14,status,In Progress,Done
106412,2025-03-02,status,Lista de desejos,Backlog
106412,2025-03-04,status,Backlog,Triage
106412,2025-03-07,status,Triage,For Refinement
106412,2025-03-10,status,For Refinement,In Refinement
106412,2025-03-13,status,In Refinement,In Progress
106412,2025-03-15,status,In Progress,Done
110042,2025-06-09,status,Lista de desejos,Backlog
110042,2025-06-10,status,Backlog,Triage
110042,2025-06-12,status,Triage,For Refinement
110042,2025-06-13,status,For Refinement,In Refinement
110042,2025-06-15,status,In Refinement,In Progress
110042,2025-06-16,status,In Progress,Done
117403,2025-03-11,status,Backlog,Triage
117403,2025-03-20,status,Triage,For Refinement
117403,2025-03-28,status,For Refinement,In Refinement
117403,2025-04-06,status,In Refinement,For Technical Analysis
117403,2025-04-14,status,For Technical Analysis,In Technical Analysis
117403,2025-04-23,status,In Technical Analysis,Ready for Development
104867,2025-09-15,status,Backlog,Triage
104867,2025-09-21,status,Triage,For Refinement
108306,2025-10-04,status,Lista de desejos,Backlog
108306,2025-10-06,status,Backlog,Triage
108306,2025-10-07,status,Triage,For Refinement
108306,2025-10-09,status,For Refinement,In Refinement
108306,2025-10-10,status,In Refinement,In Progress
108306,2025-10-12,status,In Progress,Done
123788,2025-10-13,status,Lista de desejos,Backlog
123788,2025-10-15,status,Backlog,Triage
123788,2025-10-16,status,Triage,For Refinement
123788,2025-10-18,status,For Refinement,In Refinement
123788,2025-10-19,status,In Refinement,In Progress
123788,2025-10-21,status,In Progress,Done
123802,2025-02-28,status,Backlog,Triage
123802,2025-03-19,status,Triage,For Refinement
102367,2025-03-05,status,Lista de desejos,Backlog
102367,2025-03-06,status,Backlog,Triage
102367,2025-03-08,status,Triage,For Refinement
102367,2025-03-10,status,For Refinement,In Refinement
102367,2025-03-12,status,In Refinement,In Progress
102367,2025-03-13,status,In Progress,Done
120239,2025-06-05,status,Backlog,Triage
120239,2025-06-11,status,Triage,For Refinement
120239,2025-06-16,status,For Refinement,In Refinement
120239,2025-06-21,status,In Refinement,For Technical Analysis
120239,2025-06-26,status,For Technical Analysis,In Technical Analysis
120239,2025-07-02,status,In Technical Analysis,Ready for Development
104576,2025-05-03,status,Lista de desejos,Backlog
104576,2025-05-05,status,Backlog,Triage
104576,2025-05-08,status,Triage,For Refinement
104576,2025-05-11,status,For Refinement,In Refinement
104576,2025-05-14,status,In Refinement,In Progress
104576,2025-05-16,status,In Progress,Done
111767,2025-06-13,status,Backlog,Triage
111767,2025-06-16,status,Triage,For Refinement
111767,2025-06-19,status,For Refinement,In Refinement
111767,2025-06-22,status,In Refinement,For Technical Analysis
111767,2025-06-25,status,For Technical Analysis,In Technical Analysis
111767,2025-06-28,status,In Technical Analysis,Ready for Development
111767,2025-07-01,status,Ready for Development,In Development
123832,2025-10-19,status,Lista de desejos,Backlog
123832,2025-10-22,status,Backlog,Triage
123832,2025-10-25,status,Triage,For Refinement
123832,2025-10-28,status,For Refinement,In Refinement
123832,2025-10-30,status,In Refinement,In Progress
123832,2025-11-02,status,In Progress,Done
123832,2025-11-05,status,Done,Canceled
108427,2025-05-12,status,Backlog,Triage
108427,2025-05-14,status,Triage,For Refinement
108427,2025-05-16,status,For Refinement,In Refinement
108427,2025-05-18,status,In Refinement,For Technical Analysis
108427,2025-05-20,status,For Technical Analysis,In Technical Analysis
108427,2025-05-21,status,In Technical Analysis,Ready for Development
108427,2025-05-23,status,Ready for Development,In Development
108427,2025-05-25,status,In Development,For Release
108427,2025-05-27,status,For Release,Waiting Information
108427,2025-05-29,status,Waiting Information,Information Sent
109694,2025-04-28,status,Lista de desejos,Backlog
109694,2025-05-01,status,Backlog,Triage
109694,2025-05-05,status,Triage,For Refinement
109694,2025-05-08,status,For Refinement,In Refinement
109694,2025-05-12,status,In Refinement,In Progress
109694,2025-05-15,status,In Progress,Done
113739,2025-08-05,status,Backlog,Triage
112350,2025-01-20,status,Lista de desejos,Backlog
112350,2025-01-23,status,Backlog,Triage
112350,2025-01-25,status,Triage,For Refinement
112350,2025-01-28,status,For Refinement,In Refinement
112350,2025-01-30,status,In Refinement,In Progress
112350,2025-02-02,status,In Progress,Done
103620,2025-03-05,status,Backlog,Triage
103620,2025-03-11,status,Triage,For Refinement
103620,2025-03-16,status,For Refinement,In Refinement
103620,2025-03-22,status,In Refinement,For Technical Analysis
103620,2025-03-27,status,For Technical Analysis,In Technical Analysis
103620,2025-04-01,status,In Technical Analysis,Ready for Development
103620,2025-04-07,status,Ready for Development,In Development
104446,2025-10-16,status,Lista de desejos,Backlog
104446,2025-10-20,status,Backlog,Triage
104446,2025-10-24,status,Triage,For Refinement
104446,2025-10-27,status,For Refinement,In Refinement
104446,2025-10-31,status,In Refinement,In Progress
104446,2025-11-04,status,In Progress,Done
124389,2025-11-01,status,Backlog,Triage
124389,2025-11-04,status,Triage,For Refinement
124389,2025-11-08,status,For Refinement,In Refinement
124389,2025-11-11,status,In Refinement,For Technical Analysis
124389,2025-11-15,status,For Technical Analysis,In Technical Analysis
124389,2025-11-18,status,In Technical Analysis,Ready for Development
124389,2025-11-22,status,Ready for Development,In Development
124389,2025-11-25,status,In Development,For Release
124389,2025-11-29,status,For Release,Waiting Information
124389,2025-12-02,status,Waiting Information,Information Sent
103541,2025-05-17,status,Backlog,Triage
103541,2025-05-19,status,Triage,For Refinement
103541,2025-05-20,status,For Refinement,In Refinement
103541,2025-05-22,status,In Refinement,For Technical Analysis
103541,2025-05-23,status,For Technical Analysis,In Technical Analysis
103541,2025-05-25,status,In Technical Analysis,Ready for Development
103541,2025-05-26,status,Ready for Development,In Development
103541,2025-05-28,status,In Development,For Release
117790,2025-09-10,status,Backlog,Triage
117790,2025-09-17,status,Triage,For Refinement
117790,2025-09-23,status,For Refinement,In Refinement
117790,2025-09-30,status,In Refinement,For Technical Analysis
117790,2025-10-06,status,For Technical Analysis,In Technical Analysis
117790,2025-10-13,status,In Technical Analysis,Ready for Development
118087,2025-10-28,status,Lista de desejos,Backlog
118087,2025-10-29,status,Backlog,Triage
118087,2025-10-31,status,Triage,For Refinement
118087,2025-11-01,status,For Refinement,In Refinement
118087,2025-11-03,status,In Refinement,In Progress
118087,2025-11-04,status,In Progress,Done
103082,2025-04-12,status,Lista de desejos,Backlog
103082,2025-04-17,status,Backlog,Triage
103082,2025-04-21,status,Triage,For Refinement
103082,2025-04-25,status,For Refinement,In Refinement
103082,2025-04-29,status,In Refinement,In Progress
103082,2025-05-04,status,In Progress,Done
116925,2025-06-06,status,Lista de desejos,Backlog
116925,2025-06-08,status,Backlog,Triage
116925,2025-06-10,status,Triage,For Refinement
116925,2025-06-13,status,For Refinement,In Refinement
116925,2025-06-15,status,In Refinement,In Progress
116925,2025-06-17,status,In Progress,Done
116026,2025-06-20,status,Backlog,Triage
101535,2025-12-22,status,Lista de desejos,Backlog
101535,2025-12-26,status,Backlog,Triage
101535,2025-12-30,status,Triage,For Refinement
101535,2026-01-03,status,For Refinement,In Refinement
101535,2026-01-07,status,In Refinement,In Progress
101535,2026-01-11,status,In Progress,Done
105096,2025-05-28,status,Lista de desejos,Backlog
105096,2025-06-02,status,Backlog,Triage
105096,2025-06-06,status,Triage,For Refinement
105096,2025-06-10,status,For Refinement,In Refinement
105096,2025-06-14,status,In Refinement,In Progress
105096,2025-06-19,status,In Progress,Done
104072,2025-03-06,status,Lista de desejos,Backlog
104072,2025-03-09,status,Backlog,Triage
104072,2025-03-13,status,Triage,For Refinement
104072,2025-03-17,status,For Refinement,In Refinement
104072,2025-03-21,status,In Refinement,In Progress
104072,2025-03-24,status,In Progress,Done
111332,2025-04-05,status,Lista de desejos,Backlog
111332,2025-04-08,status,Backlog,Triage
111332,2025-04-11,status,Triage,For Refinement
111332,2025-04-15,status,For Refinement,In Refinement
111332,2025-04-18,status,In Refinement,In Progress
111332,2025-04-21,status,In Progress,Done
100944,2025-05-18,status,Backlog,Triage
100944,2025-05-21,status,Triage,For Refinement
100944,2025-05-23,status,For Refinement,In Refinement
100944,2025-05-26,status,In Refinement,For Technical Analysis
100944,2025-05-28,status,For Technical Analysis,In Technical Analysis
100944,2025-05-31,status,In Technical Analysis,Ready for Development
119931,2025-07-19,status,Lista de desejos,Backlog
119931,2025-07-21,status,Backlog,Triage
119931,2025-07-24,status,Triage,For Refinement
119931,2025-07-27,status,For Refinement,In Refinement
119931,2025-07-30,status,In Refinement,In Progress
119931,2025-08-01,status,In Progress,Done
124289,2025-07-05,status,Backlog,Triage
124289,2025-07-15,status,Triage,For Refinement
124289,2025-07-24,status,For Refinement,In Refinement
113965,2025-08-19,status,Backlog,Triage
113965,2025-08-21,status,Triage,For Refinement
113965,2025-08-24,status,For Refinement,In Refinement
113965,2025-08-26,status,In Refinement,For Technical Analysis
113965,2025-08-29,status,For Technical Analysis,In Technical Analysis
113965,2025-08-31,status,In Technical Analysis,Ready for Development
113250,2025-04-02,status,Lista de desejos,Backlog
113250,2025-04-05,status,Backlog,Triage
113250,2025-04-07,status,Triage,For Refinement
113250,2025-04-09,status,For Refinement,In Refinement
113250,2025-04-11,status,In Refinement,In Progress
113250,2025-04-14,status,In Progress,Done
118695,2025-04-02,status,Lista de desejos,Backlog
118695,2025-04-06,status,Backlog,Triage
118695,2025-04-10,status,Triage,For Refinement
118695,2025-04-15,status,For Refinement,In Refinement
118695,2025-04-19,status,In Refinement,In Progress
118695,2025-04-23,status,In Progress,Done
108088,2025-06-20,status,Backlog,Triage
108088,2025-06-25,status,Triage,For Refinement
108088,2025-06-30,status,For Refinement,In Refinement
108088,2025-07-05,status,In Refinement,For Technical Analysis
108088,2025-07-09,status,For Technical Analysis,In Technical Analysis
108088,2025-07-14,status,In Technical Analysis,Ready for Development
108088,2025-07-19,status,Ready for Development,In Development
111790,2025-03-29,status,Lista de desejos,Backlog
111790,2025-04-01,status,Backlog,Triage
111790,2025-04-04,status,Triage,For Refinement
111790,2025-04-07,status,For Refinement,In Refinement
111790,2025-04-10,status,In Refinement,In Progress
111790,2025-04-13,status,In Progress,Done
102250,2025-05-18,status,Lista de desejos,Backlog
102250,2025-05-22,status,Backlog,Triage
102250,2025-05-26,status,Triage,For Refinement
102250,2025-05-30,status,For Refinement,In Refinement
102250,2025-06-03,status,In Refinement,In Progress
102250,2025-06-07,status,In Progress,Done
106077,2025-06-26,status,Lista de desejos,Backlog
106077,2025-06-29,status,Backlog,Triage
106077,2025-07-02,status,Triage,For Refinement
106077,2025-07-06,status,For Refinement,In Refinement
106077,2025-07-09,status,In Refinement,In Progress
106077,2025-07-12,status,In Progress,Done
115040,2025-06-03,status,Backlog,Triage
115040,2025-06-11,status,Triage,For Refinement
115040,2025-06-18,status,For Refinement,In Refinement
115040,2025-06-26,status,In Refinement,For Technical Analysis
115040,2025-07-03,status,For Technical Analysis,In Technical Analysis
115040,2025-07-11,status,In Technical Analysis,Ready for Development
103579,2025-10-15,status,Lista de desejos,Backlog
103579,2025-10-17,status,Backlog,Triage
103579,2025-10-20,status,Triage,For Refinement
103579,2025-10-22,status,For Refinement,In Refinement
103579,2025-10-25,status,In Refinement,In Progress
103579,2025-10-27,status,In Progress,Done
123534,2025-09-28,status,Backlog,Triage
123534,2025-10-09,status,Triage,For Refinement
123534,2025-10-19,status,For Refinement,In Refinement
122972,2025-06-27,status,Lista de desejos,Backlog
122972,2025-07-01,status,Backlog,Triage
122972,2025-07-05,status,Triage,For Refinement
122972,2025-07-09,status,For Refinement,In Refinement
122972,2025-07-13,status,In Refinement,In Progress
122972,2025-07-17,status,In Progress,Done
113160,2025-07-14,status,Backlog,Triage
113160,2025-07-23,status,Triage,For Refinement
113160,2025-08-01,status,For Refinement,In Refinement
113160,2025-08-10,status,In Refinement,For Technical Analysis
109740,2025-10-31,status,Lista de desejos,Backlog
109740,2025-11-01,status,Backlog,Triage
109740,2025-11-03,status,Triage,For Refinement
109740,2025-11-04,status,For Refinement,In Refinement
109740,2025-11-06,status,In Refinement,In Progress
109740,2025-11-07,status,In Progress,Done
119873,2025-06-18,status,Lista de desejos,Backlog
119873,2025-06-22,status,Backlog,Triage
119873,2025-06-26,status,Triage,For Refinement
119873,2025-06-29,status,For Refinement,In Refinement
119873,2025-07-03,status,In Refinement,In Progress
119873,2025-07-07,status,In Progress,Done
124898,2025-05-04,status,Lista de desejos,Backlog
124898,2025-05-05,status,Backlog,Triage
124898,2025-05-07,status,Triage,For Refinement
124898,2025-05-08,status,For Refinement,In Refinement
124898,2025-05-10,status,In Refinement,In Progress
124898,2025-05-11,status,In Progress,Done
107844,2025-07-28,status,Backlog,Triage
107844,2025-08-03,status,Triage,For Refinement
107844,2025-08-09,status,For Refinement,In Refinement
107844,2025-08-15,status,In Refinement,For Technical Analysis
107844,2025-08-21,status,For Technical Analysis,In Technical Analysis
107844,2025-08-27,status,In Technical Analysis,Ready for Development
107844,2025-09-02,status,Ready for Development,In Development
116883,2025-06-14,status,Lista de desejos,Backlog
116883,2025-06-17,status,Backlog,Triage
116883,2025-06-21,status,Triage,For Refinement
116883,2025-06-24,status,For Refinement,In Refinement
116883,2025-06-28,status,In Refinement,In Progress
116883,2025-07-02,status,In Progress,Done
116883,2025-07-05,status,Done,Canceled
113751,2025-07-03,status,Backlog,Triage
113751,2025-07-12,status,Triage,For Refinement
113751,2025-07-20,status,For Refinement,In Refinement
113751,2025-07-28,status,In Refinement,For Technical Analysis
113751,2025-08-05,status,For Technical Analysis,In Technical Analysis
113751,2025-08-14,status,In Technical Analysis,Ready for Development
114856,2025-08-23,status,Backlog,Triage
105712,2025-08-23,status,Lista de desejos,Backlog
105712,2025-08-25,status,Backlog,Triage
105712,2025-08-27,status,Triage,For Refinement
105712,2025-08-29,status,For Refinement,In Refinement
105712,2025-08-31,status,In Refinement,In Progress
105712,2025-09-02,status,In Progress,Done
104385,2025-03-28,status,Backlog,Triage
104385,2025-04-14,status,Triage,For Refinement
123842,2025-02-22,status,Lista de desejos,Backlog
123842,2025-02-24,status,Backlog,Triage
123842,2025-02-25,status,Triage,For Refinement
123842,2025-02-27,status,For Refinement,In Refinement
123842,2025-02-28,status,In Refinement,In Progress
123842,2025-03-02,status,In Progress,Done
104810,2025-03-29,status,Lista de desejos,Backlog
104810,2025-04-01,status,Backlog,Triage
104810,2025-04-05,status,Triage,For Refinement
104810,2025-04-09,status,For Refinement,In Refinement
104810,2025-04-13,status,In Refinement,In Progress
104810,2025-04-16,status,In Progress,Done
113357,2025-07-03,status,Backlog,Triage
113357,2025-07-17,status,Triage,For Refinement
113357,2025-07-31,status,For Refinement,In Refinement
102095,2025-05-20,status,Lista de desejos,Backlog
102095,2025-05-22,status,Backlog,Triage
102095,2025-05-25,status,Triage,For Refinement
102095,2025-05-28,status,For Refinement,In Refinement
102095,2025-05-31,status,In Refinement,In Progress
102095,2025-06-02,status,In Progress,Done
109610,2025-07-07,status,Backlog,Triage
109610,2025-07-14,status,Triage,For Refinement
109610,2025-07-21,status,For Refinement,In Refinement
109610,2025-07-28,status,In Refinement,For Technical Analysis
109610,2025-08-04,status,For Technical Analysis,In Technical Analysis
113369,2025-05-19,status,Lista de desejos,Backlog
113369,2025-05-22,status,Backlog,Triage
113369,2025-05-25,status,Triage,For Refinement
113369,2025-05-27,status,For Refinement,In Refinement
113369,2025-05-30,status,In Refinement,In Progress
113369,2025-06-02,status,In Progress,Done
124740,2025-04-05,status,Lista de desejos,Backlog
124740,2025-04-08,status,Backlog,Triage
124740,2025-04-12,status,Triage,For Refinement
124740,2025-04-15,status,For Refinement,In Refinement
124740,2025-04-19,status,In Refinement,In Progress
124740,2025-04-22,status,In Progress,Done
100178,2025-03-06,status,Lista de desejos,Backlog
100178,2025-03-07,status,Backlog,Triage
100178,2025-03-09,status,Triage,For Refinement
100178,2025-03-10,status,For Refinement,In Refinement
100178,2025-03-12,status,In Refinement,In Progress
100178,2025-03-13,status,In Progress,Done
107103,2025-03-05,status,Lista de desejos,Backlog
107103,2025-03-09,status,Backlog,Triage
107103,2025-03-12,status,Triage,For Refinement
107103,2025-03-15,status,For Refinement,In Refinement
107103,2025-03-18,status,In Refinement,In Progress
107103,2025-03-22,status,In Progress,Done
124916,2025-04-11,status,Lista de desejos,Backlog
124916,2025-04-15,status,Backlog,Triage
124916,2025-04-18,status,Triage,For Refinement
124916,2025-04-22,status,For Refinement,In Refinement
124916,2025-04-25,status,In Refinement,In Progress
124916,2025-04-29,status,In Progress,Done
124286,2025-05-27,status,Backlog,Triage
105319,2026-01-11,status,Backlog,Triage
119631,2025-06-23,status,Lista de desejos,Backlog
119631,2025-06-24,status,Backlog,Triage
119631,2025-06-26,status,Triage,For Refinement
119631,2025-06-27,status,For Refinement,In Refinement
119631,2025-06-29,status,In Refinement,In Progress
119631,2025-07-01,status,In Progress,Done
119631,2025-07-02,status,Done,Canceled
107142,2025-03-07,status,Lista de desejos,Backlog
107142,2025-03-10,status,Backlog,Triage
107142,2025-03-14,status,Triage,For Refinement
107142,2025-03-17,status,For Refinement,In Refinement
107142,2025-03-21,status,In Refinement,In Progress
107142,2025-03-24,status,In Progress,Done
109235,2025-06-24,status,Backlog,Triage
109235,2025-06-27,status,Triage,For Refinement
109235,2025-06-30,status,For Refinement,In Refinement
109235,2025-07-02,status,In Refinement,For Technical Analysis
109235,2025-07-04,status,For Technical Analysis,In Technical Analysis
109235,2025-07-07,status,In Technical Analysis,Ready for Development
109235,2025-07-10,status,Ready for Development,In Development
124160,2025-03-27,status,Backlog,Triage
124160,2025-04-03,status,Triage,For Refinement
124160,2025-04-10,status,For Refinement,In Refinement
124160,2025-04-17,status,In Refinement,For Technical Analysis
124160,2025-04-25,status,For Technical Analysis,In Technical Analysis
124160,2025-05-02,status,In Technical Analysis,Ready for Development
124160,2025-05-09,status,Ready for Development,In Development
110093,2025-05-22,status,Backlog,Triage
110093,2025-05-28,status,Triage,For Refinement
110093,2025-06-04,status,For Refinement,In Refinement
110093,2025-06-11,status,In Refinement,For Technical Analysis
110093,2025-06-17,status,For Technical Analysis,In Technical Analysis
101754,2025-06-13,status,Lista de desejos,Backlog
101754,2025-06-16,status,Backlog,Triage
101754,2025-06-19,status,Triage,For Refinement
101754,2025-06-22,status,For Refinement,In Refinement
101754,2025-06-26,status,In Refinement,In Progress
101754,2025-06-29,status,In Progress,Done
101754,2025-07-02,status,Done,Canceled
107188,2025-07-27,status,Lista de desejos,Backlog
107188,2025-07-30,status,Backlog,Triage
107188,2025-08-03,status,Triage,For Refinement
107188,2025-08-07,status,For Refinement,In Refinement
107188,2025-08-11,status,In Refinement,In Progress
107188,2025-08-14,status,In Progress,Done
115977,2025-06-03,status,Lista de desejos,Backlog
115977,2025-06-06,status,Backlog,Triage
115977,2025-06-09,status,Triage,For Refinement
115977,2025-06-12,status,For Refinement,In Refinement
115977,2025-06-16,status,In Refinement,In Progress
115977,2025-06-19,status,In Progress,Done
115977,2025-06-22,status,Done,Canceled
123422,2025-09-25,status,Lista de desejos,Backlog
123422,2025-09-27,status,Backlog,Triage
123422,2025-09-29,status,Triage,For Refinement
123422,2025-09-30,status,For Refinement,In Refinement
123422,2025-10-02,status,In Refinement,In Progress
123422,2025-10-04,status,In Progress,Done
103910,2025-07-19,status,Backlog,Triage
103910,2025-07-28,status,Triage,For Refinement
103910,2025-08-06,status,For Refinement,In Refinement
105372,2025-11-08,status,Lista de desejos,Backlog
105372,2025-11-12,status,Backlog,Triage
105372,2025-11-15,status,Triage,For Refinement
105372,2025-11-19,status,For Refinement,In Refinement
105372,2025-11-23,status,In Refinement,In Progress
105372,2025-11-26,status,In Progress,Done
105372,2025-11-30,status,Done,Canceled
109613,2025-03-14,status,Backlog,Triage
109613,2025-03-22,status,Triage,For Refinement
124564,2025-12-26,status,Backlog,Triage
124564,2026-01-01,status,Triage,For Refinement
124564,2026-01-06,status,For Refinement,In Refinement
124564,2026-01-11,status,In Refinement,For Technical Analysis
124564,2026-01-16,status,For Technical Analysis,In Technical Analysis
124564,2026-01-22,status,In Technical Analysis,Ready for Development
124564,2026-01-27,status,Ready for Development,In Development
124564,2026-02-01,status,In Development,For Release
124564,2026-02-06,status,For Release,Waiting Information
124564,2026-02-12,status,Waiting Information,Information Sent
112344,2025-08-01,status,Backlog,Triage
112344,2025-08-06,status,Triage,For Refinement
112344,2025-08-11,status,For Refinement,In Refinement
112344,2025-08-16,status,In Refinement,For Technical Analysis
122801,2025-07-16,status,Lista de desejos,Backlog
122801,2025-07-18,status,Backlog,Triage
122801,2025-07-20,status,Triage,For Refinement
122801,2025-07-21,status,For Refinement,In Refinement
122801,2025-07-23,status,In Refinement,In Progress
122801,2025-07-25,status,In Progress,Done
113808,2025-09-16,status,Lista de desejos,Backlog
113808,2025-09-20,status,Backlog,Triage
113808,2025-09-23,status,Triage,For Refinement
113808,2025-09-27,status,For Refinement,In Refinement
113808,2025-09-30,status,In Refinement,In Progress
113808,2025-10-04,status,In Progress,Done
120676,2025-09-01,status,Lista de desejos,Backlog
120676,2025-09-05,status,Backlog,Triage
120676,2025-09-08,status,Triage,For Refinement
120676,2025-09-11,status,For Refinement,In Refinement
120676,2025-09-14,status,In Refinement,In Progress
120676,2025-09-18,status,In Progress,Done
108960,2025-04-20,status,Lista de desejos,Backlog
108960,2025-04-23,status,Backlog,Triage
108960,2025-04-25,status,Triage,For Refinement
108960,2025-04-28,status,For Refinement,In Refinement
108960,2025-04-30,status,In Refinement,In Progress
108960,2025-05-03,status,In Progress,Done
114847,2025-09-22,status,Lista de desejos,Backlog
114847,2025-09-26,status,Backlog,Triage
114847,2025-09-29,status,Triage,For Refinement
114847,2025-10-03,status,For Refinement,In Refinement
114847,2025-10-06,status,In Refinement,In Progress
114847,2025-10-10,status,In Progress,Done
124836,2025-09-01,status,Backlog,Triage
124836,2025-09-03,status,Triage,For Refinement
124836,2025-09-06,status,For Refinement,In Refinement
124836,2025-09-09,status,In Refinement,For Technical Analysis
124836,2025-09-12,status,For Technical Analysis,In Technical Analysis
124836,2025-09-14,status,In Technical Analysis,Ready for Development
124836,2025-09-17,status,Ready for Development,In Development
124836,2025-09-20,status,In Development,For Release
124836,2025-09-22,status,For Release,Waiting Information
116589,2025-06-17,status,Lista de desejos,Backlog
116589,2025-06-20,status,Backlog,Triage
116589,2025-06-23,status,Triage,For Refinement
116589,2025-06-27,status,For Refinement,In Refinement
116589,2025-06-30,status,In Refinement,In Progress
116589,2025-07-03,status,In Progress,Done
106723,2025-09-02,status,Backlog,Triage
106723,2025-09-21,status,Triage,For Refinement
110981,2025-03-02,status,Lista de desejos,Backlog
110981,2025-03-21,status,Backlog,Triage
117601,2025-07-05,status,Lista de desejos,Backlog
117601,2025-07-08,status,Backlog,Triage
117601,2025-07-10,status,Triage,For Refinement
117601,2025-07-13,status,For Refinement,In Refinement
117601,2025-07-15,status,In Refinement,In Progress
117601,2025-07-17,status,In Progress,Done
117601,2025-07-20,status,Done,Canceled
108200,2025-05-30,status,Backlog,Triage
112066,2025-07-28,status,Lista de desejos,Backlog
112066,2025-07-29,status,Backlog,Triage
112066,2025-07-31,status,Triage,For Refinement
112066,2025-08-01,status,For Refinement,In Refinement
112066,2025-08-03,status,In Refinement,In Progress
112066,2025-08-04,status,In Progress,Done
116525,2025-11-27,status,Lista de desejos,Backlog
116525,2025-12-01,status,Backlog,Triage
116525,2025-12-04,status,Triage,For Refinement
116525,2025-12-08,status,For Refinement,In Refinement
116525,2025-12-11,status,In Refinement,In Progress
116525,2025-12-15,status,In Progress,Done
113078,2025-06-08,status,Backlog,Triage
113078,2025-06-21,status,Triage,For Refinement
102387,2025-09-05,status,Lista de desejos,Backlog
102387,2025-09-09,status,Backlog,Triage
102387,2025-09-12,status,Triage,For Refinement
102387,2025-09-16,status,For Refinement,In Refinement
102387,2025-09-19,status,In Refinement,In Progress
102387,2025-09-23,status,In Progress,Done
105884,2025-01-31,status,Lista de desejos,Backlog
105884,2025-02-02,status,Backlog,Triage
105884,2025-02-05,status,Triage,For Refinement
105884,2025-02-08,status,For Refinement,In Refinement
105884,2025-02-11,status,In Refinement,In Progress
105884,2025-02-13,status,In Progress,Done
102839,2025-04-28,status,Lista de desejos,Backlog
102839,2025-05-07,status,Backlog,Triage
102839,2025-05-15,status,Triage,For Refinement
102839,2025-05-23,status,For Refinement,In Refinement
102839,2025-06-01,status,In Refinement,In Progress
112547,2025-10-28,status,Backlog,Triage
112547,2025-11-02,status,Triage,For Refinement
112547,2025-11-07,status,For Refinement,In Refinement
112547,2025-11-12,status,In Refinement,For Technical Analysis
123871,2025-05-07,status,Lista de desejos,Backlog
123871,2025-05-10,status,Backlog,Triage
123871,2025-05-13,status,Triage,For Refinement
123871,2025-05-15,status,For Refinement,In Refinement
123871,2025-05-18,status,In Refinement,In Progress
123871,2025-05-21,status,In Progress,Done
121434,2025-11-16,status,Lista de desejos,Backlog
121434,2025-11-20,status,Backlog,Triage
121434,2025-11-23,status,Triage,For Refinement
121434,2025-11-26,status,For Refinement,In Refinement
121434,2025-11-29,status,In Refinement,In Progress
121434,2025-12-03,status,In Progress,Done
114494,2025-08-10,status,Lista de desejos,Backlog
114494,2025-08-15,status,Backlog,Triage
114494,2025-08-19,status,Triage,For Refinement
114494,2025-08-23,status,For Refinement,In Refinement
114494,2025-08-27,status,In Refinement,In Progress
114494,2025-09-01,status,In Progress,Done
116982,2025-05-13,status,Lista de desejos,Backlog
116982,2025-05-16,status,Backlog,Triage
116982,2025-05-20,status,Triage,For Refinement
116982,2025-05-23,status,For Refinement,In Refinement
116982,2025-05-27,status,In Refinement,In Progress
116982,2025-05-30,status,In Progress,Done
116201,2025-03-09,status,Lista de desejos,Backlog
116201,2025-03-12,status,Backlog,Triage
116201,2025-03-16,status,Triage,For Refinement
116201,2025-03-19,status,For Refinement,In Refinement
116201,2025-03-23,status,In Refinement,In Progress
116201,2025-03-26,status,In Progress,Done
